0 verbose cli /usr/bin/node /usr/bin/npm
1 info using npm@9.2.0
2 info using node@v18.19.1
3 timing npm:load:whichnode Completed in 0ms
4 timing config:load:defaults Completed in 1ms
5 timing config:load:file:/usr/share/nodejs/npm/npmrc Completed in 2ms
6 timing config:load:builtin Completed in 2ms
7 timing config:load:cli Completed in 2ms
8 timing config:load:env Completed in 0ms
9 timing config:load:file:/home/krzysztofg/workspace/my-postgraduate-studies/2.06.WebApplProgramming2/Lab04/enroller-fullstack/src/main/frontend/.npmrc Completed in 1ms
10 timing config:load:project Completed in 2ms
11 timing config:load:file:/home/krzysztofg/.npmrc Completed in 0ms
12 timing config:load:user Completed in 0ms
13 timing config:load:file:/etc/npmrc Completed in 0ms
14 timing config:load:global Completed in 0ms
15 timing config:load:setEnvs Completed in 1ms
16 timing config:load Completed in 8ms
17 timing npm:load:configload Completed in 8ms
18 timing npm:load:mkdirpcache Completed in 0ms
19 timing npm:load:mkdirplogs Completed in 0ms
20 verbose title npm install
21 verbose argv "install" "--cache" "../npm-cache"
22 timing npm:load:setTitle Completed in 1ms
23 timing config:load:flatten Completed in 3ms
24 timing npm:load:display Completed in 3ms
25 verbose logfile logs-max:10 dir:/home/krzysztofg/workspace/my-postgraduate-studies/2.06.WebApplProgramming2/Lab04/enroller-fullstack/src/main/npm-cache/_logs/2026-05-16T13_24_39_722Z-
26 verbose logfile /home/krzysztofg/workspace/my-postgraduate-studies/2.06.WebApplProgramming2/Lab04/enroller-fullstack/src/main/npm-cache/_logs/2026-05-16T13_24_39_722Z-debug-0.log
27 timing npm:load:logFile Completed in 6ms
28 timing npm:load:timers Completed in 0ms
29 timing npm:load:configScope Completed in 0ms
30 timing npm:load Completed in 18ms
31 silly logfile done cleaning log files
32 timing config:load:flatten Completed in 0ms
33 timing arborist:ctor Completed in 1ms
34 timing idealTree:init Completed in 676ms
35 timing idealTree:userRequests Completed in 0ms
36 silly idealTree buildDeps
37 timing idealTree:#root Completed in 0ms
38 timing idealTree:buildDeps Completed in 1ms
39 timing idealTree:fixDepFlags Completed in 0ms
40 timing idealTree Completed in 687ms
41 timing reify:loadTrees Completed in 699ms
42 timing reify:diffTrees Completed in 13ms
43 silly reify moves {}
44 timing reify:retireShallow Completed in 2ms
45 timing reify:createSparse Completed in 67ms
46 timing reify:loadBundles Completed in 0ms
47 silly audit bulk request {
47 silly audit   '@adobe/css-tools': [ '4.4.2' ],
47 silly audit   '@alloc/quick-lru': [ '5.2.0' ],
47 silly audit   '@ampproject/remapping': [ '2.3.0' ],
47 silly audit   '@babel/code-frame': [ '7.27.1' ],
47 silly audit   '@babel/compat-data': [ '7.27.2' ],
47 silly audit   '@babel/core': [ '7.27.1' ],
47 silly audit   semver: [ '6.3.1', '7.7.1' ],
47 silly audit   '@babel/eslint-parser': [ '7.27.1' ],
47 silly audit   'eslint-visitor-keys': [ '2.1.0', '3.4.3' ],
47 silly audit   '@babel/generator': [ '7.27.1' ],
47 silly audit   '@babel/helper-annotate-as-pure': [ '7.27.1' ],
47 silly audit   '@babel/helper-compilation-targets': [ '7.27.2' ],
47 silly audit   '@babel/helper-create-class-features-plugin': [ '7.27.1' ],
47 silly audit   '@babel/helper-create-regexp-features-plugin': [ '7.27.1' ],
47 silly audit   '@babel/helper-define-polyfill-provider': [ '0.6.4' ],
47 silly audit   '@babel/helper-member-expression-to-functions': [ '7.27.1' ],
47 silly audit   '@babel/helper-module-imports': [ '7.27.1' ],
47 silly audit   '@babel/helper-module-transforms': [ '7.27.1' ],
47 silly audit   '@babel/helper-optimise-call-expression': [ '7.27.1' ],
47 silly audit   '@babel/helper-plugin-utils': [ '7.27.1' ],
47 silly audit   '@babel/helper-remap-async-to-generator': [ '7.27.1' ],
47 silly audit   '@babel/helper-replace-supers': [ '7.27.1' ],
47 silly audit   '@babel/helper-skip-transparent-expression-wrappers': [ '7.27.1' ],
47 silly audit   '@babel/helper-string-parser': [ '7.27.1' ],
47 silly audit   '@babel/helper-validator-identifier': [ '7.27.1' ],
47 silly audit   '@babel/helper-validator-option': [ '7.27.1' ],
47 silly audit   '@babel/helper-wrap-function': [ '7.27.1' ],
47 silly audit   '@babel/helpers': [ '7.27.1' ],
47 silly audit   '@babel/parser': [ '7.27.2' ],
47 silly audit   '@babel/plugin-bugfix-firefox-class-in-computed-class-key': [ '7.27.1' ],
47 silly audit   '@babel/plugin-bugfix-safari-class-field-initializer-scope': [ '7.27.1' ],
47 silly audit   '@babel/plugin-bugfix-safari-id-destructuring-collision-in-function-expression': [ '7.27.1' ],
47 silly audit   '@babel/plugin-bugfix-v8-spread-parameters-in-optional-chaining': [ '7.27.1' ],
47 silly audit   '@babel/plugin-bugfix-v8-static-class-fields-redefine-readonly': [ '7.27.1' ],
47 silly audit   '@babel/plugin-proposal-class-properties': [ '7.18.6' ],
47 silly audit   '@babel/plugin-proposal-decorators': [ '7.27.1' ],
47 silly audit   '@babel/plugin-proposal-nullish-coalescing-operator': [ '7.18.6' ],
47 silly audit   '@babel/plugin-proposal-numeric-separator': [ '7.18.6' ],
47 silly audit   '@babel/plugin-proposal-optional-chaining': [ '7.21.0' ],
47 silly audit   '@babel/plugin-proposal-private-methods': [ '7.18.6' ],
47 silly audit   '@babel/plugin-proposal-private-property-in-object': [ '7.21.0-placeholder-for-preset-env.2', '7.21.11' ],
47 silly audit   '@babel/plugin-syntax-async-generators': [ '7.8.4' ],
47 silly audit   '@babel/plugin-syntax-bigint': [ '7.8.3' ],
47 silly audit   '@babel/plugin-syntax-class-properties': [ '7.12.13' ],
47 silly audit   '@babel/plugin-syntax-class-static-block': [ '7.14.5' ],
47 silly audit   '@babel/plugin-syntax-decorators': [ '7.27.1' ],
47 silly audit   '@babel/plugin-syntax-flow': [ '7.27.1' ],
47 silly audit   '@babel/plugin-syntax-import-assertions': [ '7.27.1' ],
47 silly audit   '@babel/plugin-syntax-import-attributes': [ '7.27.1' ],
47 silly audit   '@babel/plugin-syntax-import-meta': [ '7.10.4' ],
47 silly audit   '@babel/plugin-syntax-json-strings': [ '7.8.3' ],
47 silly audit   '@babel/plugin-syntax-jsx': [ '7.27.1' ],
47 silly audit   '@babel/plugin-syntax-logical-assignment-operators': [ '7.10.4' ],
47 silly audit   '@babel/plugin-syntax-nullish-coalescing-operator': [ '7.8.3' ],
47 silly audit   '@babel/plugin-syntax-numeric-separator': [ '7.10.4' ],
47 silly audit   '@babel/plugin-syntax-object-rest-spread': [ '7.8.3' ],
47 silly audit   '@babel/plugin-syntax-optional-catch-binding': [ '7.8.3' ],
47 silly audit   '@babel/plugin-syntax-optional-chaining': [ '7.8.3' ],
47 silly audit   '@babel/plugin-syntax-private-property-in-object': [ '7.14.5' ],
47 silly audit   '@babel/plugin-syntax-top-level-await': [ '7.14.5' ],
47 silly audit   '@babel/plugin-syntax-typescript': [ '7.27.1' ],
47 silly audit   '@babel/plugin-syntax-unicode-sets-regex': [ '7.18.6' ],
47 silly audit   '@babel/plugin-transform-arrow-functions': [ '7.27.1' ],
47 silly audit   '@babel/plugin-transform-async-generator-functions': [ '7.27.1' ],
47 silly audit   '@babel/plugin-transform-async-to-generator': [ '7.27.1' ],
47 silly audit   '@babel/plugin-transform-block-scoped-functions': [ '7.27.1' ],
47 silly audit   '@babel/plugin-transform-block-scoping': [ '7.27.1' ],
47 silly audit   '@babel/plugin-transform-class-properties': [ '7.27.1' ],
47 silly audit   '@babel/plugin-transform-class-static-block': [ '7.27.1' ],
47 silly audit   '@babel/plugin-transform-classes': [ '7.27.1' ],
47 silly audit   '@babel/plugin-transform-computed-properties': [ '7.27.1' ],
47 silly audit   '@babel/plugin-transform-destructuring': [ '7.27.1' ],
47 silly audit   '@babel/plugin-transform-dotall-regex': [ '7.27.1' ],
47 silly audit   '@babel/plugin-transform-duplicate-keys': [ '7.27.1' ],
47 silly audit   '@babel/plugin-transform-duplicate-named-capturing-groups-regex': [ '7.27.1' ],
47 silly audit   '@babel/plugin-transform-dynamic-import': [ '7.27.1' ],
47 silly audit   '@babel/plugin-transform-exponentiation-operator': [ '7.27.1' ],
47 silly audit   '@babel/plugin-transform-export-namespace-from': [ '7.27.1' ],
47 silly audit   '@babel/plugin-transform-flow-strip-types': [ '7.27.1' ],
47 silly audit   '@babel/plugin-transform-for-of': [ '7.27.1' ],
47 silly audit   '@babel/plugin-transform-function-name': [ '7.27.1' ],
47 silly audit   '@babel/plugin-transform-json-strings': [ '7.27.1' ],
47 silly audit   '@babel/plugin-transform-literals': [ '7.27.1' ],
47 silly audit   '@babel/plugin-transform-logical-assignment-operators': [ '7.27.1' ],
47 silly audit   '@babel/plugin-transform-member-expression-literals': [ '7.27.1' ],
47 silly audit   '@babel/plugin-transform-modules-amd': [ '7.27.1' ],
47 silly audit   '@babel/plugin-transform-modules-commonjs': [ '7.27.1' ],
47 silly audit   '@babel/plugin-transform-modules-systemjs': [ '7.27.1' ],
47 silly audit   '@babel/plugin-transform-modules-umd': [ '7.27.1' ],
47 silly audit   '@babel/plugin-transform-named-capturing-groups-regex': [ '7.27.1' ],
47 silly audit   '@babel/plugin-transform-new-target': [ '7.27.1' ],
47 silly audit   '@babel/plugin-transform-nullish-coalescing-operator': [ '7.27.1' ],
47 silly audit   '@babel/plugin-transform-numeric-separator': [ '7.27.1' ],
47 silly audit   '@babel/plugin-transform-object-rest-spread': [ '7.27.2' ],
47 silly audit   '@babel/plugin-transform-object-super': [ '7.27.1' ],
47 silly audit   '@babel/plugin-transform-optional-catch-binding': [ '7.27.1' ],
47 silly audit   '@babel/plugin-transform-optional-chaining': [ '7.27.1' ],
47 silly audit   '@babel/plugin-transform-parameters': [ '7.27.1' ],
47 silly audit   '@babel/plugin-transform-private-methods': [ '7.27.1' ],
47 silly audit   '@babel/plugin-transform-private-property-in-object': [ '7.27.1' ],
47 silly audit   '@babel/plugin-transform-property-literals': [ '7.27.1' ],
47 silly audit   '@babel/plugin-transform-react-constant-elements': [ '7.27.1' ],
47 silly audit   '@babel/plugin-transform-react-display-name': [ '7.27.1' ],
47 silly audit   '@babel/plugin-transform-react-jsx': [ '7.27.1' ],
47 silly audit   '@babel/plugin-transform-react-jsx-development': [ '7.27.1' ],
47 silly audit   '@babel/plugin-transform-react-pure-annotations': [ '7.27.1' ],
47 silly audit   '@babel/plugin-transform-regenerator': [ '7.27.1' ],
47 silly audit   '@babel/plugin-transform-regexp-modifiers': [ '7.27.1' ],
47 silly audit   '@babel/plugin-transform-reserved-words': [ '7.27.1' ],
47 silly audit   '@babel/plugin-transform-runtime': [ '7.27.1' ],
47 silly audit   '@babel/plugin-transform-shorthand-properties': [ '7.27.1' ],
47 silly audit   '@babel/plugin-transform-spread': [ '7.27.1' ],
47 silly audit   '@babel/plugin-transform-sticky-regex': [ '7.27.1' ],
47 silly audit   '@babel/plugin-transform-template-literals': [ '7.27.1' ],
47 silly audit   '@babel/plugin-transform-typeof-symbol': [ '7.27.1' ],
47 silly audit   '@babel/plugin-transform-typescript': [ '7.27.1' ],
47 silly audit   '@babel/plugin-transform-unicode-escapes': [ '7.27.1' ],
47 silly audit   '@babel/plugin-transform-unicode-property-regex': [ '7.27.1' ],
47 silly audit   '@babel/plugin-transform-unicode-regex': [ '7.27.1' ],
47 silly audit   '@babel/plugin-transform-unicode-sets-regex': [ '7.27.1' ],
47 silly audit   '@babel/preset-env': [ '7.27.2' ],
47 silly audit   '@babel/preset-modules': [ '0.1.6-no-external-plugins' ],
47 silly audit   '@babel/preset-react': [ '7.27.1' ],
47 silly audit   '@babel/preset-typescript': [ '7.27.1' ],
47 silly audit   '@babel/runtime': [ '7.27.1' ],
47 silly audit   '@babel/template': [ '7.27.2' ],
47 silly audit   '@babel/traverse': [ '7.27.1' ],
47 silly audit   '@babel/types': [ '7.27.1' ],
47 silly audit   '@bcoe/v8-coverage': [ '0.2.3' ],
47 silly audit   '@csstools/normalize.css': [ '12.1.1' ],
47 silly audit   '@csstools/postcss-cascade-layers': [ '1.1.1' ],
47 silly audit   '@csstools/postcss-color-function': [ '1.1.1' ],
47 silly audit   '@csstools/postcss-font-format-keywords': [ '1.0.1' ],
47 silly audit   '@csstools/postcss-hwb-function': [ '1.0.2' ],
47 silly audit   '@csstools/postcss-ic-unit': [ '1.0.1' ],
47 silly audit   '@csstools/postcss-is-pseudo-class': [ '2.0.7' ],
47 silly audit   '@csstools/postcss-nested-calc': [ '1.0.0' ],
47 silly audit   '@csstools/postcss-normalize-display-values': [ '1.0.1' ],
47 silly audit   '@csstools/postcss-oklab-function': [ '1.1.1' ],
47 silly audit   '@csstools/postcss-progressive-custom-properties': [ '1.3.0' ],
47 silly audit   '@csstools/postcss-stepped-value-functions': [ '1.0.1' ],
47 silly audit   '@csstools/postcss-text-decoration-shorthand': [ '1.0.0' ],
47 silly audit   '@csstools/postcss-trigonometric-functions': [ '1.0.2' ],
47 silly audit   '@csstools/postcss-unset-value': [ '1.0.2' ],
47 silly audit   '@csstools/selector-specificity': [ '2.2.0' ],
47 silly audit   '@eslint-community/eslint-utils': [ '4.7.0' ],
47 silly audit   '@eslint-community/regexpp': [ '4.12.1' ],
47 silly audit   '@eslint/eslintrc': [ '2.1.4' ],
47 silly audit   argparse: [ '2.0.1', '1.0.10' ],
47 silly audit   globals: [ '13.24.0', '11.12.0' ],
47 silly audit   'js-yaml': [ '4.1.0', '3.14.1' ],
47 silly audit   'type-fest': [ '0.20.2', '0.16.0', '0.21.3' ],
47 silly audit   '@eslint/js': [ '8.57.1' ],
47 silly audit   '@humanwhocodes/config-array': [ '0.13.0' ],
47 silly audit   '@humanwhocodes/module-importer': [ '1.0.1' ],
47 silly audit   '@humanwhocodes/object-schema': [ '2.0.3' ],
47 silly audit   '@isaacs/cliui': [ '8.0.2' ],
47 silly audit   'ansi-regex': [ '6.1.0', '5.0.1' ],
47 silly audit   'ansi-styles': [ '6.2.1', '4.3.0', '3.2.1', '5.2.0' ],
47 silly audit   'string-width': [ '5.1.2', '4.2.3' ],
47 silly audit   'strip-ansi': [ '7.1.0', '6.0.1' ],
47 silly audit   'wrap-ansi': [ '8.1.0', '7.0.0' ],
47 silly audit   '@istanbuljs/load-nyc-config': [ '1.1.0' ],
47 silly audit   camelcase: [ '5.3.1', '6.3.0' ],
47 silly audit   '@istanbuljs/schema': [ '0.1.3' ],
47 silly audit   '@jest/console': [ '27.5.1', '28.1.3' ],
47 silly audit   '@jest/core': [ '27.5.1' ],
47 silly audit   '@jest/environment': [ '27.5.1' ],
47 silly audit   '@jest/fake-timers': [ '27.5.1' ],
47 silly audit   '@jest/globals': [ '27.5.1' ],
47 silly audit   '@jest/reporters': [ '27.5.1' ],
47 silly audit   'source-map': [ '0.6.1', '0.7.4', '0.8.0-beta.0' ],
47 silly audit   '@jest/schemas': [ '28.1.3' ],
47 silly audit   '@jest/source-map': [ '27.5.1' ],
47 silly audit   '@jest/test-result': [ '27.5.1', '28.1.3' ],
47 silly audit   '@jest/test-sequencer': [ '27.5.1' ],
47 silly audit   '@jest/transform': [ '27.5.1' ],
47 silly audit   'convert-source-map': [ '1.9.0', '2.0.0' ],
47 silly audit   '@jest/types': [ '27.5.1', '28.1.3' ],
47 silly audit   '@jridgewell/gen-mapping': [ '0.3.8' ],
47 silly audit   '@jridgewell/resolve-uri': [ '3.1.2' ],
47 silly audit   '@jridgewell/set-array': [ '1.2.1' ],
47 silly audit   '@jridgewell/source-map': [ '0.3.6' ],
47 silly audit   '@jridgewell/sourcemap-codec': [ '1.5.0' ],
47 silly audit   '@jridgewell/trace-mapping': [ '0.3.25' ],
47 silly audit   '@leichtgewicht/ip-codec': [ '2.0.5' ],
47 silly audit   '@nicolo-ribaudo/eslint-scope-5-internals': [ '5.1.1-v1' ],
47 silly audit   'eslint-scope': [ '5.1.1', '7.2.2' ],
47 silly audit   estraverse: [ '4.3.0', '5.3.0' ],
47 silly audit   '@nodelib/fs.scandir': [ '2.1.5' ],
47 silly audit   '@nodelib/fs.stat': [ '2.0.5' ],
47 silly audit   '@nodelib/fs.walk': [ '1.2.8' ],
47 silly audit   '@pkgjs/parseargs': [ '0.11.0' ],
47 silly audit   '@pmmmwh/react-refresh-webpack-plugin': [ '0.5.16' ],
47 silly audit   '@rollup/plugin-babel': [ '5.3.1' ],
47 silly audit   '@rollup/plugin-node-resolve': [ '11.2.1' ],
47 silly audit   '@rollup/plugin-replace': [ '2.4.2' ],
47 silly audit   '@rollup/pluginutils': [ '3.1.0' ],
47 silly audit   '@types/estree': [ '0.0.39', '1.0.7' ],
47 silly audit   '@rtsao/scc': [ '1.1.0' ],
47 silly audit   '@rushstack/eslint-patch': [ '1.11.0' ],
47 silly audit   '@sinclair/typebox': [ '0.24.51' ],
47 silly audit   '@sinonjs/commons': [ '1.8.6' ],
47 silly audit   '@sinonjs/fake-timers': [ '8.1.0' ],
47 silly audit   '@surma/rollup-plugin-off-main-thread': [ '2.2.3' ],
47 silly audit   '@svgr/babel-plugin-add-jsx-attribute': [ '5.4.0' ],
47 silly audit   '@svgr/babel-plugin-remove-jsx-attribute': [ '5.4.0' ],
47 silly audit   '@svgr/babel-plugin-remove-jsx-empty-expression': [ '5.0.1' ],
47 silly audit   '@svgr/babel-plugin-replace-jsx-attribute-value': [ '5.0.1' ],
47 silly audit   '@svgr/babel-plugin-svg-dynamic-title': [ '5.4.0' ],
47 silly audit   '@svgr/babel-plugin-svg-em-dimensions': [ '5.4.0' ],
47 silly audit   '@svgr/babel-plugin-transform-react-native-svg': [ '5.4.0' ],
47 silly audit   '@svgr/babel-plugin-transform-svg-component': [ '5.5.0' ],
47 silly audit   '@svgr/babel-preset': [ '5.5.0' ],
47 silly audit   '@svgr/core': [ '5.5.0' ],
47 silly audit   '@svgr/hast-util-to-babel-ast': [ '5.5.0' ],
47 silly audit   '@svgr/plugin-jsx': [ '5.5.0' ],
47 silly audit   '@svgr/plugin-svgo': [ '5.5.0' ],
47 silly audit   '@svgr/webpack': [ '5.5.0' ],
47 silly audit   '@testing-library/dom': [ '10.4.0' ],
47 silly audit   'aria-query': [ '5.3.0', '5.3.2' ],
47 silly audit   '@testing-library/jest-dom': [ '6.6.3' ],
47 silly audit   chalk: [ '3.0.0', '4.1.2', '2.4.2' ],
47 silly audit   'dom-accessibility-api': [ '0.6.3', '0.5.16' ],
47 silly audit   '@testing-library/react': [ '16.3.0' ],
47 silly audit   '@testing-library/user-event': [ '13.5.0' ],
47 silly audit   '@tootallnate/once': [ '1.1.2' ],
47 silly audit   '@trysound/sax': [ '0.2.0' ],
47 silly audit   '@types/aria-query': [ '5.0.4' ],
47 silly audit   '@types/babel__core': [ '7.20.5' ],
47 silly audit   '@types/babel__generator': [ '7.27.0' ],
47 silly audit   '@types/babel__template': [ '7.4.4' ],
47 silly audit   '@types/babel__traverse': [ '7.20.7' ],
47 silly audit   '@types/body-parser': [ '1.19.5' ],
47 silly audit   '@types/bonjour': [ '3.5.13' ],
47 silly audit   '@types/connect': [ '3.4.38' ],
47 silly audit   '@types/connect-history-api-fallback': [ '1.5.4' ],
47 silly audit   '@types/eslint': [ '8.56.12' ],
47 silly audit   '@types/eslint-scope': [ '3.7.7' ],
47 silly audit   '@types/express': [ '4.17.21' ],
47 silly audit   '@types/express-serve-static-core': [ '5.0.6', '4.19.6' ],
47 silly audit   '@types/graceful-fs': [ '4.1.9' ],
47 silly audit   '@types/html-minifier-terser': [ '6.1.0' ],
47 silly audit   '@types/http-errors': [ '2.0.4' ],
47 silly audit   '@types/http-proxy': [ '1.17.16' ],
47 silly audit   '@types/istanbul-lib-coverage': [ '2.0.6' ],
47 silly audit   '@types/istanbul-lib-report': [ '3.0.3' ],
47 silly audit   '@types/istanbul-reports': [ '3.0.4' ],
47 silly audit   '@types/json-schema': [ '7.0.15' ],
47 silly audit   '@types/json5': [ '0.0.29' ],
47 silly audit   '@types/mime': [ '1.3.5' ],
47 silly audit   '@types/node': [ '22.15.17' ],
47 silly audit   '@types/node-forge': [ '1.3.11' ],
47 silly audit   '@types/parse-json': [ '4.0.2' ],
47 silly audit   '@types/prettier': [ '2.7.3' ],
47 silly audit   '@types/q': [ '1.5.8' ],
47 silly audit   '@types/qs': [ '6.9.18' ],
47 silly audit   '@types/range-parser': [ '1.2.7' ],
47 silly audit   '@types/resolve': [ '1.17.1' ],
47 silly audit   '@types/retry': [ '0.12.0' ],
47 silly audit   '@types/semver': [ '7.7.0' ],
47 silly audit   '@types/send': [ '0.17.4' ],
47 silly audit   '@types/serve-index': [ '1.9.4' ],
47 silly audit   '@types/serve-static': [ '1.15.7' ],
47 silly audit   '@types/sockjs': [ '0.3.36' ],
47 silly audit   '@types/stack-utils': [ '2.0.3' ],
47 silly audit   '@types/trusted-types': [ '2.0.7' ],
47 silly audit   '@types/ws': [ '8.18.1' ],
47 silly audit   '@types/yargs': [ '16.0.9', '17.0.33' ],
47 silly audit   '@types/yargs-parser': [ '21.0.3' ],
47 silly audit   '@typescript-eslint/eslint-plugin': [ '5.62.0' ],
47 silly audit   '@typescript-eslint/experimental-utils': [ '5.62.0' ],
47 silly audit   '@typescript-eslint/parser': [ '5.62.0' ],
47 silly audit   '@typescript-eslint/scope-manager': [ '5.62.0' ],
47 silly audit   '@typescript-eslint/type-utils': [ '5.62.0' ],
47 silly audit   '@typescript-eslint/types': [ '5.62.0' ],
47 silly audit   '@typescript-eslint/typescript-estree': [ '5.62.0' ],
47 silly audit   '@typescript-eslint/utils': [ '5.62.0' ],
47 silly audit   '@typescript-eslint/visitor-keys': [ '5.62.0' ],
47 silly audit   '@ungap/structured-clone': [ '1.3.0' ],
47 silly audit   '@webassemblyjs/ast': [ '1.14.1' ],
47 silly audit   '@webassemblyjs/floating-point-hex-parser': [ '1.13.2' ],
47 silly audit   '@webassemblyjs/helper-api-error': [ '1.13.2' ],
47 silly audit   '@webassemblyjs/helper-buffer': [ '1.14.1' ],
47 silly audit   '@webassemblyjs/helper-numbers': [ '1.13.2' ],
47 silly audit   '@webassemblyjs/helper-wasm-bytecode': [ '1.13.2' ],
47 silly audit   '@webassemblyjs/helper-wasm-section': [ '1.14.1' ],
47 silly audit   '@webassemblyjs/ieee754': [ '1.13.2' ],
47 silly audit   '@webassemblyjs/leb128': [ '1.13.2' ],
47 silly audit   '@webassemblyjs/utf8': [ '1.13.2' ],
47 silly audit   '@webassemblyjs/wasm-edit': [ '1.14.1' ],
47 silly audit   '@webassemblyjs/wasm-gen': [ '1.14.1' ],
47 silly audit   '@webassemblyjs/wasm-opt': [ '1.14.1' ],
47 silly audit   '@webassemblyjs/wasm-parser': [ '1.14.1' ],
47 silly audit   '@webassemblyjs/wast-printer': [ '1.14.1' ],
47 silly audit   '@xtuc/ieee754': [ '1.2.0' ],
47 silly audit   '@xtuc/long': [ '4.2.2' ],
47 silly audit   abab: [ '2.0.6' ],
47 silly audit   accepts: [ '1.3.8' ],
47 silly audit   negotiator: [ '0.6.3', '0.6.4' ],
47 silly audit   acorn: [ '8.14.1', '7.4.1' ],
47 silly audit   'acorn-globals': [ '6.0.0' ],
47 silly audit   'acorn-jsx': [ '5.3.2' ],
47 silly audit   'acorn-walk': [ '7.2.0' ],
47 silly audit   address: [ '1.2.2' ],
47 silly audit   'adjust-sourcemap-loader': [ '4.0.0' ],
47 silly audit   'agent-base': [ '6.0.2' ],
47 silly audit   ajv: [ '6.12.6', '8.17.1' ],
47 silly audit   'ajv-formats': [ '2.1.1' ],
47 silly audit   'json-schema-traverse': [ '1.0.0', '0.4.1' ],
47 silly audit   'ajv-keywords': [ '3.5.2', '5.1.0' ],
47 silly audit   'ansi-escapes': [ '4.3.2' ],
47 silly audit   'ansi-html': [ '0.0.9' ],
47 silly audit   'ansi-html-community': [ '0.0.8' ],
47 silly audit   'any-promise': [ '1.3.0' ],
47 silly audit   anymatch: [ '3.1.3' ],
47 silly audit   arg: [ '5.0.2' ],
47 silly audit   'array-buffer-byte-length': [ '1.0.2' ],
47 silly audit   'array-flatten': [ '1.1.1' ],
47 silly audit   'array-includes': [ '3.1.8' ],
47 silly audit   'array-union': [ '2.1.0' ],
47 silly audit   'array.prototype.findlast': [ '1.2.5' ],
47 silly audit   'array.prototype.findlastindex': [ '1.2.6' ],
47 silly audit   'array.prototype.flat': [ '1.3.3' ],
47 silly audit   'array.prototype.flatmap': [ '1.3.3' ],
47 silly audit   'array.prototype.reduce': [ '1.0.8' ],
47 silly audit   'array.prototype.tosorted': [ '1.1.4' ],
47 silly audit   'arraybuffer.prototype.slice': [ '1.0.4' ],
47 silly audit   asap: [ '2.0.6' ],
47 silly audit   'ast-types-flow': [ '0.0.8' ],
47 silly audit   async: [ '3.2.6' ],
47 silly audit   'async-function': [ '1.0.0' ],
47 silly audit   asynckit: [ '0.4.0' ],
47 silly audit   'at-least-node': [ '1.0.0' ],
47 silly audit   autoprefixer: [ '10.4.21' ],
47 silly audit   'available-typed-arrays': [ '1.0.7' ],
47 silly audit   'axe-core': [ '4.10.3' ],
47 silly audit   'axobject-query': [ '4.1.0' ],
47 silly audit   'babel-jest': [ '27.5.1' ],
47 silly audit   'babel-loader': [ '8.4.1' ],
47 silly audit   'schema-utils': [ '2.7.1', '3.3.0', '2.7.0', '4.3.2' ],
47 silly audit   'babel-plugin-istanbul': [ '6.1.1' ],
47 silly audit   'babel-plugin-jest-hoist': [ '27.5.1' ],
47 silly audit   'babel-plugin-macros': [ '3.1.0' ],
47 silly audit   'babel-plugin-named-asset-import': [ '0.3.8' ],
47 silly audit   'babel-plugin-polyfill-corejs2': [ '0.4.13' ],
47 silly audit   'babel-plugin-polyfill-corejs3': [ '0.11.1' ],
47 silly audit   'babel-plugin-polyfill-regenerator': [ '0.6.4' ],
47 silly audit   'babel-plugin-transform-react-remove-prop-types': [ '0.4.24' ],
47 silly audit   'babel-preset-current-node-syntax': [ '1.1.0' ],
47 silly audit   'babel-preset-jest': [ '27.5.1' ],
47 silly audit   'babel-preset-react-app': [ '10.1.0' ],
47 silly audit   'balanced-match': [ '1.0.2' ],
47 silly audit   batch: [ '0.6.1' ],
47 silly audit   bfj: [ '7.1.0' ],
47 silly audit   'big.js': [ '5.2.2' ],
47 silly audit   'binary-extensions': [ '2.3.0' ],
47 silly audit   bluebird: [ '3.7.2' ],
47 silly audit   'body-parser': [ '1.20.3' ],
47 silly audit   debug: [ '2.6.9', '4.4.0', '3.2.7' ],
47 silly audit   'iconv-lite': [ '0.4.24', '0.6.3' ],
47 silly audit   ms: [ '2.0.0', '2.1.3' ],
47 silly audit   'bonjour-service': [ '1.3.0' ],
47 silly audit   boolbase: [ '1.0.0' ],
47 silly audit   'brace-expansion': [ '1.1.11', '2.0.1' ],
47 silly audit   braces: [ '3.0.3' ],
47 silly audit   'browser-process-hrtime': [ '1.0.0' ],
47 silly audit   browserslist: [ '4.24.5' ],
47 silly audit   bser: [ '2.1.1' ],
47 silly audit   'buffer-from': [ '1.1.2' ],
47 silly audit   'builtin-modules': [ '3.3.0' ],
47 silly audit   bytes: [ '3.1.2' ],
47 silly audit   'call-bind': [ '1.0.8' ],
47 silly audit   'call-bind-apply-helpers': [ '1.0.2' ],
47 silly audit   'call-bound': [ '1.0.4' ],
47 silly audit   callsites: [ '3.1.0' ],
47 silly audit   'camel-case': [ '4.1.2' ],
47 silly audit   'camelcase-css': [ '2.0.1' ],
47 silly audit   'caniuse-api': [ '3.0.0' ],
47 silly audit   'caniuse-lite': [ '1.0.30001717' ],
47 silly audit   'case-sensitive-paths-webpack-plugin': [ '2.4.0' ],
47 silly audit   'char-regex': [ '1.0.2', '2.0.2' ],
47 silly audit   'check-types': [ '11.2.3' ],
47 silly audit   chokidar: [ '3.6.0' ],
47 silly audit   'glob-parent': [ '5.1.2', '6.0.2' ],
47 silly audit   'chrome-trace-event': [ '1.0.4' ],
47 silly audit   'ci-info': [ '3.9.0' ],
47 silly audit   'cjs-module-lexer': [ '1.4.3' ],
47 silly audit   'clean-css': [ '5.3.3' ],
47 silly audit   cliui: [ '7.0.4' ],
47 silly audit   co: [ '4.6.0' ],
47 silly audit   coa: [ '2.0.2' ],
47 silly audit   'color-convert': [ '1.9.3', '2.0.1' ],
47 silly audit   'color-name': [ '1.1.3', '1.1.4' ],
47 silly audit   'escape-string-regexp': [ '1.0.5', '4.0.0', '2.0.0' ],
47 silly audit   'has-flag': [ '3.0.0', '4.0.0' ],
47 silly audit   'supports-color': [ '5.5.0', '8.1.1', '7.2.0' ],
47 silly audit   'collect-v8-coverage': [ '1.0.2' ],
47 silly audit   colord: [ '2.9.3' ],
47 silly audit   colorette: [ '2.0.20' ],
47 silly audit   'combined-stream': [ '1.0.8' ],
47 silly audit   commander: [ '8.3.0', '13.1.0', '7.2.0', '4.1.1', '2.20.3' ],
47 silly audit   'common-tags': [ '1.8.2' ],
47 silly audit   commondir: [ '1.0.1' ],
47 silly audit   compressible: [ '2.0.18' ],
47 silly audit   compression: [ '1.8.0' ],
47 silly audit   'concat-map': [ '0.0.1' ],
47 silly audit   'confusing-browser-globals': [ '1.0.11' ],
47 silly audit   'connect-history-api-fallback': [ '2.0.0' ],
47 silly audit   'content-disposition': [ '0.5.4' ],
47 silly audit   'content-type': [ '1.0.5' ],
47 silly audit   cookie: [ '0.7.1' ],
47 silly audit   'cookie-signature': [ '1.0.6' ],
47 silly audit   'core-js': [ '3.42.0' ],
47 silly audit   'core-js-compat': [ '3.42.0' ],
47 silly audit   'core-js-pure': [ '3.42.0' ],
47 silly audit   'core-util-is': [ '1.0.3' ],
47 silly audit   cosmiconfig: [ '7.1.0', '6.0.0' ],
47 silly audit   'cross-spawn': [ '7.0.6' ],
47 silly audit   'crypto-random-string': [ '2.0.0' ],
47 silly audit   'css-blank-pseudo': [ '3.0.3' ],
47 silly audit   'css-declaration-sorter': [ '6.4.1' ],
47 silly audit   'css-has-pseudo': [ '3.0.4' ],
47 silly audit   'css-loader': [ '6.11.0' ],
47 silly audit   'css-minimizer-webpack-plugin': [ '3.4.1' ],
47 silly audit   'css-prefers-color-scheme': [ '6.0.3' ],
47 silly audit   'css-select': [ '4.3.0', '2.1.0' ],
47 silly audit   'css-select-base-adapter': [ '0.1.1' ],
47 silly audit   'css-tree': [ '1.0.0-alpha.37', '1.1.3' ],
47 silly audit   'css-what': [ '6.1.0', '3.4.2' ],
47 silly audit   'css.escape': [ '1.5.1' ],
47 silly audit   cssdb: [ '7.11.2' ],
47 silly audit   cssesc: [ '3.0.0' ],
47 silly audit   cssnano: [ '5.1.15' ],
47 silly audit   'cssnano-preset-default': [ '5.2.14' ],
47 silly audit   'cssnano-utils': [ '3.1.0' ],
47 silly audit   csso: [ '4.2.0' ],
47 silly audit   'mdn-data': [ '2.0.14', '2.0.4' ],
47 silly audit   cssom: [ '0.4.4', '0.3.8' ],
47 silly audit   cssstyle: [ '2.3.0' ],
47 silly audit   'damerau-levenshtein': [ '1.0.8' ],
47 silly audit   'data-urls': [ '2.0.0' ],
47 silly audit   'data-view-buffer': [ '1.0.2' ],
47 silly audit   'data-view-byte-length': [ '1.0.2' ],
47 silly audit   'data-view-byte-offset': [ '1.0.1' ],
47 silly audit   'decimal.js': [ '10.5.0' ],
47 silly audit   dedent: [ '0.7.0' ],
47 silly audit   'deep-is': [ '0.1.4' ],
47 silly audit   deepmerge: [ '4.3.1' ],
47 silly audit   'default-gateway': [ '6.0.3' ],
47 silly audit   'define-data-property': [ '1.1.4' ],
47 silly audit   'define-lazy-prop': [ '2.0.0' ],
47 silly audit   'define-properties': [ '1.2.1' ],
47 silly audit   'delayed-stream': [ '1.0.0' ],
47 silly audit   depd: [ '2.0.0', '1.1.2' ],
47 silly audit   dequal: [ '2.0.3' ],
47 silly audit   destroy: [ '1.2.0' ],
47 silly audit   'detect-newline': [ '3.1.0' ],
47 silly audit   'detect-node': [ '2.1.0' ],
47 silly audit   'detect-port-alt': [ '1.1.6' ],
47 silly audit   didyoumean: [ '1.2.2' ],
47 silly audit   'diff-sequences': [ '27.5.1' ],
47 silly audit   'dir-glob': [ '3.0.1' ],
47 silly audit   dlv: [ '1.1.3' ],
47 silly audit   'dns-packet': [ '5.6.1' ],
47 silly audit   doctrine: [ '3.0.0', '2.1.0' ],
47 silly audit   'dom-converter': [ '0.2.0' ],
47 silly audit   'dom-serializer': [ '1.4.1', '0.2.2' ],
47 silly audit   domelementtype: [ '2.3.0', '1.3.1' ],
47 silly audit   domexception: [ '2.0.1' ],
47 silly audit   'webidl-conversions': [ '5.0.0', '6.1.0', '4.0.2' ],
47 silly audit   domhandler: [ '4.3.1' ],
47 silly audit   domutils: [ '2.8.0', '1.7.0' ],
47 silly audit   'dot-case': [ '3.0.4' ],
47 silly audit   dotenv: [ '10.0.0' ],
47 silly audit   'dotenv-expand': [ '5.1.0' ],
47 silly audit   'dunder-proto': [ '1.0.1' ],
47 silly audit   duplexer: [ '0.1.2' ],
47 silly audit   eastasianwidth: [ '0.2.0' ],
47 silly audit   'ee-first': [ '1.1.1' ],
47 silly audit   ejs: [ '3.1.10' ],
47 silly audit   'electron-to-chromium': [ '1.5.151' ],
47 silly audit   'email-addresses': [ '5.0.0' ],
47 silly audit   emittery: [ '0.8.1', '0.10.2' ],
47 silly audit   'emoji-regex': [ '9.2.2', '8.0.0' ],
47 silly audit   'emojis-list': [ '3.0.0' ],
47 silly audit   encodeurl: [ '2.0.0', '1.0.2' ],
47 silly audit   'enhanced-resolve': [ '5.18.1' ],
47 silly audit   entities: [ '2.2.0' ],
47 silly audit   'error-ex': [ '1.3.2' ],
47 silly audit   'error-stack-parser': [ '2.1.4' ],
47 silly audit   'es-abstract': [ '1.23.9' ],
47 silly audit   'es-array-method-boxes-properly': [ '1.0.0' ],
47 silly audit   'es-define-property': [ '1.0.1' ],
47 silly audit   'es-errors': [ '1.3.0' ],
47 silly audit   'es-iterator-helpers': [ '1.2.1' ],
47 silly audit   'es-module-lexer': [ '1.7.0' ],
47 silly audit   'es-object-atoms': [ '1.1.1' ],
47 silly audit   'es-set-tostringtag': [ '2.1.0' ],
47 silly audit   'es-shim-unscopables': [ '1.1.0' ],
47 silly audit   'es-to-primitive': [ '1.3.0' ],
47 silly audit   escalade: [ '3.2.0' ],
47 silly audit   'escape-html': [ '1.0.3' ],
47 silly audit   escodegen: [ '2.1.0', '1.14.3' ],
47 silly audit   eslint: [ '8.57.1' ],
47 silly audit   'eslint-config-react-app': [ '7.0.1' ],
47 silly audit   'eslint-import-resolver-node': [ '0.3.9' ],
47 silly audit   'eslint-module-utils': [ '2.12.0' ],
47 silly audit   'eslint-plugin-flowtype': [ '8.0.3' ],
47 silly audit   'eslint-plugin-import': [ '2.31.0' ],
47 silly audit   'eslint-plugin-jest': [ '25.7.0' ],
47 silly audit   'eslint-plugin-jsx-a11y': [ '6.10.2' ],
47 silly audit   'eslint-plugin-react': [ '7.37.5' ],
47 silly audit   'eslint-plugin-react-hooks': [ '4.6.2' ],
47 silly audit   resolve: [ '2.0.0-next.5', '1.22.10' ],
47 silly audit   'eslint-plugin-testing-library': [ '5.11.1' ],
47 silly audit   'eslint-webpack-plugin': [ '3.2.0' ],
47 silly audit   'jest-worker': [ '28.1.3', '27.5.1', '26.6.2' ],
47 silly audit   'find-up': [ '5.0.0', '4.1.0', '3.0.0' ],
47 silly audit   'locate-path': [ '6.0.0', '5.0.0', '3.0.0' ],
47 silly audit   'p-limit': [ '3.1.0', '2.3.0' ],
47 silly audit   'p-locate': [ '5.0.0', '4.1.0', '3.0.0' ],
47 silly audit   espree: [ '9.6.1' ],
47 silly audit   esprima: [ '4.0.1', '1.2.2' ],
47 silly audit   esquery: [ '1.6.0' ],
47 silly audit   esrecurse: [ '4.3.0' ],
47 silly audit   'estree-walker': [ '1.0.1' ],
47 silly audit   esutils: [ '2.0.3' ],
47 silly audit   etag: [ '1.8.1' ],
47 silly audit   eventemitter3: [ '4.0.7' ],
47 silly audit   events: [ '3.3.0' ],
47 silly audit   execa: [ '5.1.1' ],
47 silly audit   exit: [ '0.1.2' ],
47 silly audit   expect: [ '27.5.1' ],
47 silly audit   express: [ '4.21.2' ],
47 silly audit   'fast-deep-equal': [ '3.1.3' ],
47 silly audit   'fast-glob': [ '3.3.3' ],
47 silly audit   'fast-json-stable-stringify': [ '2.1.0' ],
47 silly audit   'fast-levenshtein': [ '2.0.6' ],
47 silly audit   'fast-uri': [ '3.0.6' ],
47 silly audit   fastq: [ '1.19.1' ],
47 silly audit   'faye-websocket': [ '0.11.4' ],
47 silly audit   'fb-watchman': [ '2.0.2' ],
47 silly audit   'file-entry-cache': [ '6.0.1' ],
47 silly audit   'file-loader': [ '6.2.0' ],
47 silly audit   filelist: [ '1.0.4' ],
47 silly audit   minimatch: [ '5.1.6', '3.1.2', '9.0.5' ],
47 silly audit   'filename-reserved-regex': [ '2.0.0' ],
47 silly audit   filenamify: [ '4.3.0' ],
47 silly audit   filesize: [ '8.0.7' ],
47 silly audit   'fill-range': [ '7.1.1' ],
47 silly audit   finalhandler: [ '1.3.1' ],
47 silly audit   'find-cache-dir': [ '3.3.2' ],
47 silly audit   'flat-cache': [ '3.2.0' ],
47 silly audit   flatted: [ '3.3.3' ],
47 silly audit   'follow-redirects': [ '1.15.9' ],
47 silly audit   'for-each': [ '0.3.5' ],
47 silly audit   'foreground-child': [ '3.3.1' ],
47 silly audit   'signal-exit': [ '4.1.0', '3.0.7' ],
47 silly audit   'fork-ts-checker-webpack-plugin': [ '6.5.3' ],
47 silly audit   'fs-extra': [ '9.1.0', '10.1.0', '11.3.0' ],
47 silly audit   tapable: [ '1.1.3', '2.2.1' ],
47 silly audit   'form-data': [ '3.0.3' ],
47 silly audit   forwarded: [ '0.2.0' ],
47 silly audit   'fraction.js': [ '4.3.7' ],
47 silly audit   fresh: [ '0.5.2' ],
47 silly audit   'fs-monkey': [ '1.0.6' ],
47 silly audit   'fs.realpath': [ '1.0.0' ],
47 silly audit   fsevents: [ '2.3.3' ],
47 silly audit   'function-bind': [ '1.1.2' ],
47 silly audit   'function.prototype.name': [ '1.1.8' ],
47 silly audit   'functions-have-names': [ '1.2.3' ],
47 silly audit   gensync: [ '1.0.0-beta.2' ],
47 silly audit   'get-caller-file': [ '2.0.5' ],
47 silly audit   'get-intrinsic': [ '1.3.0' ],
47 silly audit   'get-own-enumerable-property-symbols': [ '3.0.2' ],
47 silly audit   'get-package-type': [ '0.1.0' ],
47 silly audit   'get-proto': [ '1.0.1' ],
47 silly audit   'get-stream': [ '6.0.1' ],
47 silly audit   'get-symbol-description': [ '1.1.0' ],
47 silly audit   'gh-pages': [ '6.3.0' ],
47 silly audit   glob: [ '7.2.3', '10.4.5' ],
47 silly audit   'glob-to-regexp': [ '0.4.1' ],
47 silly audit   'global-modules': [ '2.0.0' ],
47 silly audit   'global-prefix': [ '3.0.0' ],
47 silly audit   which: [ '1.3.1', '2.0.2' ],
47 silly audit   globalthis: [ '1.0.4' ],
47 silly audit   globby: [ '11.1.0' ],
47 silly audit   gopd: [ '1.2.0' ],
47 silly audit   'graceful-fs': [ '4.2.11' ],
47 silly audit   graphemer: [ '1.4.0' ],
47 silly audit   'gzip-size': [ '6.0.0' ],
47 silly audit   'handle-thing': [ '2.0.1' ],
47 silly audit   'harmony-reflect': [ '1.6.2' ],
47 silly audit   'has-bigints': [ '1.1.0' ],
47 silly audit   'has-property-descriptors': [ '1.0.2' ],
47 silly audit   'has-proto': [ '1.2.0' ],
47 silly audit   'has-symbols': [ '1.1.0' ],
47 silly audit   'has-tostringtag': [ '1.0.2' ],
47 silly audit   hasown: [ '2.0.2' ],
47 silly audit   he: [ '1.2.0' ],
47 silly audit   hoopy: [ '0.1.4' ],
47 silly audit   'hpack.js': [ '2.1.6' ],
47 silly audit   isarray: [ '1.0.0', '2.0.5' ],
47 silly audit   'readable-stream': [ '2.3.8', '3.6.2' ],
47 silly audit   'safe-buffer': [ '5.1.2', '5.2.1' ],
47 silly audit   string_decoder: [ '1.1.1', '1.3.0' ],
47 silly audit   'html-encoding-sniffer': [ '2.0.1' ],
47 silly audit   'html-entities': [ '2.6.0' ],
47 silly audit   'html-escaper': [ '2.0.2' ],
47 silly audit   'html-minifier-terser': [ '6.1.0' ],
47 silly audit   'html-webpack-plugin': [ '5.6.3' ],
47 silly audit   htmlparser2: [ '6.1.0' ],
47 silly audit   'http-deceiver': [ '1.2.7' ],
47 silly audit   'http-errors': [ '2.0.0', '1.6.3' ],
47 silly audit   'http-parser-js': [ '0.5.10' ],
47 silly audit   'http-proxy': [ '1.18.1' ],
47 silly audit   'http-proxy-agent': [ '4.0.1' ],
47 silly audit   'http-proxy-middleware': [ '2.0.9' ],
47 silly audit   'https-proxy-agent': [ '5.0.1' ],
47 silly audit   'human-signals': [ '2.1.0' ],
47 silly audit   'icss-utils': [ '5.1.0' ],
47 silly audit   idb: [ '7.1.1' ],
47 silly audit   'identity-obj-proxy': [ '3.0.0' ],
47 silly audit   ignore: [ '5.3.2' ],
47 silly audit   immer: [ '9.0.21' ],
47 silly audit   'import-fresh': [ '3.3.1' ],
47 silly audit   'resolve-from': [ '4.0.0', '5.0.0' ],
47 silly audit   'import-local': [ '3.2.0' ],
47 silly audit   imurmurhash: [ '0.1.4' ],
47 silly audit   'indent-string': [ '4.0.0' ],
47 silly audit   inflight: [ '1.0.6' ],
47 silly audit   inherits: [ '2.0.4', '2.0.3' ],
47 silly audit   ini: [ '1.3.8' ],
47 silly audit   'internal-slot': [ '1.1.0' ],
47 silly audit   'ipaddr.js': [ '2.2.0', '1.9.1' ],
47 silly audit   'is-array-buffer': [ '3.0.5' ],
47 silly audit   'is-arrayish': [ '0.2.1' ],
47 silly audit   'is-async-function': [ '2.1.1' ],
47 silly audit   'is-bigint': [ '1.1.0' ],
47 silly audit   'is-binary-path': [ '2.1.0' ],
47 silly audit   'is-boolean-object': [ '1.2.2' ],
47 silly audit   'is-callable': [ '1.2.7' ],
47 silly audit   'is-core-module': [ '2.16.1' ],
47 silly audit   'is-data-view': [ '1.0.2' ],
47 silly audit   'is-date-object': [ '1.1.0' ],
47 silly audit   'is-docker': [ '2.2.1' ],
47 silly audit   'is-extglob': [ '2.1.1' ],
47 silly audit   'is-finalizationregistry': [ '1.1.1' ],
47 silly audit   'is-fullwidth-code-point': [ '3.0.0' ],
47 silly audit   'is-generator-fn': [ '2.1.0' ],
47 silly audit   'is-generator-function': [ '1.1.0' ],
47 silly audit   'is-glob': [ '4.0.3' ],
47 silly audit   'is-map': [ '2.0.3' ],
47 silly audit   'is-module': [ '1.0.0' ],
47 silly audit   'is-number': [ '7.0.0' ],
47 silly audit   'is-number-object': [ '1.1.1' ],
47 silly audit   'is-obj': [ '1.0.1' ],
47 silly audit   'is-path-inside': [ '3.0.3' ],
47 silly audit   'is-plain-obj': [ '3.0.0' ],
47 silly audit   'is-potential-custom-element-name': [ '1.0.1' ],
47 silly audit   'is-regex': [ '1.2.1' ],
47 silly audit   'is-regexp': [ '1.0.0' ],
47 silly audit   'is-root': [ '2.1.0' ],
47 silly audit   'is-set': [ '2.0.3' ],
47 silly audit   'is-shared-array-buffer': [ '1.0.4' ],
47 silly audit   'is-stream': [ '2.0.1' ],
47 silly audit   'is-string': [ '1.1.1' ],
47 silly audit   'is-symbol': [ '1.1.1' ],
47 silly audit   'is-typed-array': [ '1.1.15' ],
47 silly audit   'is-typedarray': [ '1.0.0' ],
47 silly audit   'is-weakmap': [ '2.0.2' ],
47 silly audit   'is-weakref': [ '1.1.1' ],
47 silly audit   'is-weakset': [ '2.0.4' ],
47 silly audit   'is-wsl': [ '2.2.0' ],
47 silly audit   isexe: [ '2.0.0' ],
47 silly audit   'istanbul-lib-coverage': [ '3.2.2' ],
47 silly audit   'istanbul-lib-instrument': [ '5.2.1' ],
47 silly audit   'istanbul-lib-report': [ '3.0.1' ],
47 silly audit   'make-dir': [ '4.0.0', '3.1.0' ],
47 silly audit   'istanbul-lib-source-maps': [ '4.0.1' ],
47 silly audit   'istanbul-reports': [ '3.1.7' ],
47 silly audit   'iterator.prototype': [ '1.1.5' ],
47 silly audit   jackspeak: [ '3.4.3' ],
47 silly audit   jake: [ '10.9.2' ],
47 silly audit   jest: [ '27.5.1' ],
47 silly audit   'jest-changed-files': [ '27.5.1' ],
47 silly audit   'jest-circus': [ '27.5.1' ],
47 silly audit   'jest-cli': [ '27.5.1' ],
47 silly audit   'jest-config': [ '27.5.1' ],
47 silly audit   'jest-diff': [ '27.5.1' ],
47 silly audit   'jest-docblock': [ '27.5.1' ],
47 silly audit   'jest-each': [ '27.5.1' ],
47 silly audit   'jest-environment-jsdom': [ '27.5.1' ],
47 silly audit   'jest-environment-node': [ '27.5.1' ],
47 silly audit   'jest-get-type': [ '27.5.1' ],
47 silly audit   'jest-haste-map': [ '27.5.1' ],
47 silly audit   'jest-jasmine2': [ '27.5.1' ],
47 silly audit   'jest-leak-detector': [ '27.5.1' ],
47 silly audit   'jest-matcher-utils': [ '27.5.1' ],
47 silly audit   'jest-message-util': [ '27.5.1', '28.1.3' ],
47 silly audit   'jest-mock': [ '27.5.1' ],
47 silly audit   'jest-pnp-resolver': [ '1.2.3' ],
47 silly audit   'jest-regex-util': [ '27.5.1', '28.0.2' ],
47 silly audit   'jest-resolve': [ '27.5.1' ],
47 silly audit   'jest-resolve-dependencies': [ '27.5.1' ],
47 silly audit   'jest-runner': [ '27.5.1' ],
47 silly audit   'jest-runtime': [ '27.5.1' ],
47 silly audit   'jest-serializer': [ '27.5.1' ],
47 silly audit   'jest-snapshot': [ '27.5.1' ],
47 silly audit   'jest-util': [ '27.5.1', '28.1.3' ],
47 silly audit   'jest-validate': [ '27.5.1' ],
47 silly audit   'jest-watch-typeahead': [ '1.1.0' ],
47 silly audit   slash: [ '3.0.0', '4.0.0' ],
47 silly audit   'jest-watcher': [ '28.1.3', '27.5.1' ],
47 silly audit   'string-length': [ '4.0.2', '5.0.1' ],
47 silly audit   'pretty-format': [ '28.1.3', '27.5.1' ],
47 silly audit   'react-is': [ '18.3.1', '16.13.1', '17.0.2' ],
47 silly audit   jiti: [ '1.21.7' ],
47 silly audit   'js-tokens': [ '4.0.0' ],
47 silly audit   jsdom: [ '16.7.0' ],
47 silly audit   jsesc: [ '3.1.0', '3.0.2' ],
47 silly audit   'json-buffer': [ '3.0.1' ],
47 silly audit   'json-parse-even-better-errors': [ '2.3.1' ],
47 silly audit   'json-schema': [ '0.4.0' ],
47 silly audit   'json-stable-stringify-without-jsonify': [ '1.0.1' ],
47 silly audit   json5: [ '2.2.3', '1.0.2' ],
47 silly audit   jsonfile: [ '6.1.0' ],
47 silly audit   jsonpath: [ '1.1.1' ],
47 silly audit   jsonpointer: [ '5.0.1' ],
47 silly audit   'jsx-ast-utils': [ '3.3.5' ],
47 silly audit   keyv: [ '4.5.4' ],
47 silly audit   'kind-of': [ '6.0.3' ],
47 silly audit   kleur: [ '3.0.3' ],
47 silly audit   klona: [ '2.0.6' ],
47 silly audit   'language-subtag-registry': [ '0.3.23' ],
47 silly audit   'language-tags': [ '1.0.9' ],
47 silly audit   'launch-editor': [ '2.10.0' ],
47 silly audit   leven: [ '3.1.0' ],
47 silly audit   levn: [ '0.4.1', '0.3.0' ],
47 silly audit   lilconfig: [ '2.1.0', '3.1.3' ],
47 silly audit   'lines-and-columns': [ '1.2.4' ],
47 silly audit   'loader-runner': [ '4.3.0' ],
47 silly audit   'loader-utils': [ '2.0.4', '3.3.1' ],
47 silly audit   lodash: [ '4.17.21' ],
47 silly audit   'lodash.debounce': [ '4.0.8' ],
47 silly audit   'lodash.memoize': [ '4.1.2' ],
47 silly audit   'lodash.merge': [ '4.6.2' ],
47 silly audit   'lodash.sortby': [ '4.7.0' ],
47 silly audit   'lodash.uniq': [ '4.5.0' ],
47 silly audit   'loose-envify': [ '1.4.0' ],
47 silly audit   'lower-case': [ '2.0.2' ],
47 silly audit   'lru-cache': [ '5.1.1', '10.4.3' ],
47 silly audit   'lz-string': [ '1.5.0' ],
47 silly audit   'magic-string': [ '0.25.9' ],
47 silly audit   makeerror: [ '1.0.12' ],
47 silly audit   'math-intrinsics': [ '1.1.0' ],
47 silly audit   'media-typer': [ '0.3.0' ],
47 silly audit   memfs: [ '3.5.3' ],
47 silly audit   'merge-descriptors': [ '1.0.3' ],
47 silly audit   'merge-stream': [ '2.0.0' ],
47 silly audit   merge2: [ '1.4.1' ],
47 silly audit   methods: [ '1.1.2' ],
47 silly audit   micromatch: [ '4.0.8' ],
47 silly audit   milligram: [ '1.4.1' ],
47 silly audit   mime: [ '1.6.0' ],
47 silly audit   'mime-db': [ '1.52.0' ],
47 silly audit   'mime-types': [ '2.1.35' ],
47 silly audit   'mimic-fn': [ '2.1.0' ],
47 silly audit   'min-indent': [ '1.0.1' ],
47 silly audit   'mini-css-extract-plugin': [ '2.9.2' ],
47 silly audit   'minimalistic-assert': [ '1.0.1' ],
47 silly audit   minimist: [ '1.2.8' ],
47 silly audit   minipass: [ '7.1.2' ],
47 silly audit   mkdirp: [ '0.5.6' ],
47 silly audit   'multicast-dns': [ '7.2.5' ],
47 silly audit   mz: [ '2.7.0' ],
47 silly audit   nanoid: [ '3.3.11' ],
47 silly audit   'natural-compare': [ '1.4.0' ],
47 silly audit   'natural-compare-lite': [ '1.4.0' ],
47 silly audit   'neo-async': [ '2.6.2' ],
47 silly audit   'no-case': [ '3.0.4' ],
47 silly audit   'node-forge': [ '1.3.1' ],
47 silly audit   'node-int64': [ '0.4.0' ],
47 silly audit   'node-releases': [ '2.0.19' ],
47 silly audit   'normalize-path': [ '3.0.0' ],
47 silly audit   'normalize-range': [ '0.1.2' ],
47 silly audit   'normalize-url': [ '6.1.0' ],
47 silly audit   'normalize.css': [ '8.0.1' ],
47 silly audit   'npm-run-path': [ '4.0.1' ],
47 silly audit   'nth-check': [ '2.1.1', '1.0.2' ],
47 silly audit   nwsapi: [ '2.2.20' ],
47 silly audit   'object-assign': [ '4.1.1' ],
47 silly audit   'object-hash': [ '3.0.0' ],
47 silly audit   'object-inspect': [ '1.13.4' ],
47 silly audit   'object-keys': [ '1.1.1' ],
47 silly audit   'object.assign': [ '4.1.7' ],
47 silly audit   'object.entries': [ '1.1.9' ],
47 silly audit   'object.fromentries': [ '2.0.8' ],
47 silly audit   'object.getownpropertydescriptors': [ '2.1.8' ],
47 silly audit   'object.groupby': [ '1.0.3' ],
47 silly audit   'object.values': [ '1.2.1' ],
47 silly audit   obuf: [ '1.1.2' ],
47 silly audit   'on-finished': [ '2.4.1' ],
47 silly audit   'on-headers': [ '1.0.2' ],
47 silly audit   once: [ '1.4.0' ],
47 silly audit   onetime: [ '5.1.2' ],
47 silly audit   open: [ '8.4.2' ],
47 silly audit   optionator: [ '0.9.4', '0.8.3' ],
47 silly audit   'own-keys': [ '1.0.1' ],
47 silly audit   'p-retry': [ '4.6.2' ],
47 silly audit   'p-try': [ '2.2.0' ],
47 silly audit   'package-json-from-dist': [ '1.0.1' ],
47 silly audit   'param-case': [ '3.0.4' ],
47 silly audit   'parent-module': [ '1.0.1' ],
47 silly audit   'parse-json': [ '5.2.0' ],
47 silly audit   parse5: [ '6.0.1' ],
47 silly audit   parseurl: [ '1.3.3' ],
47 silly audit   'pascal-case': [ '3.1.2' ],
47 silly audit   'path-exists': [ '4.0.0', '3.0.0' ],
47 silly audit   'path-is-absolute': [ '1.0.1' ],
47 silly audit   'path-key': [ '3.1.1' ],
47 silly audit   'path-parse': [ '1.0.7' ],
47 silly audit   'path-scurry': [ '1.11.1' ],
47 silly audit   'path-to-regexp': [ '0.1.12' ],
47 silly audit   'path-type': [ '4.0.0' ],
47 silly audit   'performance-now': [ '2.1.0' ],
47 silly audit   picocolors: [ '1.1.1', '0.2.1' ],
47 silly audit   picomatch: [ '2.3.1' ],
47 silly audit   pify: [ '2.3.0' ],
47 silly audit   pirates: [ '4.0.7' ],
47 silly audit   'pkg-dir': [ '4.2.0' ],
47 silly audit   'pkg-up': [ '3.1.0' ],
47 silly audit   'possible-typed-array-names': [ '1.1.0' ],
47 silly audit   postcss: [ '8.5.3', '7.0.39' ],
47 silly audit   'postcss-attribute-case-insensitive': [ '5.0.2' ],
47 silly audit   'postcss-browser-comments': [ '4.0.0' ],
47 silly audit   'postcss-calc': [ '8.2.4' ],
47 silly audit   'postcss-clamp': [ '4.1.0' ],
47 silly audit   'postcss-color-functional-notation': [ '4.2.4' ],
47 silly audit   'postcss-color-hex-alpha': [ '8.0.4' ],
47 silly audit   'postcss-color-rebeccapurple': [ '7.1.1' ],
47 silly audit   'postcss-colormin': [ '5.3.1' ],
47 silly audit   'postcss-convert-values': [ '5.1.3' ],
47 silly audit   'postcss-custom-media': [ '8.0.2' ],
47 silly audit   'postcss-custom-properties': [ '12.1.11' ],
47 silly audit   'postcss-custom-selectors': [ '6.0.3' ],
47 silly audit   'postcss-dir-pseudo-class': [ '6.0.5' ],
47 silly audit   'postcss-discard-comments': [ '5.1.2' ],
47 silly audit   'postcss-discard-duplicates': [ '5.1.0' ],
47 silly audit   'postcss-discard-empty': [ '5.1.1' ],
47 silly audit   'postcss-discard-overridden': [ '5.1.0' ],
47 silly audit   'postcss-double-position-gradients': [ '3.1.2' ],
47 silly audit   'postcss-env-function': [ '4.0.6' ],
47 silly audit   'postcss-flexbugs-fixes': [ '5.0.2' ],
47 silly audit   'postcss-focus-visible': [ '6.0.4' ],
47 silly audit   'postcss-focus-within': [ '5.0.4' ],
47 silly audit   'postcss-font-variant': [ '5.0.0' ],
47 silly audit   'postcss-gap-properties': [ '3.0.5' ],
47 silly audit   'postcss-image-set-function': [ '4.0.7' ],
47 silly audit   'postcss-import': [ '15.1.0' ],
47 silly audit   'postcss-initial': [ '4.0.1' ],
47 silly audit   'postcss-js': [ '4.0.1' ],
47 silly audit   'postcss-lab-function': [ '4.2.1' ],
47 silly audit   'postcss-load-config': [ '4.0.2' ],
47 silly audit   yaml: [ '2.7.1', '1.10.2' ],
47 silly audit   'postcss-loader': [ '6.2.1' ],
47 silly audit   'postcss-logical': [ '5.0.4' ],
47 silly audit   'postcss-media-minmax': [ '5.0.0' ],
47 silly audit   'postcss-merge-longhand': [ '5.1.7' ],
47 silly audit   'postcss-merge-rules': [ '5.1.4' ],
47 silly audit   'postcss-minify-font-values': [ '5.1.0' ],
47 silly audit   'postcss-minify-gradients': [ '5.1.1' ],
47 silly audit   'postcss-minify-params': [ '5.1.4' ],
47 silly audit   'postcss-minify-selectors': [ '5.2.1' ],
47 silly audit   'postcss-modules-extract-imports': [ '3.1.0' ],
47 silly audit   'postcss-modules-local-by-default': [ '4.2.0' ],
47 silly audit   'postcss-selector-parser': [ '7.1.0', '6.1.2' ],
47 silly audit   'postcss-modules-scope': [ '3.2.1' ],
47 silly audit   'postcss-modules-values': [ '4.0.0' ],
47 silly audit   'postcss-nested': [ '6.2.0' ],
47 silly audit   'postcss-nesting': [ '10.2.0' ],
47 silly audit   'postcss-normalize': [ '10.0.1' ],
47 silly audit   'postcss-normalize-charset': [ '5.1.0' ],
47 silly audit   'postcss-normalize-display-values': [ '5.1.0' ],
47 silly audit   'postcss-normalize-positions': [ '5.1.1' ],
47 silly audit   'postcss-normalize-repeat-style': [ '5.1.1' ],
47 silly audit   'postcss-normalize-string': [ '5.1.0' ],
47 silly audit   'postcss-normalize-timing-functions': [ '5.1.0' ],
47 silly audit   'postcss-normalize-unicode': [ '5.1.1' ],
47 silly audit   'postcss-normalize-url': [ '5.1.0' ],
47 silly audit   'postcss-normalize-whitespace': [ '5.1.1' ],
47 silly audit   'postcss-opacity-percentage': [ '1.1.3' ],
47 silly audit   'postcss-ordered-values': [ '5.1.3' ],
47 silly audit   'postcss-overflow-shorthand': [ '3.0.4' ],
47 silly audit   'postcss-page-break': [ '3.0.4' ],
47 silly audit   'postcss-place': [ '7.0.5' ],
47 silly audit   'postcss-preset-env': [ '7.8.3' ],
47 silly audit   'postcss-pseudo-class-any-link': [ '7.1.6' ],
47 silly audit   'postcss-reduce-initial': [ '5.1.2' ],
47 silly audit   'postcss-reduce-transforms': [ '5.1.0' ],
47 silly audit   'postcss-replace-overflow-wrap': [ '4.0.0' ],
47 silly audit   'postcss-selector-not': [ '6.0.1' ],
47 silly audit   'postcss-svgo': [ '5.1.0' ],
47 silly audit   svgo: [ '2.8.0', '1.3.2' ],
47 silly audit   'postcss-unique-selectors': [ '5.1.1' ],
47 silly audit   'postcss-value-parser': [ '4.2.0' ],
47 silly audit   'prelude-ls': [ '1.2.1', '1.1.2' ],
47 silly audit   'pretty-bytes': [ '5.6.0' ],
47 silly audit   'pretty-error': [ '4.0.0' ],
47 silly audit   'process-nextick-args': [ '2.0.1' ],
47 silly audit   promise: [ '8.3.0' ],
47 silly audit   prompts: [ '2.4.2' ],
47 silly audit   'prop-types': [ '15.8.1' ],
47 silly audit   'proxy-addr': [ '2.0.7' ],
47 silly audit   psl: [ '1.15.0' ],
47 silly audit   punycode: [ '2.3.1' ],
47 silly audit   q: [ '1.5.1' ],
47 silly audit   qs: [ '6.13.0' ],
47 silly audit   querystringify: [ '2.2.0' ],
47 silly audit   'queue-microtask': [ '1.2.3' ],
47 silly audit   raf: [ '3.4.1' ],
47 silly audit   randombytes: [ '2.1.0' ],
47 silly audit   'range-parser': [ '1.2.1' ],
47 silly audit   'raw-body': [ '2.5.2' ],
47 silly audit   react: [ '19.1.0' ],
47 silly audit   'react-app-polyfill': [ '3.0.0' ],
47 silly audit   'react-dev-utils': [ '12.0.1' ],
47 silly audit   'react-dom': [ '19.1.0' ],
47 silly audit   'react-error-overlay': [ '6.1.0' ],
47 silly audit   'react-refresh': [ '0.11.0' ],
47 silly audit   'react-scripts': [ '5.0.1' ],
47 silly audit   'read-cache': [ '1.0.0' ],
47 silly audit   readdirp: [ '3.6.0' ],
47 silly audit   'recursive-readdir': [ '2.2.3' ],
47 silly audit   redent: [ '3.0.0' ],
47 silly audit   'reflect.getprototypeof': [ '1.0.10' ],
47 silly audit   regenerate: [ '1.4.2' ],
47 silly audit   'regenerate-unicode-properties': [ '10.2.0' ],
47 silly audit   'regenerator-runtime': [ '0.13.11' ],
47 silly audit   'regex-parser': [ '2.3.1' ],
47 silly audit   'regexp.prototype.flags': [ '1.5.4' ],
47 silly audit   'regexpu-core': [ '6.2.0' ],
47 silly audit   regjsgen: [ '0.8.0' ],
47 silly audit   regjsparser: [ '0.12.0' ],
47 silly audit   relateurl: [ '0.2.7' ],
47 silly audit   renderkid: [ '3.0.0' ],
47 silly audit   'require-directory': [ '2.1.1' ],
47 silly audit   'require-from-string': [ '2.0.2' ],
47 silly audit   'requires-port': [ '1.0.0' ],
47 silly audit   'resolve-cwd': [ '3.0.0' ],
47 silly audit   'resolve-url-loader': [ '4.0.0' ],
47 silly audit   'resolve.exports': [ '1.1.1' ],
47 silly audit   retry: [ '0.13.1' ],
47 silly audit   reusify: [ '1.1.0' ],
47 silly audit   rimraf: [ '3.0.2' ],
47 silly audit   rollup: [ '2.79.2' ],
47 silly audit   'rollup-plugin-terser': [ '7.0.2' ],
47 silly audit   'serialize-javascript': [ '4.0.0', '6.0.2' ],
47 silly audit   'run-parallel': [ '1.2.0' ],
47 silly audit   'safe-array-concat': [ '1.1.3' ],
47 silly audit   'safe-push-apply': [ '1.0.0' ],
47 silly audit   'safe-regex-test': [ '1.1.0' ],
47 silly audit   'safer-buffer': [ '2.1.2' ],
47 silly audit   'sanitize.css': [ '13.0.0' ],
47 silly audit   'sass-loader': [ '12.6.0' ],
47 silly audit   sax: [ '1.2.4' ],
47 silly audit   saxes: [ '5.0.1' ],
47 silly audit   scheduler: [ '0.26.0' ],
47 silly audit   'select-hose': [ '2.0.0' ],
47 silly audit   selfsigned: [ '2.4.1' ],
47 silly audit   send: [ '0.19.0' ],
47 silly audit   'serve-index': [ '1.9.1' ],
47 silly audit   setprototypeof: [ '1.1.0', '1.2.0' ],
47 silly audit   statuses: [ '1.5.0', '2.0.1' ],
47 silly audit   'serve-static': [ '1.16.2' ],
47 silly audit   'set-function-length': [ '1.2.2' ],
47 silly audit   'set-function-name': [ '2.0.2' ],
47 silly audit   'set-proto': [ '1.0.0' ],
47 silly audit   'shebang-command': [ '2.0.0' ],
47 silly audit   'shebang-regex': [ '3.0.0' ],
47 silly audit   'shell-quote': [ '1.8.2' ],
47 silly audit   'side-channel': [ '1.1.0' ],
47 silly audit   'side-channel-list': [ '1.0.0' ],
47 silly audit   'side-channel-map': [ '1.0.1' ],
47 silly audit   'side-channel-weakmap': [ '1.0.2' ],
47 silly audit   sisteransi: [ '1.0.5' ],
47 silly audit   sockjs: [ '0.3.24' ],
47 silly audit   'source-list-map': [ '2.0.1' ],
47 silly audit   'source-map-js': [ '1.2.1' ],
47 silly audit   'source-map-loader': [ '3.0.2' ],
47 silly audit   'source-map-support': [ '0.5.21' ],
47 silly audit   'sourcemap-codec': [ '1.4.8' ],
47 silly audit   spdy: [ '4.0.2' ],
47 silly audit   'spdy-transport': [ '3.0.0' ],
47 silly audit   'sprintf-js': [ '1.0.3' ],
47 silly audit   stable: [ '0.1.8' ],
47 silly audit   'stack-utils': [ '2.0.6' ],
47 silly audit   stackframe: [ '1.3.4' ],
47 silly audit   'static-eval': [ '2.0.2' ],
47 silly audit   'type-check': [ '0.3.2', '0.4.0' ],
47 silly audit   'string-natural-compare': [ '3.0.1' ],
47 silly audit   'string.prototype.includes': [ '2.0.1' ],
47 silly audit   'string.prototype.matchall': [ '4.0.12' ],
47 silly audit   'string.prototype.repeat': [ '1.0.0' ],
47 silly audit   'string.prototype.trim': [ '1.2.10' ],
47 silly audit   'string.prototype.trimend': [ '1.0.9' ],
47 silly audit   'string.prototype.trimstart': [ '1.0.8' ],
47 silly audit   'stringify-object': [ '3.3.0' ],
47 silly audit   'strip-bom': [ '4.0.0', '3.0.0' ],
47 silly audit   'strip-comments': [ '2.0.1' ],
47 silly audit   'strip-final-newline': [ '2.0.0' ],
47 silly audit   'strip-indent': [ '3.0.0' ],
47 silly audit   'strip-json-comments': [ '3.1.1' ],
47 silly audit   'strip-outer': [ '1.0.1' ],
47 silly audit   'style-loader': [ '3.3.4' ],
47 silly audit   stylehacks: [ '5.1.1' ],
47 silly audit   sucrase: [ '3.35.0' ],
47 silly audit   'supports-hyperlinks': [ '2.3.0' ],
47 silly audit   'supports-preserve-symlinks-flag': [ '1.0.0' ],
47 silly audit   'svg-parser': [ '2.0.4' ],
47 silly audit   'symbol-tree': [ '3.2.4' ],
47 silly audit   tailwindcss: [ '3.4.17' ],
47 silly audit   'temp-dir': [ '2.0.0' ],
47 silly audit   tempy: [ '0.6.0' ],
47 silly audit   'terminal-link': [ '2.1.1' ],
47 silly audit   terser: [ '5.39.0' ],
47 silly audit   'terser-webpack-plugin': [ '5.3.14' ],
47 silly audit   'test-exclude': [ '6.0.0' ],
47 silly audit   'text-table': [ '0.2.0' ],
47 silly audit   thenify: [ '3.3.1' ],
47 silly audit   'thenify-all': [ '1.6.0' ],
47 silly audit   throat: [ '6.0.2' ],
47 silly audit   thunky: [ '1.1.0' ],
47 silly audit   tmpl: [ '1.0.5' ],
47 silly audit   'to-regex-range': [ '5.0.1' ],
47 silly audit   toidentifier: [ '1.0.1' ],
47 silly audit   'tough-cookie': [ '4.1.4' ],
47 silly audit   universalify: [ '0.2.0', '2.0.1' ],
47 silly audit   tr46: [ '2.1.0', '1.0.1' ],
47 silly audit   'trim-repeated': [ '1.0.0' ],
47 silly audit   tryer: [ '1.0.1' ],
47 silly audit   'ts-interface-checker': [ '0.1.13' ],
47 silly audit   'tsconfig-paths': [ '3.15.0' ],
47 silly audit   tslib: [ '2.8.1', '1.14.1' ],
47 silly audit   tsutils: [ '3.21.0' ],
47 silly audit   'type-detect': [ '4.0.8' ],
47 silly audit   'type-is': [ '1.6.18' ],
47 silly audit   'typed-array-buffer': [ '1.0.3' ],
47 silly audit   'typed-array-byte-length': [ '1.0.3' ],
47 silly audit   'typed-array-byte-offset': [ '1.0.4' ],
47 silly audit   'typed-array-length': [ '1.0.7' ],
47 silly audit   'typedarray-to-buffer': [ '3.1.5' ],
47 silly audit   typescript: [ '4.9.5' ],
47 silly audit   'unbox-primitive': [ '1.1.0' ],
47 silly audit   underscore: [ '1.12.1' ],
47 silly audit   'undici-types': [ '6.21.0' ],
47 silly audit   'unicode-canonical-property-names-ecmascript': [ '2.0.1' ],
47 silly audit   'unicode-match-property-ecmascript': [ '2.0.0' ],
47 silly audit   'unicode-match-property-value-ecmascript': [ '2.2.0' ],
47 silly audit   'unicode-property-aliases-ecmascript': [ '2.1.0' ],
47 silly audit   'unique-string': [ '2.0.0' ],
47 silly audit   unpipe: [ '1.0.0' ],
47 silly audit   unquote: [ '1.1.1' ],
47 silly audit   upath: [ '1.2.0' ],
47 silly audit   'update-browserslist-db': [ '1.1.3' ],
47 silly audit   'uri-js': [ '4.4.1' ],
47 silly audit   'url-parse': [ '1.5.10' ],
47 silly audit   'util-deprecate': [ '1.0.2' ],
47 silly audit   'util.promisify': [ '1.0.1' ],
47 silly audit   utila: [ '0.4.0' ],
47 silly audit   'utils-merge': [ '1.0.1' ],
47 silly audit   uuid: [ '8.3.2' ],
47 silly audit   'v8-to-istanbul': [ '8.1.1' ],
47 silly audit   vary: [ '1.1.2' ],
47 silly audit   'w3c-hr-time': [ '1.0.2' ],
47 silly audit   'w3c-xmlserializer': [ '2.0.0' ],
47 silly audit   walker: [ '1.0.8' ],
47 silly audit   watchpack: [ '2.4.2' ],
47 silly audit   wbuf: [ '1.7.3' ],
47 silly audit   'web-vitals': [ '2.1.4' ],
47 silly audit   webpack: [ '5.99.8' ],
47 silly audit   'webpack-dev-middleware': [ '5.3.4' ],
47 silly audit   'webpack-dev-server': [ '4.15.2' ],
47 silly audit   ws: [ '8.18.2', '7.5.10' ],
47 silly audit   'webpack-manifest-plugin': [ '4.1.1' ],
47 silly audit   'webpack-sources': [ '2.3.1', '3.2.3', '1.4.3' ],
47 silly audit   'websocket-driver': [ '0.7.4' ],
47 silly audit   'websocket-extensions': [ '0.1.4' ],
47 silly audit   'whatwg-encoding': [ '1.0.5' ],
47 silly audit   'whatwg-fetch': [ '3.6.20' ],
47 silly audit   'whatwg-mimetype': [ '2.3.0' ],
47 silly audit   'whatwg-url': [ '8.7.0', '7.1.0' ],
47 silly audit   'which-boxed-primitive': [ '1.1.1' ],
47 silly audit   'which-builtin-type': [ '1.2.1' ],
47 silly audit   'which-collection': [ '1.0.2' ],
47 silly audit   'which-typed-array': [ '1.1.19' ],
47 silly audit   'word-wrap': [ '1.2.5' ],
47 silly audit   'workbox-background-sync': [ '6.6.0' ],
47 silly audit   'workbox-broadcast-update': [ '6.6.0' ],
47 silly audit   'workbox-build': [ '6.6.0' ],
47 silly audit   '@apideck/better-ajv-errors': [ '0.3.6' ],
47 silly audit   'workbox-cacheable-response': [ '6.6.0' ],
47 silly audit   'workbox-core': [ '6.6.0' ],
47 silly audit   'workbox-expiration': [ '6.6.0' ],
47 silly audit   'workbox-google-analytics': [ '6.6.0' ],
47 silly audit   'workbox-navigation-preload': [ '6.6.0' ],
47 silly audit   'workbox-precaching': [ '6.6.0' ],
47 silly audit   'workbox-range-requests': [ '6.6.0' ],
47 silly audit   'workbox-recipes': [ '6.6.0' ],
47 silly audit   'workbox-routing': [ '6.6.0' ],
47 silly audit   'workbox-strategies': [ '6.6.0' ],
47 silly audit   'workbox-streams': [ '6.6.0' ],
47 silly audit   'workbox-sw': [ '6.6.0' ],
47 silly audit   'workbox-webpack-plugin': [ '6.6.0' ],
47 silly audit   'workbox-window': [ '6.6.0' ],
47 silly audit   wrappy: [ '1.0.2' ],
47 silly audit   'write-file-atomic': [ '3.0.3' ],
47 silly audit   'xml-name-validator': [ '3.0.0' ],
47 silly audit   xmlchars: [ '2.2.0' ],
47 silly audit   y18n: [ '5.0.8' ],
47 silly audit   yallist: [ '3.1.1' ],
47 silly audit   yargs: [ '16.2.0' ],
47 silly audit   'yargs-parser': [ '20.2.9' ],
47 silly audit   'yocto-queue': [ '0.1.0' ]
47 silly audit }
48 verbose reify failed optional dependency /home/krzysztofg/workspace/my-postgraduate-studies/2.06.WebApplProgramming2/Lab04/enroller-fullstack/src/main/frontend/node_modules/fsevents
49 silly reify mark deleted [
49 silly reify   '/home/krzysztofg/workspace/my-postgraduate-studies/2.06.WebApplProgramming2/Lab04/enroller-fullstack/src/main/frontend/node_modules/fsevents'
49 silly reify ]
50 timing reifyNode:node_modules/fsevents Completed in 196ms
51 silly tarball no local data for safer-buffer@https://registry.npmjs.org/safer-buffer/-/safer-buffer-2.1.2.tgz. Extracting by manifest.
52 silly tarball no local data for safe-regex-test@https://registry.npmjs.org/safe-regex-test/-/safe-regex-test-1.1.0.tgz. Extracting by manifest.
53 silly tarball no local data for safe-push-apply@https://registry.npmjs.org/safe-push-apply/-/safe-push-apply-1.0.0.tgz. Extracting by manifest.
54 silly tarball no local data for safe-buffer@https://registry.npmjs.org/safe-buffer/-/safe-buffer-5.2.1.tgz. Extracting by manifest.
55 silly tarball no local data for safe-array-concat@https://registry.npmjs.org/safe-array-concat/-/safe-array-concat-1.1.3.tgz. Extracting by manifest.
56 silly tarball no local data for run-parallel@https://registry.npmjs.org/run-parallel/-/run-parallel-1.2.0.tgz. Extracting by manifest.
57 silly tarball no local data for rollup@https://registry.npmjs.org/rollup/-/rollup-2.79.2.tgz. Extracting by manifest.
58 silly tarball no local data for rollup-plugin-terser@https://registry.npmjs.org/rollup-plugin-terser/-/rollup-plugin-terser-7.0.2.tgz. Extracting by manifest.
59 silly tarball no local data for rimraf@https://registry.npmjs.org/rimraf/-/rimraf-3.0.2.tgz. Extracting by manifest.
60 silly tarball no local data for reusify@https://registry.npmjs.org/reusify/-/reusify-1.1.0.tgz. Extracting by manifest.
61 silly tarball no local data for retry@https://registry.npmjs.org/retry/-/retry-0.13.1.tgz. Extracting by manifest.
62 silly tarball no local data for resolve.exports@https://registry.npmjs.org/resolve.exports/-/resolve.exports-1.1.1.tgz. Extracting by manifest.
63 silly tarball no local data for resolve-url-loader@https://registry.npmjs.org/resolve-url-loader/-/resolve-url-loader-4.0.0.tgz. Extracting by manifest.
64 silly tarball no local data for resolve-from@https://registry.npmjs.org/resolve-from/-/resolve-from-5.0.0.tgz. Extracting by manifest.
65 silly tarball no local data for resolve-cwd@https://registry.npmjs.org/resolve-cwd/-/resolve-cwd-3.0.0.tgz. Extracting by manifest.
66 silly tarball no local data for resolve@https://registry.npmjs.org/resolve/-/resolve-1.22.10.tgz. Extracting by manifest.
67 silly tarball no local data for requires-port@https://registry.npmjs.org/requires-port/-/requires-port-1.0.0.tgz. Extracting by manifest.
68 silly tarball no local data for require-from-string@https://registry.npmjs.org/require-from-string/-/require-from-string-2.0.2.tgz. Extracting by manifest.
69 silly tarball no local data for require-directory@https://registry.npmjs.org/require-directory/-/require-directory-2.1.1.tgz. Extracting by manifest.
70 silly tarball no local data for renderkid@https://registry.npmjs.org/renderkid/-/renderkid-3.0.0.tgz. Extracting by manifest.
71 silly tarball no local data for regjsparser@https://registry.npmjs.org/regjsparser/-/regjsparser-0.12.0.tgz. Extracting by manifest.
72 silly tarball no local data for relateurl@https://registry.npmjs.org/relateurl/-/relateurl-0.2.7.tgz. Extracting by manifest.
73 silly tarball no local data for regjsgen@https://registry.npmjs.org/regjsgen/-/regjsgen-0.8.0.tgz. Extracting by manifest.
74 silly tarball no local data for regexpu-core@https://registry.npmjs.org/regexpu-core/-/regexpu-core-6.2.0.tgz. Extracting by manifest.
75 silly tarball no local data for regexp.prototype.flags@https://registry.npmjs.org/regexp.prototype.flags/-/regexp.prototype.flags-1.5.4.tgz. Extracting by manifest.
76 silly tarball no local data for regex-parser@https://registry.npmjs.org/regex-parser/-/regex-parser-2.3.1.tgz. Extracting by manifest.
77 silly tarball no local data for regenerator-runtime@https://registry.npmjs.org/regenerator-runtime/-/regenerator-runtime-0.13.11.tgz. Extracting by manifest.
78 silly tarball no local data for reflect.getprototypeof@https://registry.npmjs.org/reflect.getprototypeof/-/reflect.getprototypeof-1.0.10.tgz. Extracting by manifest.
79 silly tarball no local data for regenerate@https://registry.npmjs.org/regenerate/-/regenerate-1.4.2.tgz. Extracting by manifest.
80 silly tarball no local data for redent@https://registry.npmjs.org/redent/-/redent-3.0.0.tgz. Extracting by manifest.
81 silly tarball no local data for regenerate-unicode-properties@https://registry.npmjs.org/regenerate-unicode-properties/-/regenerate-unicode-properties-10.2.0.tgz. Extracting by manifest.
82 silly tarball no local data for recursive-readdir@https://registry.npmjs.org/recursive-readdir/-/recursive-readdir-2.2.3.tgz. Extracting by manifest.
83 silly tarball no local data for readdirp@https://registry.npmjs.org/readdirp/-/readdirp-3.6.0.tgz. Extracting by manifest.
84 silly tarball no local data for readable-stream@https://registry.npmjs.org/readable-stream/-/readable-stream-3.6.2.tgz. Extracting by manifest.
85 silly tarball no local data for read-cache@https://registry.npmjs.org/read-cache/-/read-cache-1.0.0.tgz. Extracting by manifest.
86 silly tarball no local data for parseurl@https://registry.npmjs.org/parseurl/-/parseurl-1.3.3.tgz. Extracting by manifest.
87 silly tarball no local data for parse5@https://registry.npmjs.org/parse5/-/parse5-6.0.1.tgz. Extracting by manifest.
88 silly tarball no local data for parse-json@https://registry.npmjs.org/parse-json/-/parse-json-5.2.0.tgz. Extracting by manifest.
89 silly tarball no local data for parent-module@https://registry.npmjs.org/parent-module/-/parent-module-1.0.1.tgz. Extracting by manifest.
90 silly tarball no local data for param-case@https://registry.npmjs.org/param-case/-/param-case-3.0.4.tgz. Extracting by manifest.
91 silly tarball no local data for package-json-from-dist@https://registry.npmjs.org/package-json-from-dist/-/package-json-from-dist-1.0.1.tgz. Extracting by manifest.
92 silly tarball no local data for p-try@https://registry.npmjs.org/p-try/-/p-try-2.2.0.tgz. Extracting by manifest.
93 silly tarball no local data for p-retry@https://registry.npmjs.org/p-retry/-/p-retry-4.6.2.tgz. Extracting by manifest.
94 silly tarball no local data for p-locate@https://registry.npmjs.org/p-locate/-/p-locate-4.1.0.tgz. Extracting by manifest.
95 silly tarball no local data for p-limit@https://registry.npmjs.org/p-limit/-/p-limit-2.3.0.tgz. Extracting by manifest.
96 silly tarball no local data for own-keys@https://registry.npmjs.org/own-keys/-/own-keys-1.0.1.tgz. Extracting by manifest.
97 silly tarball no local data for optionator@https://registry.npmjs.org/optionator/-/optionator-0.9.4.tgz. Extracting by manifest.
98 silly tarball no local data for open@https://registry.npmjs.org/open/-/open-8.4.2.tgz. Extracting by manifest.
99 silly tarball no local data for onetime@https://registry.npmjs.org/onetime/-/onetime-5.1.2.tgz. Extracting by manifest.
100 silly tarball no local data for keyv@https://registry.npmjs.org/keyv/-/keyv-4.5.4.tgz. Extracting by manifest.
101 silly tarball no local data for jsonpointer@https://registry.npmjs.org/jsonpointer/-/jsonpointer-5.0.1.tgz. Extracting by manifest.
102 silly tarball no local data for jsx-ast-utils@https://registry.npmjs.org/jsx-ast-utils/-/jsx-ast-utils-3.3.5.tgz. Extracting by manifest.
103 silly tarball no local data for jsonpath@https://registry.npmjs.org/jsonpath/-/jsonpath-1.1.1.tgz. Extracting by manifest.
104 silly tarball no local data for jest-environment-node@https://registry.npmjs.org/jest-environment-node/-/jest-environment-node-27.5.1.tgz. Extracting by manifest.
105 silly tarball no local data for jest-environment-jsdom@https://registry.npmjs.org/jest-environment-jsdom/-/jest-environment-jsdom-27.5.1.tgz. Extracting by manifest.
106 silly tarball no local data for jest-each@https://registry.npmjs.org/jest-each/-/jest-each-27.5.1.tgz. Extracting by manifest.
107 silly tarball no local data for jest-docblock@https://registry.npmjs.org/jest-docblock/-/jest-docblock-27.5.1.tgz. Extracting by manifest.
108 silly tarball no local data for jest-diff@https://registry.npmjs.org/jest-diff/-/jest-diff-27.5.1.tgz. Extracting by manifest.
109 silly tarball no local data for jest-config@https://registry.npmjs.org/jest-config/-/jest-config-27.5.1.tgz. Extracting by manifest.
110 silly tarball no local data for jest-circus@https://registry.npmjs.org/jest-circus/-/jest-circus-27.5.1.tgz. Extracting by manifest.
111 silly tarball no local data for jest-cli@https://registry.npmjs.org/jest-cli/-/jest-cli-27.5.1.tgz. Extracting by manifest.
112 silly tarball no local data for jest-changed-files@https://registry.npmjs.org/jest-changed-files/-/jest-changed-files-27.5.1.tgz. Extracting by manifest.
113 silly tarball no local data for jest@https://registry.npmjs.org/jest/-/jest-27.5.1.tgz. Extracting by manifest.
114 silly tarball no local data for jake@https://registry.npmjs.org/jake/-/jake-10.9.2.tgz. Extracting by manifest.
115 silly tarball no local data for jackspeak@https://registry.npmjs.org/jackspeak/-/jackspeak-3.4.3.tgz. Extracting by manifest.
116 silly tarball no local data for http-proxy@https://registry.npmjs.org/http-proxy/-/http-proxy-1.18.1.tgz. Extracting by manifest.
117 silly tarball no local data for http-proxy-agent@https://registry.npmjs.org/http-proxy-agent/-/http-proxy-agent-4.0.1.tgz. Extracting by manifest.
118 silly tarball no local data for http-parser-js@https://registry.npmjs.org/http-parser-js/-/http-parser-js-0.5.10.tgz. Extracting by manifest.
119 silly tarball no local data for http-errors@https://registry.npmjs.org/http-errors/-/http-errors-2.0.0.tgz. Extracting by manifest.
120 silly tarball no local data for http-deceiver@https://registry.npmjs.org/http-deceiver/-/http-deceiver-1.2.7.tgz. Extracting by manifest.
121 silly tarball no local data for htmlparser2@https://registry.npmjs.org/htmlparser2/-/htmlparser2-6.1.0.tgz. Extracting by manifest.
122 silly tarball no local data for html-webpack-plugin@https://registry.npmjs.org/html-webpack-plugin/-/html-webpack-plugin-5.6.3.tgz. Extracting by manifest.
123 silly tarball no local data for html-minifier-terser@https://registry.npmjs.org/html-minifier-terser/-/html-minifier-terser-6.1.0.tgz. Extracting by manifest.
124 silly tarball no local data for html-escaper@https://registry.npmjs.org/html-escaper/-/html-escaper-2.0.2.tgz. Extracting by manifest.
125 silly tarball no local data for html-entities@https://registry.npmjs.org/html-entities/-/html-entities-2.6.0.tgz. Extracting by manifest.
126 silly tarball no local data for html-encoding-sniffer@https://registry.npmjs.org/html-encoding-sniffer/-/html-encoding-sniffer-2.0.1.tgz. Extracting by manifest.
127 silly tarball no local data for hpack.js@https://registry.npmjs.org/hpack.js/-/hpack.js-2.1.6.tgz. Extracting by manifest.
128 silly tarball no local data for hoopy@https://registry.npmjs.org/hoopy/-/hoopy-0.1.4.tgz. Extracting by manifest.
129 silly tarball no local data for he@https://registry.npmjs.org/he/-/he-1.2.0.tgz. Extracting by manifest.
130 silly tarball no local data for hasown@https://registry.npmjs.org/hasown/-/hasown-2.0.2.tgz. Extracting by manifest.
131 silly tarball no local data for has-tostringtag@https://registry.npmjs.org/has-tostringtag/-/has-tostringtag-1.0.2.tgz. Extracting by manifest.
132 silly tarball no local data for has-proto@https://registry.npmjs.org/has-proto/-/has-proto-1.2.0.tgz. Extracting by manifest.
133 silly tarball no local data for has-symbols@https://registry.npmjs.org/has-symbols/-/has-symbols-1.1.0.tgz. Extracting by manifest.
134 silly tarball no local data for form-data@https://registry.npmjs.org/form-data/-/form-data-3.0.3.tgz. Extracting by manifest.
135 silly tarball no local data for fork-ts-checker-webpack-plugin@https://registry.npmjs.org/fork-ts-checker-webpack-plugin/-/fork-ts-checker-webpack-plugin-6.5.3.tgz. Extracting by manifest.
136 silly tarball no local data for foreground-child@https://registry.npmjs.org/foreground-child/-/foreground-child-3.3.1.tgz. Extracting by manifest.
137 silly tarball no local data for for-each@https://registry.npmjs.org/for-each/-/for-each-0.3.5.tgz. Extracting by manifest.
138 silly tarball no local data for follow-redirects@https://registry.npmjs.org/follow-redirects/-/follow-redirects-1.15.9.tgz. Extracting by manifest.
139 silly tarball no local data for flatted@https://registry.npmjs.org/flatted/-/flatted-3.3.3.tgz. Extracting by manifest.
140 silly tarball no local data for flat-cache@https://registry.npmjs.org/flat-cache/-/flat-cache-3.2.0.tgz. Extracting by manifest.
141 silly tarball no local data for find-up@https://registry.npmjs.org/find-up/-/find-up-4.1.0.tgz. Extracting by manifest.
142 silly tarball no local data for find-cache-dir@https://registry.npmjs.org/find-cache-dir/-/find-cache-dir-3.3.2.tgz. Extracting by manifest.
143 silly tarball no local data for finalhandler@https://registry.npmjs.org/finalhandler/-/finalhandler-1.3.1.tgz. Extracting by manifest.
144 silly tarball no local data for data-urls@https://registry.npmjs.org/data-urls/-/data-urls-2.0.0.tgz. Extracting by manifest.
145 silly tarball no local data for damerau-levenshtein@https://registry.npmjs.org/damerau-levenshtein/-/damerau-levenshtein-1.0.8.tgz. Extracting by manifest.
146 silly tarball no local data for cssstyle@https://registry.npmjs.org/cssstyle/-/cssstyle-2.3.0.tgz. Extracting by manifest.
147 silly tarball no local data for cssom@https://registry.npmjs.org/cssom/-/cssom-0.4.4.tgz. Extracting by manifest.
148 silly tarball no local data for csso@https://registry.npmjs.org/csso/-/csso-4.2.0.tgz. Extracting by manifest.
149 silly tarball no local data for cssnano-utils@https://registry.npmjs.org/cssnano-utils/-/cssnano-utils-3.1.0.tgz. Extracting by manifest.
150 silly tarball no local data for cssnano-preset-default@https://registry.npmjs.org/cssnano-preset-default/-/cssnano-preset-default-5.2.14.tgz. Extracting by manifest.
151 silly tarball no local data for cssnano@https://registry.npmjs.org/cssnano/-/cssnano-5.1.15.tgz. Extracting by manifest.
152 silly tarball no local data for cssesc@https://registry.npmjs.org/cssesc/-/cssesc-3.0.0.tgz. Extracting by manifest.
153 silly tarball no local data for cssdb@https://registry.npmjs.org/cssdb/-/cssdb-7.11.2.tgz. Extracting by manifest.
154 silly tarball no local data for css.escape@https://registry.npmjs.org/css.escape/-/css.escape-1.5.1.tgz. Extracting by manifest.
155 silly tarball no local data for css-what@https://registry.npmjs.org/css-what/-/css-what-6.1.0.tgz. Extracting by manifest.
156 silly tarball no local data for css-tree@https://registry.npmjs.org/css-tree/-/css-tree-1.0.0-alpha.37.tgz. Extracting by manifest.
157 silly tarball no local data for css-select-base-adapter@https://registry.npmjs.org/css-select-base-adapter/-/css-select-base-adapter-0.1.1.tgz. Extracting by manifest.
158 silly tarball no local data for css-select@https://registry.npmjs.org/css-select/-/css-select-4.3.0.tgz. Extracting by manifest.
159 silly tarball no local data for css-prefers-color-scheme@https://registry.npmjs.org/css-prefers-color-scheme/-/css-prefers-color-scheme-6.0.3.tgz. Extracting by manifest.
160 silly tarball no local data for css-minimizer-webpack-plugin@https://registry.npmjs.org/css-minimizer-webpack-plugin/-/css-minimizer-webpack-plugin-3.4.1.tgz. Extracting by manifest.
161 silly tarball no local data for css-loader@https://registry.npmjs.org/css-loader/-/css-loader-6.11.0.tgz. Extracting by manifest.
162 silly tarball no local data for css-has-pseudo@https://registry.npmjs.org/css-has-pseudo/-/css-has-pseudo-3.0.4.tgz. Extracting by manifest.
163 silly tarball no local data for css-declaration-sorter@https://registry.npmjs.org/css-declaration-sorter/-/css-declaration-sorter-6.4.1.tgz. Extracting by manifest.
164 silly tarball no local data for css-blank-pseudo@https://registry.npmjs.org/css-blank-pseudo/-/css-blank-pseudo-3.0.3.tgz. Extracting by manifest.
165 silly tarball no local data for call-bind@https://registry.npmjs.org/call-bind/-/call-bind-1.0.8.tgz. Extracting by manifest.
166 silly tarball no local data for bytes@https://registry.npmjs.org/bytes/-/bytes-3.1.2.tgz. Extracting by manifest.
167 silly tarball no local data for babel-loader@https://registry.npmjs.org/babel-loader/-/babel-loader-8.4.1.tgz. Extracting by manifest.
168 silly tarball no local data for babel-jest@https://registry.npmjs.org/babel-jest/-/babel-jest-27.5.1.tgz. Extracting by manifest.
169 silly tarball no local data for axobject-query@https://registry.npmjs.org/axobject-query/-/axobject-query-4.1.0.tgz. Extracting by manifest.
170 silly tarball no local data for axe-core@https://registry.npmjs.org/axe-core/-/axe-core-4.10.3.tgz. Extracting by manifest.
171 silly tarball no local data for autoprefixer@https://registry.npmjs.org/autoprefixer/-/autoprefixer-10.4.21.tgz. Extracting by manifest.
172 silly tarball no local data for at-least-node@https://registry.npmjs.org/at-least-node/-/at-least-node-1.0.0.tgz. Extracting by manifest.
173 silly tarball no local data for available-typed-arrays@https://registry.npmjs.org/available-typed-arrays/-/available-typed-arrays-1.0.7.tgz. Extracting by manifest.
174 silly tarball no local data for asynckit@https://registry.npmjs.org/asynckit/-/asynckit-0.4.0.tgz. Extracting by manifest.
175 silly tarball no local data for async-function@https://registry.npmjs.org/async-function/-/async-function-1.0.0.tgz. Extracting by manifest.
176 silly tarball no local data for async@https://registry.npmjs.org/async/-/async-3.2.6.tgz. Extracting by manifest.
177 silly tarball no local data for asap@https://registry.npmjs.org/asap/-/asap-2.0.6.tgz. Extracting by manifest.
178 silly tarball no local data for ast-types-flow@https://registry.npmjs.org/ast-types-flow/-/ast-types-flow-0.0.8.tgz. Extracting by manifest.
179 silly tarball no local data for arraybuffer.prototype.slice@https://registry.npmjs.org/arraybuffer.prototype.slice/-/arraybuffer.prototype.slice-1.0.4.tgz. Extracting by manifest.
180 silly tarball no local data for array.prototype.tosorted@https://registry.npmjs.org/array.prototype.tosorted/-/array.prototype.tosorted-1.1.4.tgz. Extracting by manifest.
181 silly tarball no local data for array.prototype.flatmap@https://registry.npmjs.org/array.prototype.flatmap/-/array.prototype.flatmap-1.3.3.tgz. Extracting by manifest.
182 silly tarball no local data for array.prototype.reduce@https://registry.npmjs.org/array.prototype.reduce/-/array.prototype.reduce-1.0.8.tgz. Extracting by manifest.
183 silly tarball no local data for array.prototype.flat@https://registry.npmjs.org/array.prototype.flat/-/array.prototype.flat-1.3.3.tgz. Extracting by manifest.
184 silly tarball no local data for array.prototype.findlast@https://registry.npmjs.org/array.prototype.findlast/-/array.prototype.findlast-1.2.5.tgz. Extracting by manifest.
185 silly tarball no local data for array.prototype.findlastindex@https://registry.npmjs.org/array.prototype.findlastindex/-/array.prototype.findlastindex-1.2.6.tgz. Extracting by manifest.
186 silly tarball no local data for array-includes@https://registry.npmjs.org/array-includes/-/array-includes-3.1.8.tgz. Extracting by manifest.
187 silly tarball no local data for array-union@https://registry.npmjs.org/array-union/-/array-union-2.1.0.tgz. Extracting by manifest.
188 silly tarball no local data for array-flatten@https://registry.npmjs.org/array-flatten/-/array-flatten-1.1.1.tgz. Extracting by manifest.
189 silly tarball no local data for array-buffer-byte-length@https://registry.npmjs.org/array-buffer-byte-length/-/array-buffer-byte-length-1.0.2.tgz. Extracting by manifest.
190 silly tarball no local data for arg@https://registry.npmjs.org/arg/-/arg-5.0.2.tgz. Extracting by manifest.
191 silly tarball no local data for aria-query@https://registry.npmjs.org/aria-query/-/aria-query-5.3.2.tgz. Extracting by manifest.
192 silly tarball no local data for argparse@https://registry.npmjs.org/argparse/-/argparse-1.0.10.tgz. Extracting by manifest.
193 silly tarball no local data for anymatch@https://registry.npmjs.org/anymatch/-/anymatch-3.1.3.tgz. Extracting by manifest.
194 silly tarball no local data for any-promise@https://registry.npmjs.org/any-promise/-/any-promise-1.3.0.tgz. Extracting by manifest.
195 silly tarball no local data for ansi-styles@https://registry.npmjs.org/ansi-styles/-/ansi-styles-4.3.0.tgz. Extracting by manifest.
196 silly tarball no local data for ansi-regex@https://registry.npmjs.org/ansi-regex/-/ansi-regex-5.0.1.tgz. Extracting by manifest.
197 silly tarball no local data for ansi-html-community@https://registry.npmjs.org/ansi-html-community/-/ansi-html-community-0.0.8.tgz. Extracting by manifest.
198 silly tarball no local data for ansi-html@https://registry.npmjs.org/ansi-html/-/ansi-html-0.0.9.tgz. Extracting by manifest.
199 silly tarball no local data for ansi-escapes@https://registry.npmjs.org/ansi-escapes/-/ansi-escapes-4.3.2.tgz. Extracting by manifest.
200 silly tarball no local data for ajv-keywords@https://registry.npmjs.org/ajv-keywords/-/ajv-keywords-3.5.2.tgz. Extracting by manifest.
201 silly tarball no local data for ajv-formats@https://registry.npmjs.org/ajv-formats/-/ajv-formats-2.1.1.tgz. Extracting by manifest.
202 silly tarball no local data for ajv@https://registry.npmjs.org/ajv/-/ajv-6.12.6.tgz. Extracting by manifest.
203 silly tarball no local data for agent-base@https://registry.npmjs.org/agent-base/-/agent-base-6.0.2.tgz. Extracting by manifest.
204 silly tarball no local data for adjust-sourcemap-loader@https://registry.npmjs.org/adjust-sourcemap-loader/-/adjust-sourcemap-loader-4.0.0.tgz. Extracting by manifest.
205 silly tarball no local data for address@https://registry.npmjs.org/address/-/address-1.2.2.tgz. Extracting by manifest.
206 silly tarball no local data for acorn-walk@https://registry.npmjs.org/acorn-walk/-/acorn-walk-7.2.0.tgz. Extracting by manifest.
207 silly tarball no local data for @istanbuljs/schema@https://registry.npmjs.org/@istanbuljs/schema/-/schema-0.1.3.tgz. Extracting by manifest.
208 silly tarball no local data for @jest/console@https://registry.npmjs.org/@jest/console/-/console-27.5.1.tgz. Extracting by manifest.
209 silly tarball no local data for @istanbuljs/load-nyc-config@https://registry.npmjs.org/@istanbuljs/load-nyc-config/-/load-nyc-config-1.1.0.tgz. Extracting by manifest.
210 silly tarball no local data for yargs@https://registry.npmjs.org/yargs/-/yargs-16.2.0.tgz. Extracting by manifest.
211 silly tarball no local data for yocto-queue@https://registry.npmjs.org/yocto-queue/-/yocto-queue-0.1.0.tgz. Extracting by manifest.
212 silly tarball no local data for yaml@https://registry.npmjs.org/yaml/-/yaml-1.10.2.tgz. Extracting by manifest.
213 silly tarball no local data for yallist@https://registry.npmjs.org/yallist/-/yallist-3.1.1.tgz. Extracting by manifest.
214 silly tarball no local data for yargs-parser@https://registry.npmjs.org/yargs-parser/-/yargs-parser-20.2.9.tgz. Extracting by manifest.
215 silly tarball no local data for y18n@https://registry.npmjs.org/y18n/-/y18n-5.0.8.tgz. Extracting by manifest.
216 silly tarball no local data for xmlchars@https://registry.npmjs.org/xmlchars/-/xmlchars-2.2.0.tgz. Extracting by manifest.
217 silly tarball no local data for xml-name-validator@https://registry.npmjs.org/xml-name-validator/-/xml-name-validator-3.0.0.tgz. Extracting by manifest.
218 silly tarball no local data for ws@https://registry.npmjs.org/ws/-/ws-7.5.10.tgz. Extracting by manifest.
219 silly tarball no local data for write-file-atomic@https://registry.npmjs.org/write-file-atomic/-/write-file-atomic-3.0.3.tgz. Extracting by manifest.
220 silly tarball no local data for wrap-ansi-cjs@https://registry.npmjs.org/wrap-ansi/-/wrap-ansi-7.0.0.tgz. Extracting by manifest.
221 silly tarball no local data for wrap-ansi@https://registry.npmjs.org/wrap-ansi/-/wrap-ansi-7.0.0.tgz. Extracting by manifest.
222 silly tarball no local data for wrappy@https://registry.npmjs.org/wrappy/-/wrappy-1.0.2.tgz. Extracting by manifest.
223 silly tarball no local data for workbox-window@https://registry.npmjs.org/workbox-window/-/workbox-window-6.6.0.tgz. Extracting by manifest.
224 silly tarball no local data for workbox-webpack-plugin@https://registry.npmjs.org/workbox-webpack-plugin/-/workbox-webpack-plugin-6.6.0.tgz. Extracting by manifest.
225 silly tarball no local data for workbox-sw@https://registry.npmjs.org/workbox-sw/-/workbox-sw-6.6.0.tgz. Extracting by manifest.
226 silly tarball no local data for workbox-streams@https://registry.npmjs.org/workbox-streams/-/workbox-streams-6.6.0.tgz. Extracting by manifest.
227 silly tarball no local data for workbox-strategies@https://registry.npmjs.org/workbox-strategies/-/workbox-strategies-6.6.0.tgz. Extracting by manifest.
228 silly tarball no local data for workbox-routing@https://registry.npmjs.org/workbox-routing/-/workbox-routing-6.6.0.tgz. Extracting by manifest.
229 silly tarball no local data for workbox-range-requests@https://registry.npmjs.org/workbox-range-requests/-/workbox-range-requests-6.6.0.tgz. Extracting by manifest.
230 silly tarball no local data for workbox-precaching@https://registry.npmjs.org/workbox-precaching/-/workbox-precaching-6.6.0.tgz. Extracting by manifest.
231 silly tarball no local data for workbox-recipes@https://registry.npmjs.org/workbox-recipes/-/workbox-recipes-6.6.0.tgz. Extracting by manifest.
232 silly tarball no local data for workbox-navigation-preload@https://registry.npmjs.org/workbox-navigation-preload/-/workbox-navigation-preload-6.6.0.tgz. Extracting by manifest.
233 silly tarball no local data for workbox-google-analytics@https://registry.npmjs.org/workbox-google-analytics/-/workbox-google-analytics-6.6.0.tgz. Extracting by manifest.
234 silly tarball no local data for workbox-expiration@https://registry.npmjs.org/workbox-expiration/-/workbox-expiration-6.6.0.tgz. Extracting by manifest.
235 silly tarball no local data for workbox-core@https://registry.npmjs.org/workbox-core/-/workbox-core-6.6.0.tgz. Extracting by manifest.
236 silly tarball no local data for workbox-cacheable-response@https://registry.npmjs.org/workbox-cacheable-response/-/workbox-cacheable-response-6.6.0.tgz. Extracting by manifest.
237 silly tarball no local data for workbox-build@https://registry.npmjs.org/workbox-build/-/workbox-build-6.6.0.tgz. Extracting by manifest.
238 silly tarball no local data for workbox-broadcast-update@https://registry.npmjs.org/workbox-broadcast-update/-/workbox-broadcast-update-6.6.0.tgz. Extracting by manifest.
239 silly tarball no local data for workbox-background-sync@https://registry.npmjs.org/workbox-background-sync/-/workbox-background-sync-6.6.0.tgz. Extracting by manifest.
240 silly tarball no local data for word-wrap@https://registry.npmjs.org/word-wrap/-/word-wrap-1.2.5.tgz. Extracting by manifest.
241 silly tarball no local data for which-typed-array@https://registry.npmjs.org/which-typed-array/-/which-typed-array-1.1.19.tgz. Extracting by manifest.
242 silly tarball no local data for which-collection@https://registry.npmjs.org/which-collection/-/which-collection-1.0.2.tgz. Extracting by manifest.
243 silly tarball no local data for which-builtin-type@https://registry.npmjs.org/which-builtin-type/-/which-builtin-type-1.2.1.tgz. Extracting by manifest.
244 silly tarball no local data for which-boxed-primitive@https://registry.npmjs.org/which-boxed-primitive/-/which-boxed-primitive-1.1.1.tgz. Extracting by manifest.
245 silly tarball no local data for which@https://registry.npmjs.org/which/-/which-2.0.2.tgz. Extracting by manifest.
246 silly tarball no local data for whatwg-mimetype@https://registry.npmjs.org/whatwg-mimetype/-/whatwg-mimetype-2.3.0.tgz. Extracting by manifest.
247 silly tarball no local data for whatwg-url@https://registry.npmjs.org/whatwg-url/-/whatwg-url-8.7.0.tgz. Extracting by manifest.
248 silly tarball no local data for whatwg-fetch@https://registry.npmjs.org/whatwg-fetch/-/whatwg-fetch-3.6.20.tgz. Extracting by manifest.
249 silly tarball no local data for whatwg-encoding@https://registry.npmjs.org/whatwg-encoding/-/whatwg-encoding-1.0.5.tgz. Extracting by manifest.
250 silly tarball no local data for websocket-extensions@https://registry.npmjs.org/websocket-extensions/-/websocket-extensions-0.1.4.tgz. Extracting by manifest.
251 silly tarball no local data for webpack-sources@https://registry.npmjs.org/webpack-sources/-/webpack-sources-3.2.3.tgz. Extracting by manifest.
252 silly tarball no local data for websocket-driver@https://registry.npmjs.org/websocket-driver/-/websocket-driver-0.7.4.tgz. Extracting by manifest.
253 silly tarball no local data for webpack-manifest-plugin@https://registry.npmjs.org/webpack-manifest-plugin/-/webpack-manifest-plugin-4.1.1.tgz. Extracting by manifest.
254 silly tarball no local data for webpack-dev-server@https://registry.npmjs.org/webpack-dev-server/-/webpack-dev-server-4.15.2.tgz. Extracting by manifest.
255 silly tarball no local data for webpack-dev-middleware@https://registry.npmjs.org/webpack-dev-middleware/-/webpack-dev-middleware-5.3.4.tgz. Extracting by manifest.
256 silly tarball no local data for webpack@https://registry.npmjs.org/webpack/-/webpack-5.99.8.tgz. Extracting by manifest.
257 silly tarball no local data for webidl-conversions@https://registry.npmjs.org/webidl-conversions/-/webidl-conversions-6.1.0.tgz. Extracting by manifest.
258 silly tarball no local data for web-vitals@https://registry.npmjs.org/web-vitals/-/web-vitals-2.1.4.tgz. Extracting by manifest.
259 silly tarball no local data for wbuf@https://registry.npmjs.org/wbuf/-/wbuf-1.7.3.tgz. Extracting by manifest.
260 silly tarball no local data for watchpack@https://registry.npmjs.org/watchpack/-/watchpack-2.4.2.tgz. Extracting by manifest.
261 silly tarball no local data for walker@https://registry.npmjs.org/walker/-/walker-1.0.8.tgz. Extracting by manifest.
262 silly tarball no local data for w3c-xmlserializer@https://registry.npmjs.org/w3c-xmlserializer/-/w3c-xmlserializer-2.0.0.tgz. Extracting by manifest.
263 silly tarball no local data for w3c-hr-time@https://registry.npmjs.org/w3c-hr-time/-/w3c-hr-time-1.0.2.tgz. Extracting by manifest.
264 silly tarball no local data for vary@https://registry.npmjs.org/vary/-/vary-1.1.2.tgz. Extracting by manifest.
265 silly tarball no local data for uuid@https://registry.npmjs.org/uuid/-/uuid-8.3.2.tgz. Extracting by manifest.
266 silly tarball no local data for v8-to-istanbul@https://registry.npmjs.org/v8-to-istanbul/-/v8-to-istanbul-8.1.1.tgz. Extracting by manifest.
267 silly tarball no local data for @babel/parser@https://registry.npmjs.org/@babel/parser/-/parser-7.27.2.tgz. Extracting by manifest.
268 silly tarball no local data for @babel/helper-wrap-function@https://registry.npmjs.org/@babel/helper-wrap-function/-/helper-wrap-function-7.27.1.tgz. Extracting by manifest.
269 silly tarball no local data for @babel/helpers@https://registry.npmjs.org/@babel/helpers/-/helpers-7.27.1.tgz. Extracting by manifest.
270 silly tarball no local data for levn@https://registry.npmjs.org/levn/-/levn-0.3.0.tgz. Extracting by manifest.
271 silly tarball no local data for estraverse@https://registry.npmjs.org/estraverse/-/estraverse-4.3.0.tgz. Extracting by manifest.
272 silly tarball no local data for escodegen@https://registry.npmjs.org/escodegen/-/escodegen-1.14.3.tgz. Extracting by manifest.
273 silly tarball no local data for escape-string-regexp@https://registry.npmjs.org/escape-string-regexp/-/escape-string-regexp-2.0.0.tgz. Extracting by manifest.
274 silly tarball no local data for utils-merge@https://registry.npmjs.org/utils-merge/-/utils-merge-1.0.1.tgz. Extracting by manifest.
275 silly tarball no local data for utila@https://registry.npmjs.org/utila/-/utila-0.4.0.tgz. Extracting by manifest.
276 silly tarball no local data for util.promisify@https://registry.npmjs.org/util.promisify/-/util.promisify-1.0.1.tgz. Extracting by manifest.
277 silly tarball no local data for util-deprecate@https://registry.npmjs.org/util-deprecate/-/util-deprecate-1.0.2.tgz. Extracting by manifest.
278 silly tarball no local data for url-parse@https://registry.npmjs.org/url-parse/-/url-parse-1.5.10.tgz. Extracting by manifest.
279 silly tarball no local data for uri-js@https://registry.npmjs.org/uri-js/-/uri-js-4.4.1.tgz. Extracting by manifest.
280 silly tarball no local data for update-browserslist-db@https://registry.npmjs.org/update-browserslist-db/-/update-browserslist-db-1.1.3.tgz. Extracting by manifest.
281 silly tarball no local data for upath@https://registry.npmjs.org/upath/-/upath-1.2.0.tgz. Extracting by manifest.
282 silly tarball no local data for unquote@https://registry.npmjs.org/unquote/-/unquote-1.1.1.tgz. Extracting by manifest.
283 silly tarball no local data for unpipe@https://registry.npmjs.org/unpipe/-/unpipe-1.0.0.tgz. Extracting by manifest.
284 silly tarball no local data for unique-string@https://registry.npmjs.org/unique-string/-/unique-string-2.0.0.tgz. Extracting by manifest.
285 silly tarball no local data for universalify@https://registry.npmjs.org/universalify/-/universalify-2.0.1.tgz. Extracting by manifest.
286 silly tarball no local data for unicode-property-aliases-ecmascript@https://registry.npmjs.org/unicode-property-aliases-ecmascript/-/unicode-property-aliases-ecmascript-2.1.0.tgz. Extracting by manifest.
287 silly tarball no local data for unicode-match-property-value-ecmascript@https://registry.npmjs.org/unicode-match-property-value-ecmascript/-/unicode-match-property-value-ecmascript-2.2.0.tgz. Extracting by manifest.
288 silly tarball no local data for unicode-match-property-ecmascript@https://registry.npmjs.org/unicode-match-property-ecmascript/-/unicode-match-property-ecmascript-2.0.0.tgz. Extracting by manifest.
289 silly tarball no local data for unicode-canonical-property-names-ecmascript@https://registry.npmjs.org/unicode-canonical-property-names-ecmascript/-/unicode-canonical-property-names-ecmascript-2.0.1.tgz. Extracting by manifest.
290 silly tarball no local data for undici-types@https://registry.npmjs.org/undici-types/-/undici-types-6.21.0.tgz. Extracting by manifest.
291 silly tarball no local data for underscore@https://registry.npmjs.org/underscore/-/underscore-1.12.1.tgz. Extracting by manifest.
292 silly tarball no local data for unbox-primitive@https://registry.npmjs.org/unbox-primitive/-/unbox-primitive-1.1.0.tgz. Extracting by manifest.
293 silly tarball no local data for typescript@https://registry.npmjs.org/typescript/-/typescript-4.9.5.tgz. Extracting by manifest.
294 silly tarball no local data for typedarray-to-buffer@https://registry.npmjs.org/typedarray-to-buffer/-/typedarray-to-buffer-3.1.5.tgz. Extracting by manifest.
295 silly tarball no local data for typed-array-length@https://registry.npmjs.org/typed-array-length/-/typed-array-length-1.0.7.tgz. Extracting by manifest.
296 silly tarball no local data for typed-array-byte-offset@https://registry.npmjs.org/typed-array-byte-offset/-/typed-array-byte-offset-1.0.4.tgz. Extracting by manifest.
297 silly tarball no local data for typed-array-byte-length@https://registry.npmjs.org/typed-array-byte-length/-/typed-array-byte-length-1.0.3.tgz. Extracting by manifest.
298 silly tarball no local data for typed-array-buffer@https://registry.npmjs.org/typed-array-buffer/-/typed-array-buffer-1.0.3.tgz. Extracting by manifest.
299 silly tarball no local data for type-is@https://registry.npmjs.org/type-is/-/type-is-1.6.18.tgz. Extracting by manifest.
300 silly tarball no local data for type-fest@https://registry.npmjs.org/type-fest/-/type-fest-0.21.3.tgz. Extracting by manifest.
301 silly tarball no local data for type-detect@https://registry.npmjs.org/type-detect/-/type-detect-4.0.8.tgz. Extracting by manifest.
302 silly tarball no local data for type-check@https://registry.npmjs.org/type-check/-/type-check-0.4.0.tgz. Extracting by manifest.
303 silly tarball no local data for tsutils@https://registry.npmjs.org/tsutils/-/tsutils-3.21.0.tgz. Extracting by manifest.
304 silly tarball no local data for tslib@https://registry.npmjs.org/tslib/-/tslib-2.8.1.tgz. Extracting by manifest.
305 silly tarball no local data for tsconfig-paths@https://registry.npmjs.org/tsconfig-paths/-/tsconfig-paths-3.15.0.tgz. Extracting by manifest.
306 silly tarball no local data for ts-interface-checker@https://registry.npmjs.org/ts-interface-checker/-/ts-interface-checker-0.1.13.tgz. Extracting by manifest.
307 silly tarball no local data for tryer@https://registry.npmjs.org/tryer/-/tryer-1.0.1.tgz. Extracting by manifest.
308 silly tarball no local data for trim-repeated@https://registry.npmjs.org/trim-repeated/-/trim-repeated-1.0.0.tgz. Extracting by manifest.
309 silly tarball no local data for tr46@https://registry.npmjs.org/tr46/-/tr46-2.1.0.tgz. Extracting by manifest.
310 silly tarball no local data for tough-cookie@https://registry.npmjs.org/tough-cookie/-/tough-cookie-4.1.4.tgz. Extracting by manifest.
311 silly tarball no local data for toidentifier@https://registry.npmjs.org/toidentifier/-/toidentifier-1.0.1.tgz. Extracting by manifest.
312 silly tarball no local data for to-regex-range@https://registry.npmjs.org/to-regex-range/-/to-regex-range-5.0.1.tgz. Extracting by manifest.
313 silly tarball no local data for tmpl@https://registry.npmjs.org/tmpl/-/tmpl-1.0.5.tgz. Extracting by manifest.
314 silly tarball no local data for thunky@https://registry.npmjs.org/thunky/-/thunky-1.1.0.tgz. Extracting by manifest.
315 silly tarball no local data for thenify-all@https://registry.npmjs.org/thenify-all/-/thenify-all-1.6.0.tgz. Extracting by manifest.
316 silly tarball no local data for thenify@https://registry.npmjs.org/thenify/-/thenify-3.3.1.tgz. Extracting by manifest.
317 silly tarball no local data for text-table@https://registry.npmjs.org/text-table/-/text-table-0.2.0.tgz. Extracting by manifest.
318 silly tarball no local data for throat@https://registry.npmjs.org/throat/-/throat-6.0.2.tgz. Extracting by manifest.
319 silly tarball no local data for test-exclude@https://registry.npmjs.org/test-exclude/-/test-exclude-6.0.0.tgz. Extracting by manifest.
320 silly tarball no local data for terser-webpack-plugin@https://registry.npmjs.org/terser-webpack-plugin/-/terser-webpack-plugin-5.3.14.tgz. Extracting by manifest.
321 silly tarball no local data for terser@https://registry.npmjs.org/terser/-/terser-5.39.0.tgz. Extracting by manifest.
322 silly tarball no local data for terminal-link@https://registry.npmjs.org/terminal-link/-/terminal-link-2.1.1.tgz. Extracting by manifest.
323 silly tarball no local data for tempy@https://registry.npmjs.org/tempy/-/tempy-0.6.0.tgz. Extracting by manifest.
324 silly tarball no local data for temp-dir@https://registry.npmjs.org/temp-dir/-/temp-dir-2.0.0.tgz. Extracting by manifest.
325 silly tarball no local data for tapable@https://registry.npmjs.org/tapable/-/tapable-2.2.1.tgz. Extracting by manifest.
326 silly tarball no local data for tailwindcss@https://registry.npmjs.org/tailwindcss/-/tailwindcss-3.4.17.tgz. Extracting by manifest.
327 silly tarball no local data for symbol-tree@https://registry.npmjs.org/symbol-tree/-/symbol-tree-3.2.4.tgz. Extracting by manifest.
328 silly tarball no local data for svgo@https://registry.npmjs.org/svgo/-/svgo-1.3.2.tgz. Extracting by manifest.
329 silly tarball no local data for svg-parser@https://registry.npmjs.org/svg-parser/-/svg-parser-2.0.4.tgz. Extracting by manifest.
330 silly tarball no local data for supports-preserve-symlinks-flag@https://registry.npmjs.org/supports-preserve-symlinks-flag/-/supports-preserve-symlinks-flag-1.0.0.tgz. Extracting by manifest.
331 silly tarball no local data for supports-hyperlinks@https://registry.npmjs.org/supports-hyperlinks/-/supports-hyperlinks-2.3.0.tgz. Extracting by manifest.
332 silly tarball no local data for supports-color@https://registry.npmjs.org/supports-color/-/supports-color-7.2.0.tgz. Extracting by manifest.
333 silly tarball no local data for stylehacks@https://registry.npmjs.org/stylehacks/-/stylehacks-5.1.1.tgz. Extracting by manifest.
334 silly tarball no local data for strip-outer@https://registry.npmjs.org/strip-outer/-/strip-outer-1.0.1.tgz. Extracting by manifest.
335 silly tarball no local data for style-loader@https://registry.npmjs.org/style-loader/-/style-loader-3.3.4.tgz. Extracting by manifest.
336 silly tarball no local data for sucrase@https://registry.npmjs.org/sucrase/-/sucrase-3.35.0.tgz. Extracting by manifest.
337 silly tarball no local data for strip-json-comments@https://registry.npmjs.org/strip-json-comments/-/strip-json-comments-3.1.1.tgz. Extracting by manifest.
338 silly tarball no local data for strip-indent@https://registry.npmjs.org/strip-indent/-/strip-indent-3.0.0.tgz. Extracting by manifest.
339 silly tarball no local data for strip-final-newline@https://registry.npmjs.org/strip-final-newline/-/strip-final-newline-2.0.0.tgz. Extracting by manifest.
340 silly tarball no local data for strip-comments@https://registry.npmjs.org/strip-comments/-/strip-comments-2.0.1.tgz. Extracting by manifest.
341 silly tarball no local data for strip-bom@https://registry.npmjs.org/strip-bom/-/strip-bom-4.0.0.tgz. Extracting by manifest.
342 silly tarball no local data for strip-ansi-cjs@https://registry.npmjs.org/strip-ansi/-/strip-ansi-6.0.1.tgz. Extracting by manifest.
343 silly tarball no local data for strip-ansi@https://registry.npmjs.org/strip-ansi/-/strip-ansi-6.0.1.tgz. Extracting by manifest.
344 silly tarball no local data for stringify-object@https://registry.npmjs.org/stringify-object/-/stringify-object-3.3.0.tgz. Extracting by manifest.
345 silly tarball no local data for string.prototype.trimstart@https://registry.npmjs.org/string.prototype.trimstart/-/string.prototype.trimstart-1.0.8.tgz. Extracting by manifest.
346 silly tarball no local data for string.prototype.trimend@https://registry.npmjs.org/string.prototype.trimend/-/string.prototype.trimend-1.0.9.tgz. Extracting by manifest.
347 silly tarball no local data for string.prototype.trim@https://registry.npmjs.org/string.prototype.trim/-/string.prototype.trim-1.2.10.tgz. Extracting by manifest.
348 silly tarball no local data for string.prototype.repeat@https://registry.npmjs.org/string.prototype.repeat/-/string.prototype.repeat-1.0.0.tgz. Extracting by manifest.
349 silly tarball no local data for string.prototype.matchall@https://registry.npmjs.org/string.prototype.matchall/-/string.prototype.matchall-4.0.12.tgz. Extracting by manifest.
350 silly tarball no local data for string-width-cjs@https://registry.npmjs.org/string-width/-/string-width-4.2.3.tgz. Extracting by manifest.
351 silly tarball no local data for string.prototype.includes@https://registry.npmjs.org/string.prototype.includes/-/string.prototype.includes-2.0.1.tgz. Extracting by manifest.
352 silly tarball no local data for string-width@https://registry.npmjs.org/string-width/-/string-width-4.2.3.tgz. Extracting by manifest.
353 silly tarball no local data for string-natural-compare@https://registry.npmjs.org/string-natural-compare/-/string-natural-compare-3.0.1.tgz. Extracting by manifest.
354 silly tarball no local data for string-length@https://registry.npmjs.org/string-length/-/string-length-4.0.2.tgz. Extracting by manifest.
355 silly tarball no local data for string_decoder@https://registry.npmjs.org/string_decoder/-/string_decoder-1.3.0.tgz. Extracting by manifest.
356 silly tarball no local data for statuses@https://registry.npmjs.org/statuses/-/statuses-2.0.1.tgz. Extracting by manifest.
357 silly tarball no local data for static-eval@https://registry.npmjs.org/static-eval/-/static-eval-2.0.2.tgz. Extracting by manifest.
358 silly tarball no local data for stackframe@https://registry.npmjs.org/stackframe/-/stackframe-1.3.4.tgz. Extracting by manifest.
359 silly tarball no local data for stack-utils@https://registry.npmjs.org/stack-utils/-/stack-utils-2.0.6.tgz. Extracting by manifest.
360 silly tarball no local data for stable@https://registry.npmjs.org/stable/-/stable-0.1.8.tgz. Extracting by manifest.
361 silly tarball no local data for sprintf-js@https://registry.npmjs.org/sprintf-js/-/sprintf-js-1.0.3.tgz. Extracting by manifest.
362 silly tarball no local data for jest-worker@https://registry.npmjs.org/jest-worker/-/jest-worker-28.1.3.tgz. Extracting by manifest.
363 silly tarball no local data for semver@https://registry.npmjs.org/semver/-/semver-6.3.1.tgz. Extracting by manifest.
364 silly tarball no local data for resolve@https://registry.npmjs.org/resolve/-/resolve-2.0.0-next.5.tgz. Extracting by manifest.
365 silly tarball no local data for doctrine@https://registry.npmjs.org/doctrine/-/doctrine-2.1.0.tgz. Extracting by manifest.
366 silly tarball no local data for semver@https://registry.npmjs.org/semver/-/semver-6.3.1.tgz. Extracting by manifest.
367 silly tarball no local data for doctrine@https://registry.npmjs.org/doctrine/-/doctrine-2.1.0.tgz. Extracting by manifest.
368 silly tarball no local data for debug@https://registry.npmjs.org/debug/-/debug-3.2.7.tgz. Extracting by manifest.
369 silly tarball no local data for debug@https://registry.npmjs.org/debug/-/debug-3.2.7.tgz. Extracting by manifest.
370 silly tarball no local data for spdy-transport@https://registry.npmjs.org/spdy-transport/-/spdy-transport-3.0.0.tgz. Extracting by manifest.
371 silly tarball no local data for spdy@https://registry.npmjs.org/spdy/-/spdy-4.0.2.tgz. Extracting by manifest.
372 silly tarball no local data for sourcemap-codec@https://registry.npmjs.org/sourcemap-codec/-/sourcemap-codec-1.4.8.tgz. Extracting by manifest.
373 silly tarball no local data for source-map-support@https://registry.npmjs.org/source-map-support/-/source-map-support-0.5.21.tgz. Extracting by manifest.
374 silly tarball no local data for source-map-loader@https://registry.npmjs.org/source-map-loader/-/source-map-loader-3.0.2.tgz. Extracting by manifest.
375 silly tarball no local data for source-map-js@https://registry.npmjs.org/source-map-js/-/source-map-js-1.2.1.tgz. Extracting by manifest.
376 silly tarball no local data for source-map@https://registry.npmjs.org/source-map/-/source-map-0.7.4.tgz. Extracting by manifest.
377 silly tarball no local data for source-list-map@https://registry.npmjs.org/source-list-map/-/source-list-map-2.0.1.tgz. Extracting by manifest.
378 silly tarball no local data for slash@https://registry.npmjs.org/slash/-/slash-3.0.0.tgz. Extracting by manifest.
379 silly tarball no local data for sockjs@https://registry.npmjs.org/sockjs/-/sockjs-0.3.24.tgz. Extracting by manifest.
380 silly tarball no local data for sisteransi@https://registry.npmjs.org/sisteransi/-/sisteransi-1.0.5.tgz. Extracting by manifest.
381 silly tarball no local data for signal-exit@https://registry.npmjs.org/signal-exit/-/signal-exit-3.0.7.tgz. Extracting by manifest.
382 silly tarball no local data for side-channel-weakmap@https://registry.npmjs.org/side-channel-weakmap/-/side-channel-weakmap-1.0.2.tgz. Extracting by manifest.
383 silly tarball no local data for side-channel-map@https://registry.npmjs.org/side-channel-map/-/side-channel-map-1.0.1.tgz. Extracting by manifest.
384 silly tarball no local data for side-channel-list@https://registry.npmjs.org/side-channel-list/-/side-channel-list-1.0.0.tgz. Extracting by manifest.
385 silly tarball no local data for shebang-regex@https://registry.npmjs.org/shebang-regex/-/shebang-regex-3.0.0.tgz. Extracting by manifest.
386 silly tarball no local data for shebang-command@https://registry.npmjs.org/shebang-command/-/shebang-command-2.0.0.tgz. Extracting by manifest.
387 silly tarball no local data for shell-quote@https://registry.npmjs.org/shell-quote/-/shell-quote-1.8.2.tgz. Extracting by manifest.
388 silly tarball no local data for side-channel@https://registry.npmjs.org/side-channel/-/side-channel-1.1.0.tgz. Extracting by manifest.
389 silly tarball no local data for setprototypeof@https://registry.npmjs.org/setprototypeof/-/setprototypeof-1.2.0.tgz. Extracting by manifest.
390 silly tarball no local data for set-proto@https://registry.npmjs.org/set-proto/-/set-proto-1.0.0.tgz. Extracting by manifest.
391 silly tarball no local data for set-function-name@https://registry.npmjs.org/set-function-name/-/set-function-name-2.0.2.tgz. Extracting by manifest.
392 silly tarball no local data for set-function-length@https://registry.npmjs.org/set-function-length/-/set-function-length-1.2.2.tgz. Extracting by manifest.
393 silly tarball no local data for serve-static@https://registry.npmjs.org/serve-static/-/serve-static-1.16.2.tgz. Extracting by manifest.
394 silly tarball no local data for serve-index@https://registry.npmjs.org/serve-index/-/serve-index-1.9.1.tgz. Extracting by manifest.
395 silly tarball no local data for serialize-javascript@https://registry.npmjs.org/serialize-javascript/-/serialize-javascript-6.0.2.tgz. Extracting by manifest.
396 silly tarball no local data for send@https://registry.npmjs.org/send/-/send-0.19.0.tgz. Extracting by manifest.
397 silly tarball no local data for semver@https://registry.npmjs.org/semver/-/semver-7.7.1.tgz. Extracting by manifest.
398 silly tarball no local data for selfsigned@https://registry.npmjs.org/selfsigned/-/selfsigned-2.4.1.tgz. Extracting by manifest.
399 silly tarball no local data for select-hose@https://registry.npmjs.org/select-hose/-/select-hose-2.0.0.tgz. Extracting by manifest.
400 silly tarball no local data for schema-utils@https://registry.npmjs.org/schema-utils/-/schema-utils-4.3.2.tgz. Extracting by manifest.
401 silly tarball no local data for scheduler@https://registry.npmjs.org/scheduler/-/scheduler-0.26.0.tgz. Extracting by manifest.
402 silly tarball no local data for saxes@https://registry.npmjs.org/saxes/-/saxes-5.0.1.tgz. Extracting by manifest.
403 silly tarball no local data for sax@https://registry.npmjs.org/sax/-/sax-1.2.4.tgz. Extracting by manifest.
404 silly tarball no local data for sass-loader@https://registry.npmjs.org/sass-loader/-/sass-loader-12.6.0.tgz. Extracting by manifest.
405 silly tarball no local data for sanitize.css@https://registry.npmjs.org/sanitize.css/-/sanitize.css-13.0.0.tgz. Extracting by manifest.
406 silly tarball no local data for react-scripts@https://registry.npmjs.org/react-scripts/-/react-scripts-5.0.1.tgz. Extracting by manifest.
407 silly tarball no local data for react-refresh@https://registry.npmjs.org/react-refresh/-/react-refresh-0.11.0.tgz. Extracting by manifest.
408 silly tarball no local data for react-is@https://registry.npmjs.org/react-is/-/react-is-17.0.2.tgz. Extracting by manifest.
409 silly tarball no local data for react-error-overlay@https://registry.npmjs.org/react-error-overlay/-/react-error-overlay-6.1.0.tgz. Extracting by manifest.
410 silly tarball no local data for react-dev-utils@https://registry.npmjs.org/react-dev-utils/-/react-dev-utils-12.0.1.tgz. Extracting by manifest.
411 silly tarball no local data for react-app-polyfill@https://registry.npmjs.org/react-app-polyfill/-/react-app-polyfill-3.0.0.tgz. Extracting by manifest.
412 silly tarball no local data for react-dom@https://registry.npmjs.org/react-dom/-/react-dom-19.1.0.tgz. Extracting by manifest.
413 silly tarball no local data for react@https://registry.npmjs.org/react/-/react-19.1.0.tgz. Extracting by manifest.
414 silly tarball no local data for raw-body@https://registry.npmjs.org/raw-body/-/raw-body-2.5.2.tgz. Extracting by manifest.
415 silly tarball no local data for range-parser@https://registry.npmjs.org/range-parser/-/range-parser-1.2.1.tgz. Extracting by manifest.
416 silly tarball no local data for randombytes@https://registry.npmjs.org/randombytes/-/randombytes-2.1.0.tgz. Extracting by manifest.
417 silly tarball no local data for raf@https://registry.npmjs.org/raf/-/raf-3.4.1.tgz. Extracting by manifest.
418 silly tarball no local data for queue-microtask@https://registry.npmjs.org/queue-microtask/-/queue-microtask-1.2.3.tgz. Extracting by manifest.
419 silly tarball no local data for querystringify@https://registry.npmjs.org/querystringify/-/querystringify-2.2.0.tgz. Extracting by manifest.
420 silly tarball no local data for qs@https://registry.npmjs.org/qs/-/qs-6.13.0.tgz. Extracting by manifest.
421 silly tarball no local data for q@https://registry.npmjs.org/q/-/q-1.5.1.tgz. Extracting by manifest.
422 silly tarball no local data for punycode@https://registry.npmjs.org/punycode/-/punycode-2.3.1.tgz. Extracting by manifest.
423 silly tarball no local data for psl@https://registry.npmjs.org/psl/-/psl-1.15.0.tgz. Extracting by manifest.
424 silly tarball no local data for proxy-addr@https://registry.npmjs.org/proxy-addr/-/proxy-addr-2.0.7.tgz. Extracting by manifest.
425 silly tarball no local data for prop-types@https://registry.npmjs.org/prop-types/-/prop-types-15.8.1.tgz. Extracting by manifest.
426 silly tarball no local data for prompts@https://registry.npmjs.org/prompts/-/prompts-2.4.2.tgz. Extracting by manifest.
427 silly tarball no local data for promise@https://registry.npmjs.org/promise/-/promise-8.3.0.tgz. Extracting by manifest.
428 silly tarball no local data for process-nextick-args@https://registry.npmjs.org/process-nextick-args/-/process-nextick-args-2.0.1.tgz. Extracting by manifest.
429 silly tarball no local data for pretty-format@https://registry.npmjs.org/pretty-format/-/pretty-format-27.5.1.tgz. Extracting by manifest.
430 silly tarball no local data for pretty-bytes@https://registry.npmjs.org/pretty-bytes/-/pretty-bytes-5.6.0.tgz. Extracting by manifest.
431 silly tarball no local data for prelude-ls@https://registry.npmjs.org/prelude-ls/-/prelude-ls-1.2.1.tgz. Extracting by manifest.
432 silly tarball no local data for postcss-value-parser@https://registry.npmjs.org/postcss-value-parser/-/postcss-value-parser-4.2.0.tgz. Extracting by manifest.
433 silly tarball no local data for postcss-unique-selectors@https://registry.npmjs.org/postcss-unique-selectors/-/postcss-unique-selectors-5.1.1.tgz. Extracting by manifest.
434 silly tarball no local data for postcss-svgo@https://registry.npmjs.org/postcss-svgo/-/postcss-svgo-5.1.0.tgz. Extracting by manifest.
435 silly tarball no local data for pretty-error@https://registry.npmjs.org/pretty-error/-/pretty-error-4.0.0.tgz. Extracting by manifest.
436 silly tarball no local data for postcss-selector-parser@https://registry.npmjs.org/postcss-selector-parser/-/postcss-selector-parser-6.1.2.tgz. Extracting by manifest.
437 silly tarball no local data for postcss-selector-not@https://registry.npmjs.org/postcss-selector-not/-/postcss-selector-not-6.0.1.tgz. Extracting by manifest.
438 silly tarball no local data for postcss-replace-overflow-wrap@https://registry.npmjs.org/postcss-replace-overflow-wrap/-/postcss-replace-overflow-wrap-4.0.0.tgz. Extracting by manifest.
439 silly tarball no local data for postcss-reduce-transforms@https://registry.npmjs.org/postcss-reduce-transforms/-/postcss-reduce-transforms-5.1.0.tgz. Extracting by manifest.
440 silly tarball no local data for postcss-reduce-initial@https://registry.npmjs.org/postcss-reduce-initial/-/postcss-reduce-initial-5.1.2.tgz. Extracting by manifest.
441 silly tarball no local data for postcss-pseudo-class-any-link@https://registry.npmjs.org/postcss-pseudo-class-any-link/-/postcss-pseudo-class-any-link-7.1.6.tgz. Extracting by manifest.
442 silly tarball no local data for postcss-place@https://registry.npmjs.org/postcss-place/-/postcss-place-7.0.5.tgz. Extracting by manifest.
443 silly tarball no local data for postcss-preset-env@https://registry.npmjs.org/postcss-preset-env/-/postcss-preset-env-7.8.3.tgz. Extracting by manifest.
444 silly tarball no local data for postcss-page-break@https://registry.npmjs.org/postcss-page-break/-/postcss-page-break-3.0.4.tgz. Extracting by manifest.
445 silly tarball no local data for postcss-overflow-shorthand@https://registry.npmjs.org/postcss-overflow-shorthand/-/postcss-overflow-shorthand-3.0.4.tgz. Extracting by manifest.
446 silly tarball no local data for postcss-ordered-values@https://registry.npmjs.org/postcss-ordered-values/-/postcss-ordered-values-5.1.3.tgz. Extracting by manifest.
447 silly tarball no local data for postcss-opacity-percentage@https://registry.npmjs.org/postcss-opacity-percentage/-/postcss-opacity-percentage-1.1.3.tgz. Extracting by manifest.
448 silly tarball no local data for postcss-normalize-whitespace@https://registry.npmjs.org/postcss-normalize-whitespace/-/postcss-normalize-whitespace-5.1.1.tgz. Extracting by manifest.
449 silly tarball no local data for postcss-normalize-url@https://registry.npmjs.org/postcss-normalize-url/-/postcss-normalize-url-5.1.0.tgz. Extracting by manifest.
450 silly tarball no local data for postcss-normalize-unicode@https://registry.npmjs.org/postcss-normalize-unicode/-/postcss-normalize-unicode-5.1.1.tgz. Extracting by manifest.
451 silly tarball no local data for postcss-normalize-timing-functions@https://registry.npmjs.org/postcss-normalize-timing-functions/-/postcss-normalize-timing-functions-5.1.0.tgz. Extracting by manifest.
452 silly tarball no local data for postcss-normalize-string@https://registry.npmjs.org/postcss-normalize-string/-/postcss-normalize-string-5.1.0.tgz. Extracting by manifest.
453 silly tarball no local data for postcss-normalize-repeat-style@https://registry.npmjs.org/postcss-normalize-repeat-style/-/postcss-normalize-repeat-style-5.1.1.tgz. Extracting by manifest.
454 silly tarball no local data for postcss-normalize-positions@https://registry.npmjs.org/postcss-normalize-positions/-/postcss-normalize-positions-5.1.1.tgz. Extracting by manifest.
455 silly tarball no local data for postcss-normalize-charset@https://registry.npmjs.org/postcss-normalize-charset/-/postcss-normalize-charset-5.1.0.tgz. Extracting by manifest.
456 silly tarball no local data for postcss-normalize-display-values@https://registry.npmjs.org/postcss-normalize-display-values/-/postcss-normalize-display-values-5.1.0.tgz. Extracting by manifest.
457 silly tarball no local data for postcss-normalize@https://registry.npmjs.org/postcss-normalize/-/postcss-normalize-10.0.1.tgz. Extracting by manifest.
458 silly tarball no local data for postcss-nested@https://registry.npmjs.org/postcss-nested/-/postcss-nested-6.2.0.tgz. Extracting by manifest.
459 silly tarball no local data for postcss-modules-values@https://registry.npmjs.org/postcss-modules-values/-/postcss-modules-values-4.0.0.tgz. Extracting by manifest.
460 silly tarball no local data for postcss-modules-scope@https://registry.npmjs.org/postcss-modules-scope/-/postcss-modules-scope-3.2.1.tgz. Extracting by manifest.
461 silly tarball no local data for postcss-modules-local-by-default@https://registry.npmjs.org/postcss-modules-local-by-default/-/postcss-modules-local-by-default-4.2.0.tgz. Extracting by manifest.
462 silly tarball no local data for postcss-modules-extract-imports@https://registry.npmjs.org/postcss-modules-extract-imports/-/postcss-modules-extract-imports-3.1.0.tgz. Extracting by manifest.
463 silly tarball no local data for postcss-minify-selectors@https://registry.npmjs.org/postcss-minify-selectors/-/postcss-minify-selectors-5.2.1.tgz. Extracting by manifest.
464 silly tarball no local data for postcss-minify-params@https://registry.npmjs.org/postcss-minify-params/-/postcss-minify-params-5.1.4.tgz. Extracting by manifest.
465 silly tarball no local data for postcss-minify-gradients@https://registry.npmjs.org/postcss-minify-gradients/-/postcss-minify-gradients-5.1.1.tgz. Extracting by manifest.
466 silly tarball no local data for postcss-minify-font-values@https://registry.npmjs.org/postcss-minify-font-values/-/postcss-minify-font-values-5.1.0.tgz. Extracting by manifest.
467 silly tarball no local data for postcss-merge-rules@https://registry.npmjs.org/postcss-merge-rules/-/postcss-merge-rules-5.1.4.tgz. Extracting by manifest.
468 silly tarball no local data for postcss-merge-longhand@https://registry.npmjs.org/postcss-merge-longhand/-/postcss-merge-longhand-5.1.7.tgz. Extracting by manifest.
469 silly tarball no local data for postcss-media-minmax@https://registry.npmjs.org/postcss-media-minmax/-/postcss-media-minmax-5.0.0.tgz. Extracting by manifest.
470 silly tarball no local data for postcss-logical@https://registry.npmjs.org/postcss-logical/-/postcss-logical-5.0.4.tgz. Extracting by manifest.
471 silly tarball no local data for postcss-loader@https://registry.npmjs.org/postcss-loader/-/postcss-loader-6.2.1.tgz. Extracting by manifest.
472 silly tarball no local data for postcss-load-config@https://registry.npmjs.org/postcss-load-config/-/postcss-load-config-4.0.2.tgz. Extracting by manifest.
473 silly tarball no local data for postcss-lab-function@https://registry.npmjs.org/postcss-lab-function/-/postcss-lab-function-4.2.1.tgz. Extracting by manifest.
474 silly tarball no local data for postcss-js@https://registry.npmjs.org/postcss-js/-/postcss-js-4.0.1.tgz. Extracting by manifest.
475 silly tarball no local data for postcss-initial@https://registry.npmjs.org/postcss-initial/-/postcss-initial-4.0.1.tgz. Extracting by manifest.
476 silly tarball no local data for postcss-import@https://registry.npmjs.org/postcss-import/-/postcss-import-15.1.0.tgz. Extracting by manifest.
477 silly tarball no local data for postcss-image-set-function@https://registry.npmjs.org/postcss-image-set-function/-/postcss-image-set-function-4.0.7.tgz. Extracting by manifest.
478 silly tarball no local data for postcss-gap-properties@https://registry.npmjs.org/postcss-gap-properties/-/postcss-gap-properties-3.0.5.tgz. Extracting by manifest.
479 silly tarball no local data for postcss-nesting@https://registry.npmjs.org/postcss-nesting/-/postcss-nesting-10.2.0.tgz. Extracting by manifest.
480 silly tarball no local data for postcss-focus-within@https://registry.npmjs.org/postcss-focus-within/-/postcss-focus-within-5.0.4.tgz. Extracting by manifest.
481 silly tarball no local data for postcss-font-variant@https://registry.npmjs.org/postcss-font-variant/-/postcss-font-variant-5.0.0.tgz. Extracting by manifest.
482 silly tarball no local data for postcss-focus-visible@https://registry.npmjs.org/postcss-focus-visible/-/postcss-focus-visible-6.0.4.tgz. Extracting by manifest.
483 silly tarball no local data for postcss-flexbugs-fixes@https://registry.npmjs.org/postcss-flexbugs-fixes/-/postcss-flexbugs-fixes-5.0.2.tgz. Extracting by manifest.
484 silly tarball no local data for postcss-env-function@https://registry.npmjs.org/postcss-env-function/-/postcss-env-function-4.0.6.tgz. Extracting by manifest.
485 silly tarball no local data for postcss-double-position-gradients@https://registry.npmjs.org/postcss-double-position-gradients/-/postcss-double-position-gradients-3.1.2.tgz. Extracting by manifest.
486 silly tarball no local data for postcss-discard-empty@https://registry.npmjs.org/postcss-discard-empty/-/postcss-discard-empty-5.1.1.tgz. Extracting by manifest.
487 silly tarball no local data for postcss-discard-overridden@https://registry.npmjs.org/postcss-discard-overridden/-/postcss-discard-overridden-5.1.0.tgz. Extracting by manifest.
488 silly tarball no local data for postcss-discard-duplicates@https://registry.npmjs.org/postcss-discard-duplicates/-/postcss-discard-duplicates-5.1.0.tgz. Extracting by manifest.
489 silly tarball no local data for postcss-discard-comments@https://registry.npmjs.org/postcss-discard-comments/-/postcss-discard-comments-5.1.2.tgz. Extracting by manifest.
490 silly tarball no local data for postcss-dir-pseudo-class@https://registry.npmjs.org/postcss-dir-pseudo-class/-/postcss-dir-pseudo-class-6.0.5.tgz. Extracting by manifest.
491 silly tarball no local data for postcss-custom-properties@https://registry.npmjs.org/postcss-custom-properties/-/postcss-custom-properties-12.1.11.tgz. Extracting by manifest.
492 silly tarball no local data for postcss-custom-selectors@https://registry.npmjs.org/postcss-custom-selectors/-/postcss-custom-selectors-6.0.3.tgz. Extracting by manifest.
493 silly tarball no local data for postcss-custom-media@https://registry.npmjs.org/postcss-custom-media/-/postcss-custom-media-8.0.2.tgz. Extracting by manifest.
494 silly tarball no local data for postcss-convert-values@https://registry.npmjs.org/postcss-convert-values/-/postcss-convert-values-5.1.3.tgz. Extracting by manifest.
495 silly tarball no local data for postcss-colormin@https://registry.npmjs.org/postcss-colormin/-/postcss-colormin-5.3.1.tgz. Extracting by manifest.
496 silly tarball no local data for postcss-color-rebeccapurple@https://registry.npmjs.org/postcss-color-rebeccapurple/-/postcss-color-rebeccapurple-7.1.1.tgz. Extracting by manifest.
497 silly tarball no local data for postcss-color-hex-alpha@https://registry.npmjs.org/postcss-color-hex-alpha/-/postcss-color-hex-alpha-8.0.4.tgz. Extracting by manifest.
498 silly tarball no local data for postcss-color-functional-notation@https://registry.npmjs.org/postcss-color-functional-notation/-/postcss-color-functional-notation-4.2.4.tgz. Extracting by manifest.
499 silly tarball no local data for postcss-clamp@https://registry.npmjs.org/postcss-clamp/-/postcss-clamp-4.1.0.tgz. Extracting by manifest.
500 silly tarball no local data for postcss-calc@https://registry.npmjs.org/postcss-calc/-/postcss-calc-8.2.4.tgz. Extracting by manifest.
501 silly tarball no local data for postcss-browser-comments@https://registry.npmjs.org/postcss-browser-comments/-/postcss-browser-comments-4.0.0.tgz. Extracting by manifest.
502 silly tarball no local data for postcss-attribute-case-insensitive@https://registry.npmjs.org/postcss-attribute-case-insensitive/-/postcss-attribute-case-insensitive-5.0.2.tgz. Extracting by manifest.
503 silly tarball no local data for postcss@https://registry.npmjs.org/postcss/-/postcss-8.5.3.tgz. Extracting by manifest.
504 silly tarball no local data for possible-typed-array-names@https://registry.npmjs.org/possible-typed-array-names/-/possible-typed-array-names-1.1.0.tgz. Extracting by manifest.
505 silly tarball no local data for pkg-up@https://registry.npmjs.org/pkg-up/-/pkg-up-3.1.0.tgz. Extracting by manifest.
506 silly tarball no local data for pkg-dir@https://registry.npmjs.org/pkg-dir/-/pkg-dir-4.2.0.tgz. Extracting by manifest.
507 silly tarball no local data for pirates@https://registry.npmjs.org/pirates/-/pirates-4.0.7.tgz. Extracting by manifest.
508 silly tarball no local data for pify@https://registry.npmjs.org/pify/-/pify-2.3.0.tgz. Extracting by manifest.
509 silly tarball no local data for picomatch@https://registry.npmjs.org/picomatch/-/picomatch-2.3.1.tgz. Extracting by manifest.
510 silly tarball no local data for picocolors@https://registry.npmjs.org/picocolors/-/picocolors-1.1.1.tgz. Extracting by manifest.
511 silly tarball no local data for performance-now@https://registry.npmjs.org/performance-now/-/performance-now-2.1.0.tgz. Extracting by manifest.
512 silly tarball no local data for path-type@https://registry.npmjs.org/path-type/-/path-type-4.0.0.tgz. Extracting by manifest.
513 silly tarball no local data for path-to-regexp@https://registry.npmjs.org/path-to-regexp/-/path-to-regexp-0.1.12.tgz. Extracting by manifest.
514 silly tarball no local data for path-scurry@https://registry.npmjs.org/path-scurry/-/path-scurry-1.11.1.tgz. Extracting by manifest.
515 silly tarball no local data for path-key@https://registry.npmjs.org/path-key/-/path-key-3.1.1.tgz. Extracting by manifest.
516 silly tarball no local data for path-parse@https://registry.npmjs.org/path-parse/-/path-parse-1.0.7.tgz. Extracting by manifest.
517 silly tarball no local data for path-is-absolute@https://registry.npmjs.org/path-is-absolute/-/path-is-absolute-1.0.1.tgz. Extracting by manifest.
518 silly tarball no local data for path-exists@https://registry.npmjs.org/path-exists/-/path-exists-4.0.0.tgz. Extracting by manifest.
519 silly tarball no local data for pascal-case@https://registry.npmjs.org/pascal-case/-/pascal-case-3.1.2.tgz. Extracting by manifest.
520 silly tarball no local data for once@https://registry.npmjs.org/once/-/once-1.4.0.tgz. Extracting by manifest.
521 silly tarball no local data for on-headers@https://registry.npmjs.org/on-headers/-/on-headers-1.0.2.tgz. Extracting by manifest.
522 silly tarball no local data for obuf@https://registry.npmjs.org/obuf/-/obuf-1.1.2.tgz. Extracting by manifest.
523 silly tarball no local data for on-finished@https://registry.npmjs.org/on-finished/-/on-finished-2.4.1.tgz. Extracting by manifest.
524 silly tarball no local data for object.values@https://registry.npmjs.org/object.values/-/object.values-1.2.1.tgz. Extracting by manifest.
525 silly tarball no local data for object.groupby@https://registry.npmjs.org/object.groupby/-/object.groupby-1.0.3.tgz. Extracting by manifest.
526 silly tarball no local data for object.getownpropertydescriptors@https://registry.npmjs.org/object.getownpropertydescriptors/-/object.getownpropertydescriptors-2.1.8.tgz. Extracting by manifest.
527 silly tarball no local data for object.fromentries@https://registry.npmjs.org/object.fromentries/-/object.fromentries-2.0.8.tgz. Extracting by manifest.
528 silly tarball no local data for object.entries@https://registry.npmjs.org/object.entries/-/object.entries-1.1.9.tgz. Extracting by manifest.
529 silly tarball no local data for object-keys@https://registry.npmjs.org/object-keys/-/object-keys-1.1.1.tgz. Extracting by manifest.
530 silly tarball no local data for object-inspect@https://registry.npmjs.org/object-inspect/-/object-inspect-1.13.4.tgz. Extracting by manifest.
531 silly tarball no local data for object-hash@https://registry.npmjs.org/object-hash/-/object-hash-3.0.0.tgz. Extracting by manifest.
532 silly tarball no local data for object-assign@https://registry.npmjs.org/object-assign/-/object-assign-4.1.1.tgz. Extracting by manifest.
533 silly tarball no local data for object.assign@https://registry.npmjs.org/object.assign/-/object.assign-4.1.7.tgz. Extracting by manifest.
534 silly tarball no local data for nwsapi@https://registry.npmjs.org/nwsapi/-/nwsapi-2.2.20.tgz. Extracting by manifest.
535 silly tarball no local data for nth-check@https://registry.npmjs.org/nth-check/-/nth-check-2.1.1.tgz. Extracting by manifest.
536 silly tarball no local data for normalize.css@https://registry.npmjs.org/normalize.css/-/normalize.css-8.0.1.tgz. Extracting by manifest.
537 silly tarball no local data for npm-run-path@https://registry.npmjs.org/npm-run-path/-/npm-run-path-4.0.1.tgz. Extracting by manifest.
538 silly tarball no local data for normalize-url@https://registry.npmjs.org/normalize-url/-/normalize-url-6.1.0.tgz. Extracting by manifest.
539 silly tarball no local data for normalize-range@https://registry.npmjs.org/normalize-range/-/normalize-range-0.1.2.tgz. Extracting by manifest.
540 silly tarball no local data for node-releases@https://registry.npmjs.org/node-releases/-/node-releases-2.0.19.tgz. Extracting by manifest.
541 silly tarball no local data for normalize-path@https://registry.npmjs.org/normalize-path/-/normalize-path-3.0.0.tgz. Extracting by manifest.
542 silly tarball no local data for node-int64@https://registry.npmjs.org/node-int64/-/node-int64-0.4.0.tgz. Extracting by manifest.
543 silly tarball no local data for node-forge@https://registry.npmjs.org/node-forge/-/node-forge-1.3.1.tgz. Extracting by manifest.
544 silly tarball no local data for negotiator@https://registry.npmjs.org/negotiator/-/negotiator-0.6.4.tgz. Extracting by manifest.
545 silly tarball no local data for neo-async@https://registry.npmjs.org/neo-async/-/neo-async-2.6.2.tgz. Extracting by manifest.
546 silly tarball no local data for natural-compare-lite@https://registry.npmjs.org/natural-compare-lite/-/natural-compare-lite-1.4.0.tgz. Extracting by manifest.
547 silly tarball no local data for natural-compare@https://registry.npmjs.org/natural-compare/-/natural-compare-1.4.0.tgz. Extracting by manifest.
548 silly tarball no local data for nanoid@https://registry.npmjs.org/nanoid/-/nanoid-3.3.11.tgz. Extracting by manifest.
549 silly tarball no local data for no-case@https://registry.npmjs.org/no-case/-/no-case-3.0.4.tgz. Extracting by manifest.
550 silly tarball no local data for mz@https://registry.npmjs.org/mz/-/mz-2.7.0.tgz. Extracting by manifest.
551 silly tarball no local data for multicast-dns@https://registry.npmjs.org/multicast-dns/-/multicast-dns-7.2.5.tgz. Extracting by manifest.
552 silly tarball no local data for ms@https://registry.npmjs.org/ms/-/ms-2.1.3.tgz. Extracting by manifest.
553 silly tarball no local data for mkdirp@https://registry.npmjs.org/mkdirp/-/mkdirp-0.5.6.tgz. Extracting by manifest.
554 silly tarball no local data for minipass@https://registry.npmjs.org/minipass/-/minipass-7.1.2.tgz. Extracting by manifest.
555 silly tarball no local data for minimatch@https://registry.npmjs.org/minimatch/-/minimatch-3.1.2.tgz. Extracting by manifest.
556 silly tarball no local data for minimist@https://registry.npmjs.org/minimist/-/minimist-1.2.8.tgz. Extracting by manifest.
557 silly tarball no local data for minimalistic-assert@https://registry.npmjs.org/minimalistic-assert/-/minimalistic-assert-1.0.1.tgz. Extracting by manifest.
558 silly tarball no local data for mini-css-extract-plugin@https://registry.npmjs.org/mini-css-extract-plugin/-/mini-css-extract-plugin-2.9.2.tgz. Extracting by manifest.
559 silly tarball no local data for min-indent@https://registry.npmjs.org/min-indent/-/min-indent-1.0.1.tgz. Extracting by manifest.
560 silly tarball no local data for mimic-fn@https://registry.npmjs.org/mimic-fn/-/mimic-fn-2.1.0.tgz. Extracting by manifest.
561 silly tarball no local data for mime-types@https://registry.npmjs.org/mime-types/-/mime-types-2.1.35.tgz. Extracting by manifest.
562 silly tarball no local data for mime-db@https://registry.npmjs.org/mime-db/-/mime-db-1.52.0.tgz. Extracting by manifest.
563 silly tarball no local data for mime@https://registry.npmjs.org/mime/-/mime-1.6.0.tgz. Extracting by manifest.
564 silly tarball no local data for milligram@https://registry.npmjs.org/milligram/-/milligram-1.4.1.tgz. Extracting by manifest.
565 silly tarball no local data for micromatch@https://registry.npmjs.org/micromatch/-/micromatch-4.0.8.tgz. Extracting by manifest.
566 silly tarball no local data for methods@https://registry.npmjs.org/methods/-/methods-1.1.2.tgz. Extracting by manifest.
567 silly tarball no local data for merge2@https://registry.npmjs.org/merge2/-/merge2-1.4.1.tgz. Extracting by manifest.
568 silly tarball no local data for merge-stream@https://registry.npmjs.org/merge-stream/-/merge-stream-2.0.0.tgz. Extracting by manifest.
569 silly tarball no local data for merge-descriptors@https://registry.npmjs.org/merge-descriptors/-/merge-descriptors-1.0.3.tgz. Extracting by manifest.
570 silly tarball no local data for memfs@https://registry.npmjs.org/memfs/-/memfs-3.5.3.tgz. Extracting by manifest.
571 silly tarball no local data for media-typer@https://registry.npmjs.org/media-typer/-/media-typer-0.3.0.tgz. Extracting by manifest.
572 silly tarball no local data for mdn-data@https://registry.npmjs.org/mdn-data/-/mdn-data-2.0.4.tgz. Extracting by manifest.
573 silly tarball no local data for math-intrinsics@https://registry.npmjs.org/math-intrinsics/-/math-intrinsics-1.1.0.tgz. Extracting by manifest.
574 silly tarball no local data for makeerror@https://registry.npmjs.org/makeerror/-/makeerror-1.0.12.tgz. Extracting by manifest.
575 silly tarball no local data for magic-string@https://registry.npmjs.org/magic-string/-/magic-string-0.25.9.tgz. Extracting by manifest.
576 silly tarball no local data for make-dir@https://registry.npmjs.org/make-dir/-/make-dir-3.1.0.tgz. Extracting by manifest.
577 silly tarball no local data for lower-case@https://registry.npmjs.org/lower-case/-/lower-case-2.0.2.tgz. Extracting by manifest.
578 silly tarball no local data for lz-string@https://registry.npmjs.org/lz-string/-/lz-string-1.5.0.tgz. Extracting by manifest.
579 silly tarball no local data for lru-cache@https://registry.npmjs.org/lru-cache/-/lru-cache-5.1.1.tgz. Extracting by manifest.
580 silly tarball no local data for loose-envify@https://registry.npmjs.org/loose-envify/-/loose-envify-1.4.0.tgz. Extracting by manifest.
581 silly tarball no local data for lodash.uniq@https://registry.npmjs.org/lodash.uniq/-/lodash.uniq-4.5.0.tgz. Extracting by manifest.
582 silly tarball no local data for lodash.sortby@https://registry.npmjs.org/lodash.sortby/-/lodash.sortby-4.7.0.tgz. Extracting by manifest.
583 silly tarball no local data for lodash.merge@https://registry.npmjs.org/lodash.merge/-/lodash.merge-4.6.2.tgz. Extracting by manifest.
584 silly tarball no local data for lodash.memoize@https://registry.npmjs.org/lodash.memoize/-/lodash.memoize-4.1.2.tgz. Extracting by manifest.
585 silly tarball no local data for lodash.debounce@https://registry.npmjs.org/lodash.debounce/-/lodash.debounce-4.0.8.tgz. Extracting by manifest.
586 silly tarball no local data for lodash@https://registry.npmjs.org/lodash/-/lodash-4.17.21.tgz. Extracting by manifest.
587 silly tarball no local data for locate-path@https://registry.npmjs.org/locate-path/-/locate-path-5.0.0.tgz. Extracting by manifest.
588 silly tarball no local data for loader-utils@https://registry.npmjs.org/loader-utils/-/loader-utils-2.0.4.tgz. Extracting by manifest.
589 silly tarball no local data for lines-and-columns@https://registry.npmjs.org/lines-and-columns/-/lines-and-columns-1.2.4.tgz. Extracting by manifest.
590 silly tarball no local data for loader-runner@https://registry.npmjs.org/loader-runner/-/loader-runner-4.3.0.tgz. Extracting by manifest.
591 silly tarball no local data for levn@https://registry.npmjs.org/levn/-/levn-0.4.1.tgz. Extracting by manifest.
592 silly tarball no local data for leven@https://registry.npmjs.org/leven/-/leven-3.1.0.tgz. Extracting by manifest.
593 silly tarball no local data for language-tags@https://registry.npmjs.org/language-tags/-/language-tags-1.0.9.tgz. Extracting by manifest.
594 silly tarball no local data for lilconfig@https://registry.npmjs.org/lilconfig/-/lilconfig-2.1.0.tgz. Extracting by manifest.
595 silly tarball no local data for launch-editor@https://registry.npmjs.org/launch-editor/-/launch-editor-2.10.0.tgz. Extracting by manifest.
596 silly tarball no local data for language-subtag-registry@https://registry.npmjs.org/language-subtag-registry/-/language-subtag-registry-0.3.23.tgz. Extracting by manifest.
597 silly tarball no local data for klona@https://registry.npmjs.org/klona/-/klona-2.0.6.tgz. Extracting by manifest.
598 silly tarball no local data for kleur@https://registry.npmjs.org/kleur/-/kleur-3.0.3.tgz. Extracting by manifest.
599 silly tarball no local data for kind-of@https://registry.npmjs.org/kind-of/-/kind-of-6.0.3.tgz. Extracting by manifest.
600 silly tarball no local data for jsonfile@https://registry.npmjs.org/jsonfile/-/jsonfile-6.1.0.tgz. Extracting by manifest.
601 silly tarball no local data for json5@https://registry.npmjs.org/json5/-/json5-2.2.3.tgz. Extracting by manifest.
602 silly tarball no local data for json-stable-stringify-without-jsonify@https://registry.npmjs.org/json-stable-stringify-without-jsonify/-/json-stable-stringify-without-jsonify-1.0.1.tgz. Extracting by manifest.
603 silly tarball no local data for json-schema-traverse@https://registry.npmjs.org/json-schema-traverse/-/json-schema-traverse-0.4.1.tgz. Extracting by manifest.
604 silly tarball no local data for json-schema@https://registry.npmjs.org/json-schema/-/json-schema-0.4.0.tgz. Extracting by manifest.
605 silly tarball no local data for json-parse-even-better-errors@https://registry.npmjs.org/json-parse-even-better-errors/-/json-parse-even-better-errors-2.3.1.tgz. Extracting by manifest.
606 silly tarball no local data for json-buffer@https://registry.npmjs.org/json-buffer/-/json-buffer-3.0.1.tgz. Extracting by manifest.
607 silly tarball no local data for jsesc@https://registry.npmjs.org/jsesc/-/jsesc-3.1.0.tgz. Extracting by manifest.
608 silly tarball no local data for jsdom@https://registry.npmjs.org/jsdom/-/jsdom-16.7.0.tgz. Extracting by manifest.
609 silly tarball no local data for js-yaml@https://registry.npmjs.org/js-yaml/-/js-yaml-3.14.1.tgz. Extracting by manifest.
610 silly tarball no local data for js-tokens@https://registry.npmjs.org/js-tokens/-/js-tokens-4.0.0.tgz. Extracting by manifest.
611 silly tarball no local data for jiti@https://registry.npmjs.org/jiti/-/jiti-1.21.7.tgz. Extracting by manifest.
612 silly tarball no local data for jest-worker@https://registry.npmjs.org/jest-worker/-/jest-worker-27.5.1.tgz. Extracting by manifest.
613 silly tarball no local data for jest-watcher@https://registry.npmjs.org/jest-watcher/-/jest-watcher-27.5.1.tgz. Extracting by manifest.
614 silly tarball no local data for jest-watch-typeahead@https://registry.npmjs.org/jest-watch-typeahead/-/jest-watch-typeahead-1.1.0.tgz. Extracting by manifest.
615 silly tarball no local data for jest-util@https://registry.npmjs.org/jest-util/-/jest-util-27.5.1.tgz. Extracting by manifest.
616 silly tarball no local data for jest-validate@https://registry.npmjs.org/jest-validate/-/jest-validate-27.5.1.tgz. Extracting by manifest.
617 silly tarball no local data for jest-snapshot@https://registry.npmjs.org/jest-snapshot/-/jest-snapshot-27.5.1.tgz. Extracting by manifest.
618 silly tarball no local data for jest-serializer@https://registry.npmjs.org/jest-serializer/-/jest-serializer-27.5.1.tgz. Extracting by manifest.
619 silly tarball no local data for jest-runtime@https://registry.npmjs.org/jest-runtime/-/jest-runtime-27.5.1.tgz. Extracting by manifest.
620 silly tarball no local data for jest-runner@https://registry.npmjs.org/jest-runner/-/jest-runner-27.5.1.tgz. Extracting by manifest.
621 silly tarball no local data for jest-resolve-dependencies@https://registry.npmjs.org/jest-resolve-dependencies/-/jest-resolve-dependencies-27.5.1.tgz. Extracting by manifest.
622 silly tarball no local data for jest-mock@https://registry.npmjs.org/jest-mock/-/jest-mock-27.5.1.tgz. Extracting by manifest.
623 silly tarball no local data for jest-resolve@https://registry.npmjs.org/jest-resolve/-/jest-resolve-27.5.1.tgz. Extracting by manifest.
624 silly tarball no local data for jest-regex-util@https://registry.npmjs.org/jest-regex-util/-/jest-regex-util-27.5.1.tgz. Extracting by manifest.
625 silly tarball no local data for jest-pnp-resolver@https://registry.npmjs.org/jest-pnp-resolver/-/jest-pnp-resolver-1.2.3.tgz. Extracting by manifest.
626 silly tarball no local data for jest-message-util@https://registry.npmjs.org/jest-message-util/-/jest-message-util-27.5.1.tgz. Extracting by manifest.
627 silly tarball no local data for jest-matcher-utils@https://registry.npmjs.org/jest-matcher-utils/-/jest-matcher-utils-27.5.1.tgz. Extracting by manifest.
628 silly tarball no local data for jest-leak-detector@https://registry.npmjs.org/jest-leak-detector/-/jest-leak-detector-27.5.1.tgz. Extracting by manifest.
629 silly tarball no local data for jest-jasmine2@https://registry.npmjs.org/jest-jasmine2/-/jest-jasmine2-27.5.1.tgz. Extracting by manifest.
630 silly tarball no local data for jest-haste-map@https://registry.npmjs.org/jest-haste-map/-/jest-haste-map-27.5.1.tgz. Extracting by manifest.
631 silly tarball no local data for jest-get-type@https://registry.npmjs.org/jest-get-type/-/jest-get-type-27.5.1.tgz. Extracting by manifest.
632 silly tarball no local data for istanbul-lib-source-maps@https://registry.npmjs.org/istanbul-lib-source-maps/-/istanbul-lib-source-maps-4.0.1.tgz. Extracting by manifest.
633 silly tarball no local data for iterator.prototype@https://registry.npmjs.org/iterator.prototype/-/iterator.prototype-1.1.5.tgz. Extracting by manifest.
634 silly tarball no local data for istanbul-reports@https://registry.npmjs.org/istanbul-reports/-/istanbul-reports-3.1.7.tgz. Extracting by manifest.
635 silly tarball no local data for istanbul-lib-report@https://registry.npmjs.org/istanbul-lib-report/-/istanbul-lib-report-3.0.1.tgz. Extracting by manifest.
636 silly tarball no local data for istanbul-lib-instrument@https://registry.npmjs.org/istanbul-lib-instrument/-/istanbul-lib-instrument-5.2.1.tgz. Extracting by manifest.
637 silly tarball no local data for istanbul-lib-coverage@https://registry.npmjs.org/istanbul-lib-coverage/-/istanbul-lib-coverage-3.2.2.tgz. Extracting by manifest.
638 silly tarball no local data for isexe@https://registry.npmjs.org/isexe/-/isexe-2.0.0.tgz. Extracting by manifest.
639 silly tarball no local data for isarray@https://registry.npmjs.org/isarray/-/isarray-2.0.5.tgz. Extracting by manifest.
640 silly tarball no local data for is-wsl@https://registry.npmjs.org/is-wsl/-/is-wsl-2.2.0.tgz. Extracting by manifest.
641 silly tarball no local data for is-weakset@https://registry.npmjs.org/is-weakset/-/is-weakset-2.0.4.tgz. Extracting by manifest.
642 silly tarball no local data for is-weakref@https://registry.npmjs.org/is-weakref/-/is-weakref-1.1.1.tgz. Extracting by manifest.
643 silly tarball no local data for is-weakmap@https://registry.npmjs.org/is-weakmap/-/is-weakmap-2.0.2.tgz. Extracting by manifest.
644 silly tarball no local data for is-typedarray@https://registry.npmjs.org/is-typedarray/-/is-typedarray-1.0.0.tgz. Extracting by manifest.
645 silly tarball no local data for is-typed-array@https://registry.npmjs.org/is-typed-array/-/is-typed-array-1.1.15.tgz. Extracting by manifest.
646 silly tarball no local data for is-symbol@https://registry.npmjs.org/is-symbol/-/is-symbol-1.1.1.tgz. Extracting by manifest.
647 silly tarball no local data for is-string@https://registry.npmjs.org/is-string/-/is-string-1.1.1.tgz. Extracting by manifest.
648 silly tarball no local data for is-stream@https://registry.npmjs.org/is-stream/-/is-stream-2.0.1.tgz. Extracting by manifest.
649 silly tarball no local data for is-shared-array-buffer@https://registry.npmjs.org/is-shared-array-buffer/-/is-shared-array-buffer-1.0.4.tgz. Extracting by manifest.
650 silly tarball no local data for is-set@https://registry.npmjs.org/is-set/-/is-set-2.0.3.tgz. Extracting by manifest.
651 silly tarball no local data for is-root@https://registry.npmjs.org/is-root/-/is-root-2.1.0.tgz. Extracting by manifest.
652 silly tarball no local data for is-regexp@https://registry.npmjs.org/is-regexp/-/is-regexp-1.0.0.tgz. Extracting by manifest.
653 silly tarball no local data for is-regex@https://registry.npmjs.org/is-regex/-/is-regex-1.2.1.tgz. Extracting by manifest.
654 silly tarball no local data for is-potential-custom-element-name@https://registry.npmjs.org/is-potential-custom-element-name/-/is-potential-custom-element-name-1.0.1.tgz. Extracting by manifest.
655 silly tarball no local data for is-plain-obj@https://registry.npmjs.org/is-plain-obj/-/is-plain-obj-3.0.0.tgz. Extracting by manifest.
656 silly tarball no local data for is-path-inside@https://registry.npmjs.org/is-path-inside/-/is-path-inside-3.0.3.tgz. Extracting by manifest.
657 silly tarball no local data for is-obj@https://registry.npmjs.org/is-obj/-/is-obj-1.0.1.tgz. Extracting by manifest.
658 silly tarball no local data for is-number-object@https://registry.npmjs.org/is-number-object/-/is-number-object-1.1.1.tgz. Extracting by manifest.
659 silly tarball no local data for is-number@https://registry.npmjs.org/is-number/-/is-number-7.0.0.tgz. Extracting by manifest.
660 silly tarball no local data for is-module@https://registry.npmjs.org/is-module/-/is-module-1.0.0.tgz. Extracting by manifest.
661 silly tarball no local data for is-map@https://registry.npmjs.org/is-map/-/is-map-2.0.3.tgz. Extracting by manifest.
662 silly tarball no local data for is-glob@https://registry.npmjs.org/is-glob/-/is-glob-4.0.3.tgz. Extracting by manifest.
663 silly tarball no local data for is-generator-function@https://registry.npmjs.org/is-generator-function/-/is-generator-function-1.1.0.tgz. Extracting by manifest.
664 silly tarball no local data for is-generator-fn@https://registry.npmjs.org/is-generator-fn/-/is-generator-fn-2.1.0.tgz. Extracting by manifest.
665 silly tarball no local data for is-fullwidth-code-point@https://registry.npmjs.org/is-fullwidth-code-point/-/is-fullwidth-code-point-3.0.0.tgz. Extracting by manifest.
666 silly tarball no local data for is-finalizationregistry@https://registry.npmjs.org/is-finalizationregistry/-/is-finalizationregistry-1.1.1.tgz. Extracting by manifest.
667 silly tarball no local data for is-extglob@https://registry.npmjs.org/is-extglob/-/is-extglob-2.1.1.tgz. Extracting by manifest.
668 silly tarball no local data for is-docker@https://registry.npmjs.org/is-docker/-/is-docker-2.2.1.tgz. Extracting by manifest.
669 silly tarball no local data for is-date-object@https://registry.npmjs.org/is-date-object/-/is-date-object-1.1.0.tgz. Extracting by manifest.
670 silly tarball no local data for is-data-view@https://registry.npmjs.org/is-data-view/-/is-data-view-1.0.2.tgz. Extracting by manifest.
671 silly tarball no local data for is-core-module@https://registry.npmjs.org/is-core-module/-/is-core-module-2.16.1.tgz. Extracting by manifest.
672 silly tarball no local data for is-callable@https://registry.npmjs.org/is-callable/-/is-callable-1.2.7.tgz. Extracting by manifest.
673 silly tarball no local data for is-binary-path@https://registry.npmjs.org/is-binary-path/-/is-binary-path-2.1.0.tgz. Extracting by manifest.
674 silly tarball no local data for is-boolean-object@https://registry.npmjs.org/is-boolean-object/-/is-boolean-object-1.2.2.tgz. Extracting by manifest.
675 silly tarball no local data for is-bigint@https://registry.npmjs.org/is-bigint/-/is-bigint-1.1.0.tgz. Extracting by manifest.
676 silly tarball no local data for is-async-function@https://registry.npmjs.org/is-async-function/-/is-async-function-2.1.1.tgz. Extracting by manifest.
677 silly tarball no local data for is-arrayish@https://registry.npmjs.org/is-arrayish/-/is-arrayish-0.2.1.tgz. Extracting by manifest.
678 silly tarball no local data for is-array-buffer@https://registry.npmjs.org/is-array-buffer/-/is-array-buffer-3.0.5.tgz. Extracting by manifest.
679 silly tarball no local data for ipaddr.js@https://registry.npmjs.org/ipaddr.js/-/ipaddr.js-2.2.0.tgz. Extracting by manifest.
680 silly tarball no local data for internal-slot@https://registry.npmjs.org/internal-slot/-/internal-slot-1.1.0.tgz. Extracting by manifest.
681 silly tarball no local data for ini@https://registry.npmjs.org/ini/-/ini-1.3.8.tgz. Extracting by manifest.
682 silly tarball no local data for inherits@https://registry.npmjs.org/inherits/-/inherits-2.0.4.tgz. Extracting by manifest.
683 silly tarball no local data for inflight@https://registry.npmjs.org/inflight/-/inflight-1.0.6.tgz. Extracting by manifest.
684 silly tarball no local data for imurmurhash@https://registry.npmjs.org/imurmurhash/-/imurmurhash-0.1.4.tgz. Extracting by manifest.
685 silly tarball no local data for indent-string@https://registry.npmjs.org/indent-string/-/indent-string-4.0.0.tgz. Extracting by manifest.
686 silly tarball no local data for import-local@https://registry.npmjs.org/import-local/-/import-local-3.2.0.tgz. Extracting by manifest.
687 silly tarball no local data for import-fresh@https://registry.npmjs.org/import-fresh/-/import-fresh-3.3.1.tgz. Extracting by manifest.
688 silly tarball no local data for immer@https://registry.npmjs.org/immer/-/immer-9.0.21.tgz. Extracting by manifest.
689 silly tarball no local data for identity-obj-proxy@https://registry.npmjs.org/identity-obj-proxy/-/identity-obj-proxy-3.0.0.tgz. Extracting by manifest.
690 silly tarball no local data for idb@https://registry.npmjs.org/idb/-/idb-7.1.1.tgz. Extracting by manifest.
691 silly tarball no local data for ignore@https://registry.npmjs.org/ignore/-/ignore-5.3.2.tgz. Extracting by manifest.
692 silly tarball no local data for human-signals@https://registry.npmjs.org/human-signals/-/human-signals-2.1.0.tgz. Extracting by manifest.
693 silly tarball no local data for iconv-lite@https://registry.npmjs.org/iconv-lite/-/iconv-lite-0.6.3.tgz. Extracting by manifest.
694 silly tarball no local data for icss-utils@https://registry.npmjs.org/icss-utils/-/icss-utils-5.1.0.tgz. Extracting by manifest.
695 silly tarball no local data for https-proxy-agent@https://registry.npmjs.org/https-proxy-agent/-/https-proxy-agent-5.0.1.tgz. Extracting by manifest.
696 silly tarball no local data for http-proxy-middleware@https://registry.npmjs.org/http-proxy-middleware/-/http-proxy-middleware-2.0.9.tgz. Extracting by manifest.
697 silly tarball no local data for has-property-descriptors@https://registry.npmjs.org/has-property-descriptors/-/has-property-descriptors-1.0.2.tgz. Extracting by manifest.
698 silly tarball no local data for has-bigints@https://registry.npmjs.org/has-bigints/-/has-bigints-1.1.0.tgz. Extracting by manifest.
699 silly tarball no local data for has-flag@https://registry.npmjs.org/has-flag/-/has-flag-4.0.0.tgz. Extracting by manifest.
700 silly tarball no local data for harmony-reflect@https://registry.npmjs.org/harmony-reflect/-/harmony-reflect-1.6.2.tgz. Extracting by manifest.
701 silly tarball no local data for handle-thing@https://registry.npmjs.org/handle-thing/-/handle-thing-2.0.1.tgz. Extracting by manifest.
702 silly tarball no local data for graphemer@https://registry.npmjs.org/graphemer/-/graphemer-1.4.0.tgz. Extracting by manifest.
703 silly tarball no local data for gzip-size@https://registry.npmjs.org/gzip-size/-/gzip-size-6.0.0.tgz. Extracting by manifest.
704 silly tarball no local data for graceful-fs@https://registry.npmjs.org/graceful-fs/-/graceful-fs-4.2.11.tgz. Extracting by manifest.
705 silly tarball no local data for globby@https://registry.npmjs.org/globby/-/globby-11.1.0.tgz. Extracting by manifest.
706 silly tarball no local data for gopd@https://registry.npmjs.org/gopd/-/gopd-1.2.0.tgz. Extracting by manifest.
707 silly tarball no local data for globalthis@https://registry.npmjs.org/globalthis/-/globalthis-1.0.4.tgz. Extracting by manifest.
708 silly tarball no local data for global-prefix@https://registry.npmjs.org/global-prefix/-/global-prefix-3.0.0.tgz. Extracting by manifest.
709 silly tarball no local data for globals@https://registry.npmjs.org/globals/-/globals-11.12.0.tgz. Extracting by manifest.
710 silly tarball no local data for global-modules@https://registry.npmjs.org/global-modules/-/global-modules-2.0.0.tgz. Extracting by manifest.
711 silly tarball no local data for glob-to-regexp@https://registry.npmjs.org/glob-to-regexp/-/glob-to-regexp-0.4.1.tgz. Extracting by manifest.
712 silly tarball no local data for glob-parent@https://registry.npmjs.org/glob-parent/-/glob-parent-6.0.2.tgz. Extracting by manifest.
713 silly tarball no local data for glob@https://registry.npmjs.org/glob/-/glob-7.2.3.tgz. Extracting by manifest.
714 silly tarball no local data for gh-pages@https://registry.npmjs.org/gh-pages/-/gh-pages-6.3.0.tgz. Extracting by manifest.
715 silly tarball no local data for get-symbol-description@https://registry.npmjs.org/get-symbol-description/-/get-symbol-description-1.1.0.tgz. Extracting by manifest.
716 silly tarball no local data for get-stream@https://registry.npmjs.org/get-stream/-/get-stream-6.0.1.tgz. Extracting by manifest.
717 silly tarball no local data for get-proto@https://registry.npmjs.org/get-proto/-/get-proto-1.0.1.tgz. Extracting by manifest.
718 silly tarball no local data for get-package-type@https://registry.npmjs.org/get-package-type/-/get-package-type-0.1.0.tgz. Extracting by manifest.
719 silly tarball no local data for get-own-enumerable-property-symbols@https://registry.npmjs.org/get-own-enumerable-property-symbols/-/get-own-enumerable-property-symbols-3.0.2.tgz. Extracting by manifest.
720 silly tarball no local data for get-intrinsic@https://registry.npmjs.org/get-intrinsic/-/get-intrinsic-1.3.0.tgz. Extracting by manifest.
721 silly tarball no local data for get-caller-file@https://registry.npmjs.org/get-caller-file/-/get-caller-file-2.0.5.tgz. Extracting by manifest.
722 silly tarball no local data for function.prototype.name@https://registry.npmjs.org/function.prototype.name/-/function.prototype.name-1.1.8.tgz. Extracting by manifest.
723 silly tarball no local data for gensync@https://registry.npmjs.org/gensync/-/gensync-1.0.0-beta.2.tgz. Extracting by manifest.
724 silly tarball no local data for functions-have-names@https://registry.npmjs.org/functions-have-names/-/functions-have-names-1.2.3.tgz. Extracting by manifest.
725 silly tarball no local data for function-bind@https://registry.npmjs.org/function-bind/-/function-bind-1.1.2.tgz. Extracting by manifest.
726 silly tarball no local data for fs-extra@https://registry.npmjs.org/fs-extra/-/fs-extra-10.1.0.tgz. Extracting by manifest.
727 silly tarball no local data for fs.realpath@https://registry.npmjs.org/fs.realpath/-/fs.realpath-1.0.0.tgz. Extracting by manifest.
728 silly tarball no local data for fs-monkey@https://registry.npmjs.org/fs-monkey/-/fs-monkey-1.0.6.tgz. Extracting by manifest.
729 silly tarball no local data for fresh@https://registry.npmjs.org/fresh/-/fresh-0.5.2.tgz. Extracting by manifest.
730 silly tarball no local data for fraction.js@https://registry.npmjs.org/fraction.js/-/fraction.js-4.3.7.tgz. Extracting by manifest.
731 silly tarball no local data for forwarded@https://registry.npmjs.org/forwarded/-/forwarded-0.2.0.tgz. Extracting by manifest.
732 silly tarball no local data for fill-range@https://registry.npmjs.org/fill-range/-/fill-range-7.1.1.tgz. Extracting by manifest.
733 silly tarball no local data for filesize@https://registry.npmjs.org/filesize/-/filesize-8.0.7.tgz. Extracting by manifest.
734 silly tarball no local data for filenamify@https://registry.npmjs.org/filenamify/-/filenamify-4.3.0.tgz. Extracting by manifest.
735 silly tarball no local data for filename-reserved-regex@https://registry.npmjs.org/filename-reserved-regex/-/filename-reserved-regex-2.0.0.tgz. Extracting by manifest.
736 silly tarball no local data for file-loader@https://registry.npmjs.org/file-loader/-/file-loader-6.2.0.tgz. Extracting by manifest.
737 silly tarball no local data for filelist@https://registry.npmjs.org/filelist/-/filelist-1.0.4.tgz. Extracting by manifest.
738 silly tarball no local data for file-entry-cache@https://registry.npmjs.org/file-entry-cache/-/file-entry-cache-6.0.1.tgz. Extracting by manifest.
739 silly tarball no local data for fb-watchman@https://registry.npmjs.org/fb-watchman/-/fb-watchman-2.0.2.tgz. Extracting by manifest.
740 silly tarball no local data for faye-websocket@https://registry.npmjs.org/faye-websocket/-/faye-websocket-0.11.4.tgz. Extracting by manifest.
741 silly tarball no local data for fastq@https://registry.npmjs.org/fastq/-/fastq-1.19.1.tgz. Extracting by manifest.
742 silly tarball no local data for fast-levenshtein@https://registry.npmjs.org/fast-levenshtein/-/fast-levenshtein-2.0.6.tgz. Extracting by manifest.
743 silly tarball no local data for fast-uri@https://registry.npmjs.org/fast-uri/-/fast-uri-3.0.6.tgz. Extracting by manifest.
744 silly tarball no local data for fast-glob@https://registry.npmjs.org/fast-glob/-/fast-glob-3.3.3.tgz. Extracting by manifest.
745 silly tarball no local data for fast-json-stable-stringify@https://registry.npmjs.org/fast-json-stable-stringify/-/fast-json-stable-stringify-2.1.0.tgz. Extracting by manifest.
746 silly tarball no local data for fast-deep-equal@https://registry.npmjs.org/fast-deep-equal/-/fast-deep-equal-3.1.3.tgz. Extracting by manifest.
747 silly tarball no local data for express@https://registry.npmjs.org/express/-/express-4.21.2.tgz. Extracting by manifest.
748 silly tarball no local data for expect@https://registry.npmjs.org/expect/-/expect-27.5.1.tgz. Extracting by manifest.
749 silly tarball no local data for exit@https://registry.npmjs.org/exit/-/exit-0.1.2.tgz. Extracting by manifest.
750 silly tarball no local data for events@https://registry.npmjs.org/events/-/events-3.3.0.tgz. Extracting by manifest.
751 silly tarball no local data for execa@https://registry.npmjs.org/execa/-/execa-5.1.1.tgz. Extracting by manifest.
752 silly tarball no local data for etag@https://registry.npmjs.org/etag/-/etag-1.8.1.tgz. Extracting by manifest.
753 silly tarball no local data for esutils@https://registry.npmjs.org/esutils/-/esutils-2.0.3.tgz. Extracting by manifest.
754 silly tarball no local data for eventemitter3@https://registry.npmjs.org/eventemitter3/-/eventemitter3-4.0.7.tgz. Extracting by manifest.
755 silly tarball no local data for estraverse@https://registry.npmjs.org/estraverse/-/estraverse-5.3.0.tgz. Extracting by manifest.
756 silly tarball no local data for estree-walker@https://registry.npmjs.org/estree-walker/-/estree-walker-1.0.1.tgz. Extracting by manifest.
757 silly tarball no local data for esrecurse@https://registry.npmjs.org/esrecurse/-/esrecurse-4.3.0.tgz. Extracting by manifest.
758 silly tarball no local data for esquery@https://registry.npmjs.org/esquery/-/esquery-1.6.0.tgz. Extracting by manifest.
759 silly tarball no local data for esprima@https://registry.npmjs.org/esprima/-/esprima-4.0.1.tgz. Extracting by manifest.
760 silly tarball no local data for espree@https://registry.npmjs.org/espree/-/espree-9.6.1.tgz. Extracting by manifest.
761 silly tarball no local data for eslint-scope@https://registry.npmjs.org/eslint-scope/-/eslint-scope-7.2.2.tgz. Extracting by manifest.
762 silly tarball no local data for eslint-webpack-plugin@https://registry.npmjs.org/eslint-webpack-plugin/-/eslint-webpack-plugin-3.2.0.tgz. Extracting by manifest.
763 silly tarball no local data for eslint-visitor-keys@https://registry.npmjs.org/eslint-visitor-keys/-/eslint-visitor-keys-3.4.3.tgz. Extracting by manifest.
764 silly tarball no local data for eslint-plugin-testing-library@https://registry.npmjs.org/eslint-plugin-testing-library/-/eslint-plugin-testing-library-5.11.1.tgz. Extracting by manifest.
765 silly tarball no local data for eslint-plugin-react-hooks@https://registry.npmjs.org/eslint-plugin-react-hooks/-/eslint-plugin-react-hooks-4.6.2.tgz. Extracting by manifest.
766 silly tarball no local data for eslint-plugin-react@https://registry.npmjs.org/eslint-plugin-react/-/eslint-plugin-react-7.37.5.tgz. Extracting by manifest.
767 silly tarball no local data for eslint-plugin-jsx-a11y@https://registry.npmjs.org/eslint-plugin-jsx-a11y/-/eslint-plugin-jsx-a11y-6.10.2.tgz. Extracting by manifest.
768 silly tarball no local data for eslint-plugin-jest@https://registry.npmjs.org/eslint-plugin-jest/-/eslint-plugin-jest-25.7.0.tgz. Extracting by manifest.
769 silly tarball no local data for eslint-plugin-flowtype@https://registry.npmjs.org/eslint-plugin-flowtype/-/eslint-plugin-flowtype-8.0.3.tgz. Extracting by manifest.
770 silly tarball no local data for eslint-plugin-import@https://registry.npmjs.org/eslint-plugin-import/-/eslint-plugin-import-2.31.0.tgz. Extracting by manifest.
771 silly tarball no local data for eslint-import-resolver-node@https://registry.npmjs.org/eslint-import-resolver-node/-/eslint-import-resolver-node-0.3.9.tgz. Extracting by manifest.
772 silly tarball no local data for eslint-module-utils@https://registry.npmjs.org/eslint-module-utils/-/eslint-module-utils-2.12.0.tgz. Extracting by manifest.
773 silly tarball no local data for eslint-config-react-app@https://registry.npmjs.org/eslint-config-react-app/-/eslint-config-react-app-7.0.1.tgz. Extracting by manifest.
774 silly tarball no local data for eslint@https://registry.npmjs.org/eslint/-/eslint-8.57.1.tgz. Extracting by manifest.
775 silly tarball no local data for escodegen@https://registry.npmjs.org/escodegen/-/escodegen-2.1.0.tgz. Extracting by manifest.
776 silly tarball no local data for escape-string-regexp@https://registry.npmjs.org/escape-string-regexp/-/escape-string-regexp-4.0.0.tgz. Extracting by manifest.
777 silly tarball no local data for escape-html@https://registry.npmjs.org/escape-html/-/escape-html-1.0.3.tgz. Extracting by manifest.
778 silly tarball no local data for escalade@https://registry.npmjs.org/escalade/-/escalade-3.2.0.tgz. Extracting by manifest.
779 silly tarball no local data for es-to-primitive@https://registry.npmjs.org/es-to-primitive/-/es-to-primitive-1.3.0.tgz. Extracting by manifest.
780 silly tarball no local data for es-shim-unscopables@https://registry.npmjs.org/es-shim-unscopables/-/es-shim-unscopables-1.1.0.tgz. Extracting by manifest.
781 silly tarball no local data for es-set-tostringtag@https://registry.npmjs.org/es-set-tostringtag/-/es-set-tostringtag-2.1.0.tgz. Extracting by manifest.
782 silly tarball no local data for es-object-atoms@https://registry.npmjs.org/es-object-atoms/-/es-object-atoms-1.1.1.tgz. Extracting by manifest.
783 silly tarball no local data for es-iterator-helpers@https://registry.npmjs.org/es-iterator-helpers/-/es-iterator-helpers-1.2.1.tgz. Extracting by manifest.
784 silly tarball no local data for es-define-property@https://registry.npmjs.org/es-define-property/-/es-define-property-1.0.1.tgz. Extracting by manifest.
785 silly tarball no local data for es-errors@https://registry.npmjs.org/es-errors/-/es-errors-1.3.0.tgz. Extracting by manifest.
786 silly tarball no local data for es-array-method-boxes-properly@https://registry.npmjs.org/es-array-method-boxes-properly/-/es-array-method-boxes-properly-1.0.0.tgz. Extracting by manifest.
787 silly tarball no local data for es-abstract@https://registry.npmjs.org/es-abstract/-/es-abstract-1.23.9.tgz. Extracting by manifest.
788 silly tarball no local data for entities@https://registry.npmjs.org/entities/-/entities-2.2.0.tgz. Extracting by manifest.
789 silly tarball no local data for error-ex@https://registry.npmjs.org/error-ex/-/error-ex-1.3.2.tgz. Extracting by manifest.
790 silly tarball no local data for enhanced-resolve@https://registry.npmjs.org/enhanced-resolve/-/enhanced-resolve-5.18.1.tgz. Extracting by manifest.
791 silly tarball no local data for encodeurl@https://registry.npmjs.org/encodeurl/-/encodeurl-2.0.0.tgz. Extracting by manifest.
792 silly tarball no local data for es-module-lexer@https://registry.npmjs.org/es-module-lexer/-/es-module-lexer-1.7.0.tgz. Extracting by manifest.
793 silly tarball no local data for emojis-list@https://registry.npmjs.org/emojis-list/-/emojis-list-3.0.0.tgz. Extracting by manifest.
794 silly tarball no local data for emoji-regex@https://registry.npmjs.org/emoji-regex/-/emoji-regex-9.2.2.tgz. Extracting by manifest.
795 silly tarball no local data for emittery@https://registry.npmjs.org/emittery/-/emittery-0.8.1.tgz. Extracting by manifest.
796 silly tarball no local data for email-addresses@https://registry.npmjs.org/email-addresses/-/email-addresses-5.0.0.tgz. Extracting by manifest.
797 silly tarball no local data for electron-to-chromium@https://registry.npmjs.org/electron-to-chromium/-/electron-to-chromium-1.5.151.tgz. Extracting by manifest.
798 silly tarball no local data for ejs@https://registry.npmjs.org/ejs/-/ejs-3.1.10.tgz. Extracting by manifest.
799 silly tarball no local data for ee-first@https://registry.npmjs.org/ee-first/-/ee-first-1.1.1.tgz. Extracting by manifest.
800 silly tarball no local data for eastasianwidth@https://registry.npmjs.org/eastasianwidth/-/eastasianwidth-0.2.0.tgz. Extracting by manifest.
801 silly tarball no local data for dunder-proto@https://registry.npmjs.org/dunder-proto/-/dunder-proto-1.0.1.tgz. Extracting by manifest.
802 silly tarball no local data for duplexer@https://registry.npmjs.org/duplexer/-/duplexer-0.1.2.tgz. Extracting by manifest.
803 silly tarball no local data for dotenv@https://registry.npmjs.org/dotenv/-/dotenv-10.0.0.tgz. Extracting by manifest.
804 silly tarball no local data for dotenv-expand@https://registry.npmjs.org/dotenv-expand/-/dotenv-expand-5.1.0.tgz. Extracting by manifest.
805 silly tarball no local data for error-stack-parser@https://registry.npmjs.org/error-stack-parser/-/error-stack-parser-2.1.4.tgz. Extracting by manifest.
806 silly tarball no local data for dot-case@https://registry.npmjs.org/dot-case/-/dot-case-3.0.4.tgz. Extracting by manifest.
807 silly tarball no local data for domutils@https://registry.npmjs.org/domutils/-/domutils-2.8.0.tgz. Extracting by manifest.
808 silly tarball no local data for domexception@https://registry.npmjs.org/domexception/-/domexception-2.0.1.tgz. Extracting by manifest.
809 silly tarball no local data for domhandler@https://registry.npmjs.org/domhandler/-/domhandler-4.3.1.tgz. Extracting by manifest.
810 silly tarball no local data for dom-serializer@https://registry.npmjs.org/dom-serializer/-/dom-serializer-1.4.1.tgz. Extracting by manifest.
811 silly tarball no local data for domelementtype@https://registry.npmjs.org/domelementtype/-/domelementtype-2.3.0.tgz. Extracting by manifest.
812 silly tarball no local data for doctrine@https://registry.npmjs.org/doctrine/-/doctrine-3.0.0.tgz. Extracting by manifest.
813 silly tarball no local data for dns-packet@https://registry.npmjs.org/dns-packet/-/dns-packet-5.6.1.tgz. Extracting by manifest.
814 silly tarball no local data for dom-converter@https://registry.npmjs.org/dom-converter/-/dom-converter-0.2.0.tgz. Extracting by manifest.
815 silly tarball no local data for dom-accessibility-api@https://registry.npmjs.org/dom-accessibility-api/-/dom-accessibility-api-0.5.16.tgz. Extracting by manifest.
816 silly tarball no local data for dlv@https://registry.npmjs.org/dlv/-/dlv-1.1.3.tgz. Extracting by manifest.
817 silly tarball no local data for diff-sequences@https://registry.npmjs.org/diff-sequences/-/diff-sequences-27.5.1.tgz. Extracting by manifest.
818 silly tarball no local data for dir-glob@https://registry.npmjs.org/dir-glob/-/dir-glob-3.0.1.tgz. Extracting by manifest.
819 silly tarball no local data for didyoumean@https://registry.npmjs.org/didyoumean/-/didyoumean-1.2.2.tgz. Extracting by manifest.
820 silly tarball no local data for detect-port-alt@https://registry.npmjs.org/detect-port-alt/-/detect-port-alt-1.1.6.tgz. Extracting by manifest.
821 silly tarball no local data for detect-node@https://registry.npmjs.org/detect-node/-/detect-node-2.1.0.tgz. Extracting by manifest.
822 silly tarball no local data for detect-newline@https://registry.npmjs.org/detect-newline/-/detect-newline-3.1.0.tgz. Extracting by manifest.
823 silly tarball no local data for dequal@https://registry.npmjs.org/dequal/-/dequal-2.0.3.tgz. Extracting by manifest.
824 silly tarball no local data for destroy@https://registry.npmjs.org/destroy/-/destroy-1.2.0.tgz. Extracting by manifest.
825 silly tarball no local data for depd@https://registry.npmjs.org/depd/-/depd-2.0.0.tgz. Extracting by manifest.
826 silly tarball no local data for delayed-stream@https://registry.npmjs.org/delayed-stream/-/delayed-stream-1.0.0.tgz. Extracting by manifest.
827 silly tarball no local data for define-properties@https://registry.npmjs.org/define-properties/-/define-properties-1.2.1.tgz. Extracting by manifest.
828 silly tarball no local data for define-data-property@https://registry.npmjs.org/define-data-property/-/define-data-property-1.1.4.tgz. Extracting by manifest.
829 silly tarball no local data for define-lazy-prop@https://registry.npmjs.org/define-lazy-prop/-/define-lazy-prop-2.0.0.tgz. Extracting by manifest.
830 silly tarball no local data for default-gateway@https://registry.npmjs.org/default-gateway/-/default-gateway-6.0.3.tgz. Extracting by manifest.
831 silly tarball no local data for deepmerge@https://registry.npmjs.org/deepmerge/-/deepmerge-4.3.1.tgz. Extracting by manifest.
832 silly tarball no local data for deep-is@https://registry.npmjs.org/deep-is/-/deep-is-0.1.4.tgz. Extracting by manifest.
833 silly tarball no local data for dedent@https://registry.npmjs.org/dedent/-/dedent-0.7.0.tgz. Extracting by manifest.
834 silly tarball no local data for decimal.js@https://registry.npmjs.org/decimal.js/-/decimal.js-10.5.0.tgz. Extracting by manifest.
835 silly tarball no local data for debug@https://registry.npmjs.org/debug/-/debug-4.4.0.tgz. Extracting by manifest.
836 silly tarball no local data for data-view-byte-offset@https://registry.npmjs.org/data-view-byte-offset/-/data-view-byte-offset-1.0.1.tgz. Extracting by manifest.
837 silly tarball no local data for data-view-byte-length@https://registry.npmjs.org/data-view-byte-length/-/data-view-byte-length-1.0.2.tgz. Extracting by manifest.
838 silly tarball no local data for data-view-buffer@https://registry.npmjs.org/data-view-buffer/-/data-view-buffer-1.0.2.tgz. Extracting by manifest.
839 silly tarball no local data for crypto-random-string@https://registry.npmjs.org/crypto-random-string/-/crypto-random-string-2.0.0.tgz. Extracting by manifest.
840 silly tarball no local data for cross-spawn@https://registry.npmjs.org/cross-spawn/-/cross-spawn-7.0.6.tgz. Extracting by manifest.
841 silly tarball no local data for cosmiconfig@https://registry.npmjs.org/cosmiconfig/-/cosmiconfig-7.1.0.tgz. Extracting by manifest.
842 silly tarball no local data for core-util-is@https://registry.npmjs.org/core-util-is/-/core-util-is-1.0.3.tgz. Extracting by manifest.
843 silly tarball no local data for core-js-pure@https://registry.npmjs.org/core-js-pure/-/core-js-pure-3.42.0.tgz. Extracting by manifest.
844 silly tarball no local data for core-js-compat@https://registry.npmjs.org/core-js-compat/-/core-js-compat-3.42.0.tgz. Extracting by manifest.
845 silly tarball no local data for core-js@https://registry.npmjs.org/core-js/-/core-js-3.42.0.tgz. Extracting by manifest.
846 silly tarball no local data for cookie-signature@https://registry.npmjs.org/cookie-signature/-/cookie-signature-1.0.6.tgz. Extracting by manifest.
847 silly tarball no local data for cookie@https://registry.npmjs.org/cookie/-/cookie-0.7.1.tgz. Extracting by manifest.
848 silly tarball no local data for convert-source-map@https://registry.npmjs.org/convert-source-map/-/convert-source-map-2.0.0.tgz. Extracting by manifest.
849 silly tarball no local data for content-type@https://registry.npmjs.org/content-type/-/content-type-1.0.5.tgz. Extracting by manifest.
850 silly tarball no local data for content-disposition@https://registry.npmjs.org/content-disposition/-/content-disposition-0.5.4.tgz. Extracting by manifest.
851 silly tarball no local data for connect-history-api-fallback@https://registry.npmjs.org/connect-history-api-fallback/-/connect-history-api-fallback-2.0.0.tgz. Extracting by manifest.
852 silly tarball no local data for confusing-browser-globals@https://registry.npmjs.org/confusing-browser-globals/-/confusing-browser-globals-1.0.11.tgz. Extracting by manifest.
853 silly tarball no local data for concat-map@https://registry.npmjs.org/concat-map/-/concat-map-0.0.1.tgz. Extracting by manifest.
854 silly tarball no local data for compression@https://registry.npmjs.org/compression/-/compression-1.8.0.tgz. Extracting by manifest.
855 silly tarball no local data for commondir@https://registry.npmjs.org/commondir/-/commondir-1.0.1.tgz. Extracting by manifest.
856 silly tarball no local data for compressible@https://registry.npmjs.org/compressible/-/compressible-2.0.18.tgz. Extracting by manifest.
857 silly tarball no local data for common-tags@https://registry.npmjs.org/common-tags/-/common-tags-1.8.2.tgz. Extracting by manifest.
858 silly tarball no local data for combined-stream@https://registry.npmjs.org/combined-stream/-/combined-stream-1.0.8.tgz. Extracting by manifest.
859 silly tarball no local data for commander@https://registry.npmjs.org/commander/-/commander-8.3.0.tgz. Extracting by manifest.
860 silly tarball no local data for colord@https://registry.npmjs.org/colord/-/colord-2.9.3.tgz. Extracting by manifest.
861 silly tarball no local data for colorette@https://registry.npmjs.org/colorette/-/colorette-2.0.20.tgz. Extracting by manifest.
862 silly tarball no local data for color-name@https://registry.npmjs.org/color-name/-/color-name-1.1.4.tgz. Extracting by manifest.
863 silly tarball no local data for color-convert@https://registry.npmjs.org/color-convert/-/color-convert-2.0.1.tgz. Extracting by manifest.
864 silly tarball no local data for coa@https://registry.npmjs.org/coa/-/coa-2.0.2.tgz. Extracting by manifest.
865 silly tarball no local data for collect-v8-coverage@https://registry.npmjs.org/collect-v8-coverage/-/collect-v8-coverage-1.0.2.tgz. Extracting by manifest.
866 silly tarball no local data for co@https://registry.npmjs.org/co/-/co-4.6.0.tgz. Extracting by manifest.
867 silly tarball no local data for clean-css@https://registry.npmjs.org/clean-css/-/clean-css-5.3.3.tgz. Extracting by manifest.
868 silly tarball no local data for cliui@https://registry.npmjs.org/cliui/-/cliui-7.0.4.tgz. Extracting by manifest.
869 silly tarball no local data for cjs-module-lexer@https://registry.npmjs.org/cjs-module-lexer/-/cjs-module-lexer-1.4.3.tgz. Extracting by manifest.
870 silly tarball no local data for chrome-trace-event@https://registry.npmjs.org/chrome-trace-event/-/chrome-trace-event-1.0.4.tgz. Extracting by manifest.
871 silly tarball no local data for ci-info@https://registry.npmjs.org/ci-info/-/ci-info-3.9.0.tgz. Extracting by manifest.
872 silly tarball no local data for chokidar@https://registry.npmjs.org/chokidar/-/chokidar-3.6.0.tgz. Extracting by manifest.
873 silly tarball no local data for check-types@https://registry.npmjs.org/check-types/-/check-types-11.2.3.tgz. Extracting by manifest.
874 silly tarball no local data for char-regex@https://registry.npmjs.org/char-regex/-/char-regex-1.0.2.tgz. Extracting by manifest.
875 silly tarball no local data for chalk@https://registry.npmjs.org/chalk/-/chalk-4.1.2.tgz. Extracting by manifest.
876 silly tarball no local data for case-sensitive-paths-webpack-plugin@https://registry.npmjs.org/case-sensitive-paths-webpack-plugin/-/case-sensitive-paths-webpack-plugin-2.4.0.tgz. Extracting by manifest.
877 silly tarball no local data for caniuse-lite@https://registry.npmjs.org/caniuse-lite/-/caniuse-lite-1.0.30001717.tgz. Extracting by manifest.
878 silly tarball no local data for caniuse-api@https://registry.npmjs.org/caniuse-api/-/caniuse-api-3.0.0.tgz. Extracting by manifest.
879 silly tarball no local data for camelcase-css@https://registry.npmjs.org/camelcase-css/-/camelcase-css-2.0.1.tgz. Extracting by manifest.
880 silly tarball no local data for camelcase@https://registry.npmjs.org/camelcase/-/camelcase-6.3.0.tgz. Extracting by manifest.
881 silly tarball no local data for callsites@https://registry.npmjs.org/callsites/-/callsites-3.1.0.tgz. Extracting by manifest.
882 silly tarball no local data for camel-case@https://registry.npmjs.org/camel-case/-/camel-case-4.1.2.tgz. Extracting by manifest.
883 silly tarball no local data for call-bound@https://registry.npmjs.org/call-bound/-/call-bound-1.0.4.tgz. Extracting by manifest.
884 silly tarball no local data for call-bind-apply-helpers@https://registry.npmjs.org/call-bind-apply-helpers/-/call-bind-apply-helpers-1.0.2.tgz. Extracting by manifest.
885 silly tarball no local data for builtin-modules@https://registry.npmjs.org/builtin-modules/-/builtin-modules-3.3.0.tgz. Extracting by manifest.
886 silly tarball no local data for buffer-from@https://registry.npmjs.org/buffer-from/-/buffer-from-1.1.2.tgz. Extracting by manifest.
887 silly tarball no local data for bser@https://registry.npmjs.org/bser/-/bser-2.1.1.tgz. Extracting by manifest.
888 silly tarball no local data for browser-process-hrtime@https://registry.npmjs.org/browser-process-hrtime/-/browser-process-hrtime-1.0.0.tgz. Extracting by manifest.
889 silly tarball no local data for browserslist@https://registry.npmjs.org/browserslist/-/browserslist-4.24.5.tgz. Extracting by manifest.
890 silly tarball no local data for braces@https://registry.npmjs.org/braces/-/braces-3.0.3.tgz. Extracting by manifest.
891 silly tarball no local data for brace-expansion@https://registry.npmjs.org/brace-expansion/-/brace-expansion-1.1.11.tgz. Extracting by manifest.
892 silly tarball no local data for boolbase@https://registry.npmjs.org/boolbase/-/boolbase-1.0.0.tgz. Extracting by manifest.
893 silly tarball no local data for bonjour-service@https://registry.npmjs.org/bonjour-service/-/bonjour-service-1.3.0.tgz. Extracting by manifest.
894 silly tarball no local data for body-parser@https://registry.npmjs.org/body-parser/-/body-parser-1.20.3.tgz. Extracting by manifest.
895 silly tarball no local data for bluebird@https://registry.npmjs.org/bluebird/-/bluebird-3.7.2.tgz. Extracting by manifest.
896 silly tarball no local data for binary-extensions@https://registry.npmjs.org/binary-extensions/-/binary-extensions-2.3.0.tgz. Extracting by manifest.
897 silly tarball no local data for big.js@https://registry.npmjs.org/big.js/-/big.js-5.2.2.tgz. Extracting by manifest.
898 silly tarball no local data for bfj@https://registry.npmjs.org/bfj/-/bfj-7.1.0.tgz. Extracting by manifest.
899 silly tarball no local data for batch@https://registry.npmjs.org/batch/-/batch-0.6.1.tgz. Extracting by manifest.
900 silly tarball no local data for balanced-match@https://registry.npmjs.org/balanced-match/-/balanced-match-1.0.2.tgz. Extracting by manifest.
901 silly tarball no local data for babel-preset-react-app@https://registry.npmjs.org/babel-preset-react-app/-/babel-preset-react-app-10.1.0.tgz. Extracting by manifest.
902 silly tarball no local data for babel-preset-current-node-syntax@https://registry.npmjs.org/babel-preset-current-node-syntax/-/babel-preset-current-node-syntax-1.1.0.tgz. Extracting by manifest.
903 silly tarball no local data for babel-preset-jest@https://registry.npmjs.org/babel-preset-jest/-/babel-preset-jest-27.5.1.tgz. Extracting by manifest.
904 silly tarball no local data for babel-plugin-transform-react-remove-prop-types@https://registry.npmjs.org/babel-plugin-transform-react-remove-prop-types/-/babel-plugin-transform-react-remove-prop-types-0.4.24.tgz. Extracting by manifest.
905 silly tarball no local data for babel-plugin-polyfill-regenerator@https://registry.npmjs.org/babel-plugin-polyfill-regenerator/-/babel-plugin-polyfill-regenerator-0.6.4.tgz. Extracting by manifest.
906 silly tarball no local data for babel-plugin-polyfill-corejs2@https://registry.npmjs.org/babel-plugin-polyfill-corejs2/-/babel-plugin-polyfill-corejs2-0.4.13.tgz. Extracting by manifest.
907 silly tarball no local data for babel-plugin-polyfill-corejs3@https://registry.npmjs.org/babel-plugin-polyfill-corejs3/-/babel-plugin-polyfill-corejs3-0.11.1.tgz. Extracting by manifest.
908 silly tarball no local data for babel-plugin-named-asset-import@https://registry.npmjs.org/babel-plugin-named-asset-import/-/babel-plugin-named-asset-import-0.3.8.tgz. Extracting by manifest.
909 silly tarball no local data for babel-plugin-macros@https://registry.npmjs.org/babel-plugin-macros/-/babel-plugin-macros-3.1.0.tgz. Extracting by manifest.
910 silly tarball no local data for babel-plugin-jest-hoist@https://registry.npmjs.org/babel-plugin-jest-hoist/-/babel-plugin-jest-hoist-27.5.1.tgz. Extracting by manifest.
911 silly tarball no local data for babel-plugin-istanbul@https://registry.npmjs.org/babel-plugin-istanbul/-/babel-plugin-istanbul-6.1.1.tgz. Extracting by manifest.
912 silly tarball no local data for acorn-jsx@https://registry.npmjs.org/acorn-jsx/-/acorn-jsx-5.3.2.tgz. Extracting by manifest.
913 silly tarball no local data for acorn-globals@https://registry.npmjs.org/acorn-globals/-/acorn-globals-6.0.0.tgz. Extracting by manifest.
914 silly tarball no local data for acorn@https://registry.npmjs.org/acorn/-/acorn-8.14.1.tgz. Extracting by manifest.
915 silly tarball no local data for accepts@https://registry.npmjs.org/accepts/-/accepts-1.3.8.tgz. Extracting by manifest.
916 silly tarball no local data for abab@https://registry.npmjs.org/abab/-/abab-2.0.6.tgz. Extracting by manifest.
917 silly tarball no local data for @xtuc/ieee754@https://registry.npmjs.org/@xtuc/ieee754/-/ieee754-1.2.0.tgz. Extracting by manifest.
918 silly tarball no local data for @xtuc/long@https://registry.npmjs.org/@xtuc/long/-/long-4.2.2.tgz. Extracting by manifest.
919 silly tarball no local data for @webassemblyjs/wast-printer@https://registry.npmjs.org/@webassemblyjs/wast-printer/-/wast-printer-1.14.1.tgz. Extracting by manifest.
920 silly tarball no local data for @webassemblyjs/wasm-parser@https://registry.npmjs.org/@webassemblyjs/wasm-parser/-/wasm-parser-1.14.1.tgz. Extracting by manifest.
921 silly tarball no local data for @webassemblyjs/wasm-gen@https://registry.npmjs.org/@webassemblyjs/wasm-gen/-/wasm-gen-1.14.1.tgz. Extracting by manifest.
922 silly tarball no local data for @webassemblyjs/wasm-opt@https://registry.npmjs.org/@webassemblyjs/wasm-opt/-/wasm-opt-1.14.1.tgz. Extracting by manifest.
923 silly tarball no local data for @webassemblyjs/wasm-edit@https://registry.npmjs.org/@webassemblyjs/wasm-edit/-/wasm-edit-1.14.1.tgz. Extracting by manifest.
924 silly tarball no local data for @webassemblyjs/utf8@https://registry.npmjs.org/@webassemblyjs/utf8/-/utf8-1.13.2.tgz. Extracting by manifest.
925 silly tarball no local data for @webassemblyjs/leb128@https://registry.npmjs.org/@webassemblyjs/leb128/-/leb128-1.13.2.tgz. Extracting by manifest.
926 silly tarball no local data for @webassemblyjs/ieee754@https://registry.npmjs.org/@webassemblyjs/ieee754/-/ieee754-1.13.2.tgz. Extracting by manifest.
927 silly tarball no local data for @webassemblyjs/helper-wasm-section@https://registry.npmjs.org/@webassemblyjs/helper-wasm-section/-/helper-wasm-section-1.14.1.tgz. Extracting by manifest.
928 silly tarball no local data for @webassemblyjs/helper-wasm-bytecode@https://registry.npmjs.org/@webassemblyjs/helper-wasm-bytecode/-/helper-wasm-bytecode-1.13.2.tgz. Extracting by manifest.
929 silly tarball no local data for @webassemblyjs/helper-numbers@https://registry.npmjs.org/@webassemblyjs/helper-numbers/-/helper-numbers-1.13.2.tgz. Extracting by manifest.
930 silly tarball no local data for @webassemblyjs/helper-buffer@https://registry.npmjs.org/@webassemblyjs/helper-buffer/-/helper-buffer-1.14.1.tgz. Extracting by manifest.
931 silly tarball no local data for @webassemblyjs/helper-api-error@https://registry.npmjs.org/@webassemblyjs/helper-api-error/-/helper-api-error-1.13.2.tgz. Extracting by manifest.
932 silly tarball no local data for @webassemblyjs/floating-point-hex-parser@https://registry.npmjs.org/@webassemblyjs/floating-point-hex-parser/-/floating-point-hex-parser-1.13.2.tgz. Extracting by manifest.
933 silly tarball no local data for @webassemblyjs/ast@https://registry.npmjs.org/@webassemblyjs/ast/-/ast-1.14.1.tgz. Extracting by manifest.
934 silly tarball no local data for @ungap/structured-clone@https://registry.npmjs.org/@ungap/structured-clone/-/structured-clone-1.3.0.tgz. Extracting by manifest.
935 silly tarball no local data for @typescript-eslint/visitor-keys@https://registry.npmjs.org/@typescript-eslint/visitor-keys/-/visitor-keys-5.62.0.tgz. Extracting by manifest.
936 silly tarball no local data for @typescript-eslint/utils@https://registry.npmjs.org/@typescript-eslint/utils/-/utils-5.62.0.tgz. Extracting by manifest.
937 silly tarball no local data for @typescript-eslint/typescript-estree@https://registry.npmjs.org/@typescript-eslint/typescript-estree/-/typescript-estree-5.62.0.tgz. Extracting by manifest.
938 silly tarball no local data for @typescript-eslint/types@https://registry.npmjs.org/@typescript-eslint/types/-/types-5.62.0.tgz. Extracting by manifest.
939 silly tarball no local data for @typescript-eslint/scope-manager@https://registry.npmjs.org/@typescript-eslint/scope-manager/-/scope-manager-5.62.0.tgz. Extracting by manifest.
940 silly tarball no local data for @typescript-eslint/parser@https://registry.npmjs.org/@typescript-eslint/parser/-/parser-5.62.0.tgz. Extracting by manifest.
941 silly tarball no local data for @typescript-eslint/type-utils@https://registry.npmjs.org/@typescript-eslint/type-utils/-/type-utils-5.62.0.tgz. Extracting by manifest.
942 silly tarball no local data for @typescript-eslint/experimental-utils@https://registry.npmjs.org/@typescript-eslint/experimental-utils/-/experimental-utils-5.62.0.tgz. Extracting by manifest.
943 silly tarball no local data for @typescript-eslint/eslint-plugin@https://registry.npmjs.org/@typescript-eslint/eslint-plugin/-/eslint-plugin-5.62.0.tgz. Extracting by manifest.
944 silly tarball no local data for @types/ws@https://registry.npmjs.org/@types/ws/-/ws-8.18.1.tgz. Extracting by manifest.
945 silly tarball no local data for @types/yargs@https://registry.npmjs.org/@types/yargs/-/yargs-16.0.9.tgz. Extracting by manifest.
946 silly tarball no local data for @types/yargs-parser@https://registry.npmjs.org/@types/yargs-parser/-/yargs-parser-21.0.3.tgz. Extracting by manifest.
947 silly tarball no local data for @types/trusted-types@https://registry.npmjs.org/@types/trusted-types/-/trusted-types-2.0.7.tgz. Extracting by manifest.
948 silly tarball no local data for @types/stack-utils@https://registry.npmjs.org/@types/stack-utils/-/stack-utils-2.0.3.tgz. Extracting by manifest.
949 silly tarball no local data for @types/serve-static@https://registry.npmjs.org/@types/serve-static/-/serve-static-1.15.7.tgz. Extracting by manifest.
950 silly tarball no local data for @types/sockjs@https://registry.npmjs.org/@types/sockjs/-/sockjs-0.3.36.tgz. Extracting by manifest.
951 silly tarball no local data for @types/serve-index@https://registry.npmjs.org/@types/serve-index/-/serve-index-1.9.4.tgz. Extracting by manifest.
952 silly tarball no local data for @types/send@https://registry.npmjs.org/@types/send/-/send-0.17.4.tgz. Extracting by manifest.
953 silly tarball no local data for @types/semver@https://registry.npmjs.org/@types/semver/-/semver-7.7.0.tgz. Extracting by manifest.
954 silly tarball no local data for @types/retry@https://registry.npmjs.org/@types/retry/-/retry-0.12.0.tgz. Extracting by manifest.
955 silly tarball no local data for @types/resolve@https://registry.npmjs.org/@types/resolve/-/resolve-1.17.1.tgz. Extracting by manifest.
956 silly tarball no local data for @types/range-parser@https://registry.npmjs.org/@types/range-parser/-/range-parser-1.2.7.tgz. Extracting by manifest.
957 silly tarball no local data for @types/qs@https://registry.npmjs.org/@types/qs/-/qs-6.9.18.tgz. Extracting by manifest.
958 silly tarball no local data for @types/q@https://registry.npmjs.org/@types/q/-/q-1.5.8.tgz. Extracting by manifest.
959 silly tarball no local data for @types/prettier@https://registry.npmjs.org/@types/prettier/-/prettier-2.7.3.tgz. Extracting by manifest.
960 silly tarball no local data for @types/parse-json@https://registry.npmjs.org/@types/parse-json/-/parse-json-4.0.2.tgz. Extracting by manifest.
961 silly tarball no local data for @types/node-forge@https://registry.npmjs.org/@types/node-forge/-/node-forge-1.3.11.tgz. Extracting by manifest.
962 silly tarball no local data for @types/node@https://registry.npmjs.org/@types/node/-/node-22.15.17.tgz. Extracting by manifest.
963 silly tarball no local data for @types/mime@https://registry.npmjs.org/@types/mime/-/mime-1.3.5.tgz. Extracting by manifest.
964 silly tarball no local data for @types/json5@https://registry.npmjs.org/@types/json5/-/json5-0.0.29.tgz. Extracting by manifest.
965 silly tarball no local data for @types/istanbul-reports@https://registry.npmjs.org/@types/istanbul-reports/-/istanbul-reports-3.0.4.tgz. Extracting by manifest.
966 silly tarball no local data for @types/json-schema@https://registry.npmjs.org/@types/json-schema/-/json-schema-7.0.15.tgz. Extracting by manifest.
967 silly tarball no local data for @types/istanbul-lib-report@https://registry.npmjs.org/@types/istanbul-lib-report/-/istanbul-lib-report-3.0.3.tgz. Extracting by manifest.
968 silly tarball no local data for @types/istanbul-lib-coverage@https://registry.npmjs.org/@types/istanbul-lib-coverage/-/istanbul-lib-coverage-2.0.6.tgz. Extracting by manifest.
969 silly tarball no local data for @types/http-proxy@https://registry.npmjs.org/@types/http-proxy/-/http-proxy-1.17.16.tgz. Extracting by manifest.
970 silly tarball no local data for @types/html-minifier-terser@https://registry.npmjs.org/@types/html-minifier-terser/-/html-minifier-terser-6.1.0.tgz. Extracting by manifest.
971 silly tarball no local data for @types/graceful-fs@https://registry.npmjs.org/@types/graceful-fs/-/graceful-fs-4.1.9.tgz. Extracting by manifest.
972 silly tarball no local data for @types/express-serve-static-core@https://registry.npmjs.org/@types/express-serve-static-core/-/express-serve-static-core-5.0.6.tgz. Extracting by manifest.
973 silly tarball no local data for @types/express@https://registry.npmjs.org/@types/express/-/express-4.17.21.tgz. Extracting by manifest.
974 silly tarball no local data for @types/http-errors@https://registry.npmjs.org/@types/http-errors/-/http-errors-2.0.4.tgz. Extracting by manifest.
975 silly tarball no local data for @types/estree@https://registry.npmjs.org/@types/estree/-/estree-1.0.7.tgz. Extracting by manifest.
976 silly tarball no local data for @types/eslint-scope@https://registry.npmjs.org/@types/eslint-scope/-/eslint-scope-3.7.7.tgz. Extracting by manifest.
977 silly tarball no local data for @types/eslint@https://registry.npmjs.org/@types/eslint/-/eslint-8.56.12.tgz. Extracting by manifest.
978 silly tarball no local data for @types/connect-history-api-fallback@https://registry.npmjs.org/@types/connect-history-api-fallback/-/connect-history-api-fallback-1.5.4.tgz. Extracting by manifest.
979 silly tarball no local data for @types/connect@https://registry.npmjs.org/@types/connect/-/connect-3.4.38.tgz. Extracting by manifest.
980 silly tarball no local data for @types/bonjour@https://registry.npmjs.org/@types/bonjour/-/bonjour-3.5.13.tgz. Extracting by manifest.
981 silly tarball no local data for @types/body-parser@https://registry.npmjs.org/@types/body-parser/-/body-parser-1.19.5.tgz. Extracting by manifest.
982 silly tarball no local data for @types/babel__traverse@https://registry.npmjs.org/@types/babel__traverse/-/babel__traverse-7.20.7.tgz. Extracting by manifest.
983 silly tarball no local data for @types/babel__template@https://registry.npmjs.org/@types/babel__template/-/babel__template-7.4.4.tgz. Extracting by manifest.
984 silly tarball no local data for @types/babel__generator@https://registry.npmjs.org/@types/babel__generator/-/babel__generator-7.27.0.tgz. Extracting by manifest.
985 silly tarball no local data for @types/babel__core@https://registry.npmjs.org/@types/babel__core/-/babel__core-7.20.5.tgz. Extracting by manifest.
986 silly tarball no local data for @types/aria-query@https://registry.npmjs.org/@types/aria-query/-/aria-query-5.0.4.tgz. Extracting by manifest.
987 silly tarball no local data for @trysound/sax@https://registry.npmjs.org/@trysound/sax/-/sax-0.2.0.tgz. Extracting by manifest.
988 silly tarball no local data for @tootallnate/once@https://registry.npmjs.org/@tootallnate/once/-/once-1.1.2.tgz. Extracting by manifest.
989 silly tarball no local data for @testing-library/user-event@https://registry.npmjs.org/@testing-library/user-event/-/user-event-13.5.0.tgz. Extracting by manifest.
990 silly tarball no local data for @testing-library/react@https://registry.npmjs.org/@testing-library/react/-/react-16.3.0.tgz. Extracting by manifest.
991 silly tarball no local data for @testing-library/jest-dom@https://registry.npmjs.org/@testing-library/jest-dom/-/jest-dom-6.6.3.tgz. Extracting by manifest.
992 silly tarball no local data for @testing-library/dom@https://registry.npmjs.org/@testing-library/dom/-/dom-10.4.0.tgz. Extracting by manifest.
993 silly tarball no local data for @svgr/plugin-svgo@https://registry.npmjs.org/@svgr/plugin-svgo/-/plugin-svgo-5.5.0.tgz. Extracting by manifest.
994 silly tarball no local data for @svgr/webpack@https://registry.npmjs.org/@svgr/webpack/-/webpack-5.5.0.tgz. Extracting by manifest.
995 silly tarball no local data for @svgr/hast-util-to-babel-ast@https://registry.npmjs.org/@svgr/hast-util-to-babel-ast/-/hast-util-to-babel-ast-5.5.0.tgz. Extracting by manifest.
996 silly tarball no local data for @svgr/plugin-jsx@https://registry.npmjs.org/@svgr/plugin-jsx/-/plugin-jsx-5.5.0.tgz. Extracting by manifest.
997 silly tarball no local data for @svgr/core@https://registry.npmjs.org/@svgr/core/-/core-5.5.0.tgz. Extracting by manifest.
998 silly tarball no local data for @svgr/babel-preset@https://registry.npmjs.org/@svgr/babel-preset/-/babel-preset-5.5.0.tgz. Extracting by manifest.
999 silly tarball no local data for @svgr/babel-plugin-svg-em-dimensions@https://registry.npmjs.org/@svgr/babel-plugin-svg-em-dimensions/-/babel-plugin-svg-em-dimensions-5.4.0.tgz. Extracting by manifest.
1000 silly tarball no local data for @svgr/babel-plugin-transform-react-native-svg@https://registry.npmjs.org/@svgr/babel-plugin-transform-react-native-svg/-/babel-plugin-transform-react-native-svg-5.4.0.tgz. Extracting by manifest.
1001 silly tarball no local data for @svgr/babel-plugin-transform-svg-component@https://registry.npmjs.org/@svgr/babel-plugin-transform-svg-component/-/babel-plugin-transform-svg-component-5.5.0.tgz. Extracting by manifest.
1002 silly tarball no local data for @svgr/babel-plugin-svg-dynamic-title@https://registry.npmjs.org/@svgr/babel-plugin-svg-dynamic-title/-/babel-plugin-svg-dynamic-title-5.4.0.tgz. Extracting by manifest.
1003 silly tarball no local data for @svgr/babel-plugin-remove-jsx-attribute@https://registry.npmjs.org/@svgr/babel-plugin-remove-jsx-attribute/-/babel-plugin-remove-jsx-attribute-5.4.0.tgz. Extracting by manifest.
1004 silly tarball no local data for @svgr/babel-plugin-remove-jsx-empty-expression@https://registry.npmjs.org/@svgr/babel-plugin-remove-jsx-empty-expression/-/babel-plugin-remove-jsx-empty-expression-5.0.1.tgz. Extracting by manifest.
1005 silly tarball no local data for @svgr/babel-plugin-add-jsx-attribute@https://registry.npmjs.org/@svgr/babel-plugin-add-jsx-attribute/-/babel-plugin-add-jsx-attribute-5.4.0.tgz. Extracting by manifest.
1006 silly tarball no local data for @svgr/babel-plugin-replace-jsx-attribute-value@https://registry.npmjs.org/@svgr/babel-plugin-replace-jsx-attribute-value/-/babel-plugin-replace-jsx-attribute-value-5.0.1.tgz. Extracting by manifest.
1007 silly tarball no local data for @surma/rollup-plugin-off-main-thread@https://registry.npmjs.org/@surma/rollup-plugin-off-main-thread/-/rollup-plugin-off-main-thread-2.2.3.tgz. Extracting by manifest.
1008 silly tarball no local data for @sinonjs/commons@https://registry.npmjs.org/@sinonjs/commons/-/commons-1.8.6.tgz. Extracting by manifest.
1009 silly tarball no local data for @sinonjs/fake-timers@https://registry.npmjs.org/@sinonjs/fake-timers/-/fake-timers-8.1.0.tgz. Extracting by manifest.
1010 silly tarball no local data for @sinclair/typebox@https://registry.npmjs.org/@sinclair/typebox/-/typebox-0.24.51.tgz. Extracting by manifest.
1011 silly tarball no local data for @rushstack/eslint-patch@https://registry.npmjs.org/@rushstack/eslint-patch/-/eslint-patch-1.11.0.tgz. Extracting by manifest.
1012 silly tarball no local data for @rollup/plugin-replace@https://registry.npmjs.org/@rollup/plugin-replace/-/plugin-replace-2.4.2.tgz. Extracting by manifest.
1013 silly tarball no local data for @rollup/pluginutils@https://registry.npmjs.org/@rollup/pluginutils/-/pluginutils-3.1.0.tgz. Extracting by manifest.
1014 silly tarball no local data for @rtsao/scc@https://registry.npmjs.org/@rtsao/scc/-/scc-1.1.0.tgz. Extracting by manifest.
1015 silly tarball no local data for @rollup/plugin-node-resolve@https://registry.npmjs.org/@rollup/plugin-node-resolve/-/plugin-node-resolve-11.2.1.tgz. Extracting by manifest.
1016 silly tarball no local data for @rollup/plugin-babel@https://registry.npmjs.org/@rollup/plugin-babel/-/plugin-babel-5.3.1.tgz. Extracting by manifest.
1017 silly tarball no local data for @pkgjs/parseargs@https://registry.npmjs.org/@pkgjs/parseargs/-/parseargs-0.11.0.tgz. Extracting by manifest.
1018 silly tarball no local data for @pmmmwh/react-refresh-webpack-plugin@https://registry.npmjs.org/@pmmmwh/react-refresh-webpack-plugin/-/react-refresh-webpack-plugin-0.5.16.tgz. Extracting by manifest.
1019 silly tarball no local data for @nodelib/fs.walk@https://registry.npmjs.org/@nodelib/fs.walk/-/fs.walk-1.2.8.tgz. Extracting by manifest.
1020 silly tarball no local data for @nodelib/fs.scandir@https://registry.npmjs.org/@nodelib/fs.scandir/-/fs.scandir-2.1.5.tgz. Extracting by manifest.
1021 silly tarball no local data for @nodelib/fs.stat@https://registry.npmjs.org/@nodelib/fs.stat/-/fs.stat-2.0.5.tgz. Extracting by manifest.
1022 silly tarball no local data for @nicolo-ribaudo/eslint-scope-5-internals@https://registry.npmjs.org/@nicolo-ribaudo/eslint-scope-5-internals/-/eslint-scope-5-internals-5.1.1-v1.tgz. Extracting by manifest.
1023 silly tarball no local data for @leichtgewicht/ip-codec@https://registry.npmjs.org/@leichtgewicht/ip-codec/-/ip-codec-2.0.5.tgz. Extracting by manifest.
1024 silly tarball no local data for @jridgewell/trace-mapping@https://registry.npmjs.org/@jridgewell/trace-mapping/-/trace-mapping-0.3.25.tgz. Extracting by manifest.
1025 silly tarball no local data for @jridgewell/source-map@https://registry.npmjs.org/@jridgewell/source-map/-/source-map-0.3.6.tgz. Extracting by manifest.
1026 silly tarball no local data for @jridgewell/sourcemap-codec@https://registry.npmjs.org/@jridgewell/sourcemap-codec/-/sourcemap-codec-1.5.0.tgz. Extracting by manifest.
1027 silly tarball no local data for @jridgewell/set-array@https://registry.npmjs.org/@jridgewell/set-array/-/set-array-1.2.1.tgz. Extracting by manifest.
1028 silly tarball no local data for @jridgewell/resolve-uri@https://registry.npmjs.org/@jridgewell/resolve-uri/-/resolve-uri-3.1.2.tgz. Extracting by manifest.
1029 silly tarball no local data for @jridgewell/gen-mapping@https://registry.npmjs.org/@jridgewell/gen-mapping/-/gen-mapping-0.3.8.tgz. Extracting by manifest.
1030 silly tarball no local data for @jest/types@https://registry.npmjs.org/@jest/types/-/types-27.5.1.tgz. Extracting by manifest.
1031 silly tarball no local data for @jest/transform@https://registry.npmjs.org/@jest/transform/-/transform-27.5.1.tgz. Extracting by manifest.
1032 silly tarball no local data for @jest/test-sequencer@https://registry.npmjs.org/@jest/test-sequencer/-/test-sequencer-27.5.1.tgz. Extracting by manifest.
1033 silly tarball no local data for @jest/test-result@https://registry.npmjs.org/@jest/test-result/-/test-result-27.5.1.tgz. Extracting by manifest.
1034 silly tarball no local data for @jest/source-map@https://registry.npmjs.org/@jest/source-map/-/source-map-27.5.1.tgz. Extracting by manifest.
1035 silly tarball no local data for @jest/schemas@https://registry.npmjs.org/@jest/schemas/-/schemas-28.1.3.tgz. Extracting by manifest.
1036 silly tarball no local data for @jest/reporters@https://registry.npmjs.org/@jest/reporters/-/reporters-27.5.1.tgz. Extracting by manifest.
1037 silly tarball no local data for @jest/globals@https://registry.npmjs.org/@jest/globals/-/globals-27.5.1.tgz. Extracting by manifest.
1038 silly tarball no local data for @jest/fake-timers@https://registry.npmjs.org/@jest/fake-timers/-/fake-timers-27.5.1.tgz. Extracting by manifest.
1039 silly tarball no local data for @jest/environment@https://registry.npmjs.org/@jest/environment/-/environment-27.5.1.tgz. Extracting by manifest.
1040 silly tarball no local data for @jest/core@https://registry.npmjs.org/@jest/core/-/core-27.5.1.tgz. Extracting by manifest.
1041 silly tarball no local data for @isaacs/cliui@https://registry.npmjs.org/@isaacs/cliui/-/cliui-8.0.2.tgz. Extracting by manifest.
1042 silly tarball no local data for @humanwhocodes/object-schema@https://registry.npmjs.org/@humanwhocodes/object-schema/-/object-schema-2.0.3.tgz. Extracting by manifest.
1043 silly tarball no local data for @humanwhocodes/module-importer@https://registry.npmjs.org/@humanwhocodes/module-importer/-/module-importer-1.0.1.tgz. Extracting by manifest.
1044 silly tarball no local data for @humanwhocodes/config-array@https://registry.npmjs.org/@humanwhocodes/config-array/-/config-array-0.13.0.tgz. Extracting by manifest.
1045 silly tarball no local data for @eslint/eslintrc@https://registry.npmjs.org/@eslint/eslintrc/-/eslintrc-2.1.4.tgz. Extracting by manifest.
1046 silly tarball no local data for @eslint/js@https://registry.npmjs.org/@eslint/js/-/js-8.57.1.tgz. Extracting by manifest.
1047 silly tarball no local data for @eslint-community/regexpp@https://registry.npmjs.org/@eslint-community/regexpp/-/regexpp-4.12.1.tgz. Extracting by manifest.
1048 silly tarball no local data for @eslint-community/eslint-utils@https://registry.npmjs.org/@eslint-community/eslint-utils/-/eslint-utils-4.7.0.tgz. Extracting by manifest.
1049 silly tarball no local data for @csstools/selector-specificity@https://registry.npmjs.org/@csstools/selector-specificity/-/selector-specificity-2.2.0.tgz. Extracting by manifest.
1050 silly tarball no local data for @csstools/postcss-unset-value@https://registry.npmjs.org/@csstools/postcss-unset-value/-/postcss-unset-value-1.0.2.tgz. Extracting by manifest.
1051 silly tarball no local data for @csstools/postcss-trigonometric-functions@https://registry.npmjs.org/@csstools/postcss-trigonometric-functions/-/postcss-trigonometric-functions-1.0.2.tgz. Extracting by manifest.
1052 silly tarball no local data for @csstools/postcss-text-decoration-shorthand@https://registry.npmjs.org/@csstools/postcss-text-decoration-shorthand/-/postcss-text-decoration-shorthand-1.0.0.tgz. Extracting by manifest.
1053 silly tarball no local data for @csstools/postcss-stepped-value-functions@https://registry.npmjs.org/@csstools/postcss-stepped-value-functions/-/postcss-stepped-value-functions-1.0.1.tgz. Extracting by manifest.
1054 silly tarball no local data for @csstools/postcss-progressive-custom-properties@https://registry.npmjs.org/@csstools/postcss-progressive-custom-properties/-/postcss-progressive-custom-properties-1.3.0.tgz. Extracting by manifest.
1055 silly tarball no local data for @csstools/postcss-oklab-function@https://registry.npmjs.org/@csstools/postcss-oklab-function/-/postcss-oklab-function-1.1.1.tgz. Extracting by manifest.
1056 silly tarball no local data for @csstools/postcss-normalize-display-values@https://registry.npmjs.org/@csstools/postcss-normalize-display-values/-/postcss-normalize-display-values-1.0.1.tgz. Extracting by manifest.
1057 silly tarball no local data for @csstools/postcss-nested-calc@https://registry.npmjs.org/@csstools/postcss-nested-calc/-/postcss-nested-calc-1.0.0.tgz. Extracting by manifest.
1058 silly tarball no local data for @csstools/postcss-is-pseudo-class@https://registry.npmjs.org/@csstools/postcss-is-pseudo-class/-/postcss-is-pseudo-class-2.0.7.tgz. Extracting by manifest.
1059 silly tarball no local data for @csstools/postcss-hwb-function@https://registry.npmjs.org/@csstools/postcss-hwb-function/-/postcss-hwb-function-1.0.2.tgz. Extracting by manifest.
1060 silly tarball no local data for @csstools/postcss-font-format-keywords@https://registry.npmjs.org/@csstools/postcss-font-format-keywords/-/postcss-font-format-keywords-1.0.1.tgz. Extracting by manifest.
1061 silly tarball no local data for @csstools/postcss-color-function@https://registry.npmjs.org/@csstools/postcss-color-function/-/postcss-color-function-1.1.1.tgz. Extracting by manifest.
1062 silly tarball no local data for @csstools/postcss-cascade-layers@https://registry.npmjs.org/@csstools/postcss-cascade-layers/-/postcss-cascade-layers-1.1.1.tgz. Extracting by manifest.
1063 silly tarball no local data for @csstools/postcss-ic-unit@https://registry.npmjs.org/@csstools/postcss-ic-unit/-/postcss-ic-unit-1.0.1.tgz. Extracting by manifest.
1064 silly tarball no local data for @csstools/normalize.css@https://registry.npmjs.org/@csstools/normalize.css/-/normalize.css-12.1.1.tgz. Extracting by manifest.
1065 silly tarball no local data for @babel/types@https://registry.npmjs.org/@babel/types/-/types-7.27.1.tgz. Extracting by manifest.
1066 silly tarball no local data for @babel/traverse@https://registry.npmjs.org/@babel/traverse/-/traverse-7.27.1.tgz. Extracting by manifest.
1067 silly tarball no local data for @bcoe/v8-coverage@https://registry.npmjs.org/@bcoe/v8-coverage/-/v8-coverage-0.2.3.tgz. Extracting by manifest.
1068 silly tarball no local data for @babel/template@https://registry.npmjs.org/@babel/template/-/template-7.27.2.tgz. Extracting by manifest.
1069 silly tarball no local data for @babel/runtime@https://registry.npmjs.org/@babel/runtime/-/runtime-7.27.1.tgz. Extracting by manifest.
1070 silly tarball no local data for @babel/preset-react@https://registry.npmjs.org/@babel/preset-react/-/preset-react-7.27.1.tgz. Extracting by manifest.
1071 silly tarball no local data for @babel/preset-typescript@https://registry.npmjs.org/@babel/preset-typescript/-/preset-typescript-7.27.1.tgz. Extracting by manifest.
1072 silly tarball no local data for @babel/preset-env@https://registry.npmjs.org/@babel/preset-env/-/preset-env-7.27.2.tgz. Extracting by manifest.
1073 silly tarball no local data for @babel/preset-modules@https://registry.npmjs.org/@babel/preset-modules/-/preset-modules-0.1.6-no-external-plugins.tgz. Extracting by manifest.
1074 silly tarball no local data for @babel/plugin-transform-unicode-sets-regex@https://registry.npmjs.org/@babel/plugin-transform-unicode-sets-regex/-/plugin-transform-unicode-sets-regex-7.27.1.tgz. Extracting by manifest.
1075 silly tarball no local data for @babel/plugin-transform-unicode-regex@https://registry.npmjs.org/@babel/plugin-transform-unicode-regex/-/plugin-transform-unicode-regex-7.27.1.tgz. Extracting by manifest.
1076 silly tarball no local data for @babel/plugin-transform-unicode-property-regex@https://registry.npmjs.org/@babel/plugin-transform-unicode-property-regex/-/plugin-transform-unicode-property-regex-7.27.1.tgz. Extracting by manifest.
1077 silly tarball no local data for @babel/plugin-transform-typescript@https://registry.npmjs.org/@babel/plugin-transform-typescript/-/plugin-transform-typescript-7.27.1.tgz. Extracting by manifest.
1078 silly tarball no local data for @babel/plugin-transform-unicode-escapes@https://registry.npmjs.org/@babel/plugin-transform-unicode-escapes/-/plugin-transform-unicode-escapes-7.27.1.tgz. Extracting by manifest.
1079 silly tarball no local data for @babel/plugin-transform-template-literals@https://registry.npmjs.org/@babel/plugin-transform-template-literals/-/plugin-transform-template-literals-7.27.1.tgz. Extracting by manifest.
1080 silly tarball no local data for @babel/plugin-transform-typeof-symbol@https://registry.npmjs.org/@babel/plugin-transform-typeof-symbol/-/plugin-transform-typeof-symbol-7.27.1.tgz. Extracting by manifest.
1081 silly tarball no local data for @babel/plugin-transform-sticky-regex@https://registry.npmjs.org/@babel/plugin-transform-sticky-regex/-/plugin-transform-sticky-regex-7.27.1.tgz. Extracting by manifest.
1082 silly tarball no local data for @babel/plugin-transform-spread@https://registry.npmjs.org/@babel/plugin-transform-spread/-/plugin-transform-spread-7.27.1.tgz. Extracting by manifest.
1083 silly tarball no local data for @babel/plugin-transform-shorthand-properties@https://registry.npmjs.org/@babel/plugin-transform-shorthand-properties/-/plugin-transform-shorthand-properties-7.27.1.tgz. Extracting by manifest.
1084 silly tarball no local data for @babel/plugin-transform-reserved-words@https://registry.npmjs.org/@babel/plugin-transform-reserved-words/-/plugin-transform-reserved-words-7.27.1.tgz. Extracting by manifest.
1085 silly tarball no local data for @babel/plugin-transform-runtime@https://registry.npmjs.org/@babel/plugin-transform-runtime/-/plugin-transform-runtime-7.27.1.tgz. Extracting by manifest.
1086 silly tarball no local data for @babel/plugin-transform-regexp-modifiers@https://registry.npmjs.org/@babel/plugin-transform-regexp-modifiers/-/plugin-transform-regexp-modifiers-7.27.1.tgz. Extracting by manifest.
1087 silly tarball no local data for @babel/plugin-transform-regenerator@https://registry.npmjs.org/@babel/plugin-transform-regenerator/-/plugin-transform-regenerator-7.27.1.tgz. Extracting by manifest.
1088 silly tarball no local data for @babel/plugin-transform-react-pure-annotations@https://registry.npmjs.org/@babel/plugin-transform-react-pure-annotations/-/plugin-transform-react-pure-annotations-7.27.1.tgz. Extracting by manifest.
1089 silly tarball no local data for @babel/plugin-transform-react-jsx@https://registry.npmjs.org/@babel/plugin-transform-react-jsx/-/plugin-transform-react-jsx-7.27.1.tgz. Extracting by manifest.
1090 silly tarball no local data for @babel/plugin-transform-react-jsx-development@https://registry.npmjs.org/@babel/plugin-transform-react-jsx-development/-/plugin-transform-react-jsx-development-7.27.1.tgz. Extracting by manifest.
1091 silly tarball no local data for @babel/plugin-transform-react-display-name@https://registry.npmjs.org/@babel/plugin-transform-react-display-name/-/plugin-transform-react-display-name-7.27.1.tgz. Extracting by manifest.
1092 silly tarball no local data for @babel/plugin-transform-property-literals@https://registry.npmjs.org/@babel/plugin-transform-property-literals/-/plugin-transform-property-literals-7.27.1.tgz. Extracting by manifest.
1093 silly tarball no local data for @babel/plugin-transform-private-property-in-object@https://registry.npmjs.org/@babel/plugin-transform-private-property-in-object/-/plugin-transform-private-property-in-object-7.27.1.tgz. Extracting by manifest.
1094 silly tarball no local data for @babel/plugin-transform-private-methods@https://registry.npmjs.org/@babel/plugin-transform-private-methods/-/plugin-transform-private-methods-7.27.1.tgz. Extracting by manifest.
1095 silly tarball no local data for @babel/plugin-transform-optional-chaining@https://registry.npmjs.org/@babel/plugin-transform-optional-chaining/-/plugin-transform-optional-chaining-7.27.1.tgz. Extracting by manifest.
1096 silly tarball no local data for @babel/plugin-transform-parameters@https://registry.npmjs.org/@babel/plugin-transform-parameters/-/plugin-transform-parameters-7.27.1.tgz. Extracting by manifest.
1097 silly tarball no local data for @babel/plugin-transform-optional-catch-binding@https://registry.npmjs.org/@babel/plugin-transform-optional-catch-binding/-/plugin-transform-optional-catch-binding-7.27.1.tgz. Extracting by manifest.
1098 silly tarball no local data for @babel/plugin-transform-react-constant-elements@https://registry.npmjs.org/@babel/plugin-transform-react-constant-elements/-/plugin-transform-react-constant-elements-7.27.1.tgz. Extracting by manifest.
1099 silly tarball no local data for @babel/plugin-transform-object-super@https://registry.npmjs.org/@babel/plugin-transform-object-super/-/plugin-transform-object-super-7.27.1.tgz. Extracting by manifest.
1100 silly tarball no local data for @babel/plugin-transform-object-rest-spread@https://registry.npmjs.org/@babel/plugin-transform-object-rest-spread/-/plugin-transform-object-rest-spread-7.27.2.tgz. Extracting by manifest.
1101 silly tarball no local data for @babel/plugin-transform-numeric-separator@https://registry.npmjs.org/@babel/plugin-transform-numeric-separator/-/plugin-transform-numeric-separator-7.27.1.tgz. Extracting by manifest.
1102 silly tarball no local data for @babel/plugin-transform-new-target@https://registry.npmjs.org/@babel/plugin-transform-new-target/-/plugin-transform-new-target-7.27.1.tgz. Extracting by manifest.
1103 silly tarball no local data for @babel/plugin-transform-nullish-coalescing-operator@https://registry.npmjs.org/@babel/plugin-transform-nullish-coalescing-operator/-/plugin-transform-nullish-coalescing-operator-7.27.1.tgz. Extracting by manifest.
1104 silly tarball no local data for @babel/plugin-transform-named-capturing-groups-regex@https://registry.npmjs.org/@babel/plugin-transform-named-capturing-groups-regex/-/plugin-transform-named-capturing-groups-regex-7.27.1.tgz. Extracting by manifest.
1105 silly tarball no local data for @babel/plugin-transform-modules-systemjs@https://registry.npmjs.org/@babel/plugin-transform-modules-systemjs/-/plugin-transform-modules-systemjs-7.27.1.tgz. Extracting by manifest.
1106 silly tarball no local data for @babel/plugin-transform-modules-umd@https://registry.npmjs.org/@babel/plugin-transform-modules-umd/-/plugin-transform-modules-umd-7.27.1.tgz. Extracting by manifest.
1107 silly tarball no local data for @babel/plugin-transform-modules-commonjs@https://registry.npmjs.org/@babel/plugin-transform-modules-commonjs/-/plugin-transform-modules-commonjs-7.27.1.tgz. Extracting by manifest.
1108 silly tarball no local data for @babel/plugin-transform-modules-amd@https://registry.npmjs.org/@babel/plugin-transform-modules-amd/-/plugin-transform-modules-amd-7.27.1.tgz. Extracting by manifest.
1109 silly tarball no local data for @babel/plugin-transform-member-expression-literals@https://registry.npmjs.org/@babel/plugin-transform-member-expression-literals/-/plugin-transform-member-expression-literals-7.27.1.tgz. Extracting by manifest.
1110 silly tarball no local data for @babel/plugin-transform-literals@https://registry.npmjs.org/@babel/plugin-transform-literals/-/plugin-transform-literals-7.27.1.tgz. Extracting by manifest.
1111 silly tarball no local data for @babel/plugin-transform-logical-assignment-operators@https://registry.npmjs.org/@babel/plugin-transform-logical-assignment-operators/-/plugin-transform-logical-assignment-operators-7.27.1.tgz. Extracting by manifest.
1112 silly tarball no local data for @babel/plugin-transform-json-strings@https://registry.npmjs.org/@babel/plugin-transform-json-strings/-/plugin-transform-json-strings-7.27.1.tgz. Extracting by manifest.
1113 silly tarball no local data for @babel/plugin-transform-function-name@https://registry.npmjs.org/@babel/plugin-transform-function-name/-/plugin-transform-function-name-7.27.1.tgz. Extracting by manifest.
1114 silly tarball no local data for @babel/plugin-transform-for-of@https://registry.npmjs.org/@babel/plugin-transform-for-of/-/plugin-transform-for-of-7.27.1.tgz. Extracting by manifest.
1115 silly tarball no local data for @babel/plugin-transform-flow-strip-types@https://registry.npmjs.org/@babel/plugin-transform-flow-strip-types/-/plugin-transform-flow-strip-types-7.27.1.tgz. Extracting by manifest.
1116 silly tarball no local data for @babel/plugin-transform-export-namespace-from@https://registry.npmjs.org/@babel/plugin-transform-export-namespace-from/-/plugin-transform-export-namespace-from-7.27.1.tgz. Extracting by manifest.
1117 silly tarball no local data for @babel/plugin-transform-dynamic-import@https://registry.npmjs.org/@babel/plugin-transform-dynamic-import/-/plugin-transform-dynamic-import-7.27.1.tgz. Extracting by manifest.
1118 silly tarball no local data for @babel/plugin-transform-duplicate-named-capturing-groups-regex@https://registry.npmjs.org/@babel/plugin-transform-duplicate-named-capturing-groups-regex/-/plugin-transform-duplicate-named-capturing-groups-regex-7.27.1.tgz. Extracting by manifest.
1119 silly tarball no local data for @babel/plugin-transform-duplicate-keys@https://registry.npmjs.org/@babel/plugin-transform-duplicate-keys/-/plugin-transform-duplicate-keys-7.27.1.tgz. Extracting by manifest.
1120 silly tarball no local data for @babel/plugin-transform-dotall-regex@https://registry.npmjs.org/@babel/plugin-transform-dotall-regex/-/plugin-transform-dotall-regex-7.27.1.tgz. Extracting by manifest.
1121 silly tarball no local data for @babel/plugin-transform-computed-properties@https://registry.npmjs.org/@babel/plugin-transform-computed-properties/-/plugin-transform-computed-properties-7.27.1.tgz. Extracting by manifest.
1122 silly tarball no local data for @babel/plugin-transform-classes@https://registry.npmjs.org/@babel/plugin-transform-classes/-/plugin-transform-classes-7.27.1.tgz. Extracting by manifest.
1123 silly tarball no local data for @babel/plugin-transform-destructuring@https://registry.npmjs.org/@babel/plugin-transform-destructuring/-/plugin-transform-destructuring-7.27.1.tgz. Extracting by manifest.
1124 silly tarball no local data for @babel/plugin-transform-class-static-block@https://registry.npmjs.org/@babel/plugin-transform-class-static-block/-/plugin-transform-class-static-block-7.27.1.tgz. Extracting by manifest.
1125 silly tarball no local data for @babel/plugin-transform-class-properties@https://registry.npmjs.org/@babel/plugin-transform-class-properties/-/plugin-transform-class-properties-7.27.1.tgz. Extracting by manifest.
1126 silly tarball no local data for @babel/plugin-transform-block-scoping@https://registry.npmjs.org/@babel/plugin-transform-block-scoping/-/plugin-transform-block-scoping-7.27.1.tgz. Extracting by manifest.
1127 silly tarball no local data for @babel/plugin-transform-async-to-generator@https://registry.npmjs.org/@babel/plugin-transform-async-to-generator/-/plugin-transform-async-to-generator-7.27.1.tgz. Extracting by manifest.
1128 silly tarball no local data for @babel/plugin-transform-block-scoped-functions@https://registry.npmjs.org/@babel/plugin-transform-block-scoped-functions/-/plugin-transform-block-scoped-functions-7.27.1.tgz. Extracting by manifest.
1129 silly tarball no local data for @babel/plugin-transform-async-generator-functions@https://registry.npmjs.org/@babel/plugin-transform-async-generator-functions/-/plugin-transform-async-generator-functions-7.27.1.tgz. Extracting by manifest.
1130 silly tarball no local data for @babel/plugin-transform-arrow-functions@https://registry.npmjs.org/@babel/plugin-transform-arrow-functions/-/plugin-transform-arrow-functions-7.27.1.tgz. Extracting by manifest.
1131 silly tarball no local data for @babel/plugin-syntax-unicode-sets-regex@https://registry.npmjs.org/@babel/plugin-syntax-unicode-sets-regex/-/plugin-syntax-unicode-sets-regex-7.18.6.tgz. Extracting by manifest.
1132 silly tarball no local data for @babel/plugin-syntax-typescript@https://registry.npmjs.org/@babel/plugin-syntax-typescript/-/plugin-syntax-typescript-7.27.1.tgz. Extracting by manifest.
1133 silly tarball no local data for @babel/plugin-syntax-top-level-await@https://registry.npmjs.org/@babel/plugin-syntax-top-level-await/-/plugin-syntax-top-level-await-7.14.5.tgz. Extracting by manifest.
1134 silly tarball no local data for @babel/plugin-syntax-private-property-in-object@https://registry.npmjs.org/@babel/plugin-syntax-private-property-in-object/-/plugin-syntax-private-property-in-object-7.14.5.tgz. Extracting by manifest.
1135 silly tarball no local data for @babel/plugin-syntax-optional-catch-binding@https://registry.npmjs.org/@babel/plugin-syntax-optional-catch-binding/-/plugin-syntax-optional-catch-binding-7.8.3.tgz. Extracting by manifest.
1136 silly tarball no local data for @babel/plugin-syntax-object-rest-spread@https://registry.npmjs.org/@babel/plugin-syntax-object-rest-spread/-/plugin-syntax-object-rest-spread-7.8.3.tgz. Extracting by manifest.
1137 silly tarball no local data for @babel/plugin-syntax-numeric-separator@https://registry.npmjs.org/@babel/plugin-syntax-numeric-separator/-/plugin-syntax-numeric-separator-7.10.4.tgz. Extracting by manifest.
1138 silly tarball no local data for @babel/plugin-syntax-logical-assignment-operators@https://registry.npmjs.org/@babel/plugin-syntax-logical-assignment-operators/-/plugin-syntax-logical-assignment-operators-7.10.4.tgz. Extracting by manifest.
1139 silly tarball no local data for @babel/plugin-syntax-nullish-coalescing-operator@https://registry.npmjs.org/@babel/plugin-syntax-nullish-coalescing-operator/-/plugin-syntax-nullish-coalescing-operator-7.8.3.tgz. Extracting by manifest.
1140 silly tarball no local data for @babel/plugin-syntax-jsx@https://registry.npmjs.org/@babel/plugin-syntax-jsx/-/plugin-syntax-jsx-7.27.1.tgz. Extracting by manifest.
1141 silly tarball no local data for @babel/plugin-syntax-json-strings@https://registry.npmjs.org/@babel/plugin-syntax-json-strings/-/plugin-syntax-json-strings-7.8.3.tgz. Extracting by manifest.
1142 silly tarball no local data for @babel/plugin-syntax-import-meta@https://registry.npmjs.org/@babel/plugin-syntax-import-meta/-/plugin-syntax-import-meta-7.10.4.tgz. Extracting by manifest.
1143 silly tarball no local data for @babel/plugin-syntax-import-attributes@https://registry.npmjs.org/@babel/plugin-syntax-import-attributes/-/plugin-syntax-import-attributes-7.27.1.tgz. Extracting by manifest.
1144 silly tarball no local data for @babel/plugin-syntax-import-assertions@https://registry.npmjs.org/@babel/plugin-syntax-import-assertions/-/plugin-syntax-import-assertions-7.27.1.tgz. Extracting by manifest.
1145 silly tarball no local data for @babel/plugin-transform-exponentiation-operator@https://registry.npmjs.org/@babel/plugin-transform-exponentiation-operator/-/plugin-transform-exponentiation-operator-7.27.1.tgz. Extracting by manifest.
1146 silly tarball no local data for @babel/plugin-syntax-optional-chaining@https://registry.npmjs.org/@babel/plugin-syntax-optional-chaining/-/plugin-syntax-optional-chaining-7.8.3.tgz. Extracting by manifest.
1147 silly tarball no local data for @babel/plugin-syntax-flow@https://registry.npmjs.org/@babel/plugin-syntax-flow/-/plugin-syntax-flow-7.27.1.tgz. Extracting by manifest.
1148 silly tarball no local data for @babel/plugin-syntax-decorators@https://registry.npmjs.org/@babel/plugin-syntax-decorators/-/plugin-syntax-decorators-7.27.1.tgz. Extracting by manifest.
1149 silly tarball no local data for @babel/plugin-syntax-class-static-block@https://registry.npmjs.org/@babel/plugin-syntax-class-static-block/-/plugin-syntax-class-static-block-7.14.5.tgz. Extracting by manifest.
1150 silly tarball no local data for @babel/plugin-syntax-class-properties@https://registry.npmjs.org/@babel/plugin-syntax-class-properties/-/plugin-syntax-class-properties-7.12.13.tgz. Extracting by manifest.
1151 silly tarball no local data for @babel/plugin-syntax-bigint@https://registry.npmjs.org/@babel/plugin-syntax-bigint/-/plugin-syntax-bigint-7.8.3.tgz. Extracting by manifest.
1152 silly tarball no local data for @babel/plugin-syntax-async-generators@https://registry.npmjs.org/@babel/plugin-syntax-async-generators/-/plugin-syntax-async-generators-7.8.4.tgz. Extracting by manifest.
1153 silly tarball no local data for @babel/plugin-proposal-private-property-in-object@https://registry.npmjs.org/@babel/plugin-proposal-private-property-in-object/-/plugin-proposal-private-property-in-object-7.21.0-placeholder-for-preset-env.2.tgz. Extracting by manifest.
1154 silly tarball no local data for @babel/plugin-proposal-private-methods@https://registry.npmjs.org/@babel/plugin-proposal-private-methods/-/plugin-proposal-private-methods-7.18.6.tgz. Extracting by manifest.
1155 silly tarball no local data for @babel/plugin-proposal-optional-chaining@https://registry.npmjs.org/@babel/plugin-proposal-optional-chaining/-/plugin-proposal-optional-chaining-7.21.0.tgz. Extracting by manifest.
1156 silly tarball no local data for @babel/plugin-proposal-nullish-coalescing-operator@https://registry.npmjs.org/@babel/plugin-proposal-nullish-coalescing-operator/-/plugin-proposal-nullish-coalescing-operator-7.18.6.tgz. Extracting by manifest.
1157 silly tarball no local data for @babel/plugin-proposal-numeric-separator@https://registry.npmjs.org/@babel/plugin-proposal-numeric-separator/-/plugin-proposal-numeric-separator-7.18.6.tgz. Extracting by manifest.
1158 silly tarball no local data for @babel/plugin-proposal-class-properties@https://registry.npmjs.org/@babel/plugin-proposal-class-properties/-/plugin-proposal-class-properties-7.18.6.tgz. Extracting by manifest.
1159 silly tarball no local data for @babel/plugin-proposal-decorators@https://registry.npmjs.org/@babel/plugin-proposal-decorators/-/plugin-proposal-decorators-7.27.1.tgz. Extracting by manifest.
1160 silly tarball no local data for @babel/plugin-bugfix-v8-static-class-fields-redefine-readonly@https://registry.npmjs.org/@babel/plugin-bugfix-v8-static-class-fields-redefine-readonly/-/plugin-bugfix-v8-static-class-fields-redefine-readonly-7.27.1.tgz. Extracting by manifest.
1161 silly tarball no local data for @babel/plugin-bugfix-v8-spread-parameters-in-optional-chaining@https://registry.npmjs.org/@babel/plugin-bugfix-v8-spread-parameters-in-optional-chaining/-/plugin-bugfix-v8-spread-parameters-in-optional-chaining-7.27.1.tgz. Extracting by manifest.
1162 silly tarball no local data for @babel/plugin-bugfix-safari-id-destructuring-collision-in-function-expression@https://registry.npmjs.org/@babel/plugin-bugfix-safari-id-destructuring-collision-in-function-expression/-/plugin-bugfix-safari-id-destructuring-collision-in-function-expression-7.27.1.tgz. Extracting by manifest.
1163 silly tarball no local data for @babel/plugin-bugfix-safari-class-field-initializer-scope@https://registry.npmjs.org/@babel/plugin-bugfix-safari-class-field-initializer-scope/-/plugin-bugfix-safari-class-field-initializer-scope-7.27.1.tgz. Extracting by manifest.
1164 silly tarball no local data for @babel/helper-validator-option@https://registry.npmjs.org/@babel/helper-validator-option/-/helper-validator-option-7.27.1.tgz. Extracting by manifest.
1165 silly tarball no local data for @babel/plugin-bugfix-firefox-class-in-computed-class-key@https://registry.npmjs.org/@babel/plugin-bugfix-firefox-class-in-computed-class-key/-/plugin-bugfix-firefox-class-in-computed-class-key-7.27.1.tgz. Extracting by manifest.
1166 silly tarball no local data for @babel/helper-validator-identifier@https://registry.npmjs.org/@babel/helper-validator-identifier/-/helper-validator-identifier-7.27.1.tgz. Extracting by manifest.
1167 silly tarball no local data for @babel/helper-string-parser@https://registry.npmjs.org/@babel/helper-string-parser/-/helper-string-parser-7.27.1.tgz. Extracting by manifest.
1168 silly tarball no local data for @babel/helper-replace-supers@https://registry.npmjs.org/@babel/helper-replace-supers/-/helper-replace-supers-7.27.1.tgz. Extracting by manifest.
1169 silly tarball no local data for @babel/helper-skip-transparent-expression-wrappers@https://registry.npmjs.org/@babel/helper-skip-transparent-expression-wrappers/-/helper-skip-transparent-expression-wrappers-7.27.1.tgz. Extracting by manifest.
1170 silly tarball no local data for @babel/helper-remap-async-to-generator@https://registry.npmjs.org/@babel/helper-remap-async-to-generator/-/helper-remap-async-to-generator-7.27.1.tgz. Extracting by manifest.
1171 silly tarball no local data for @babel/helper-plugin-utils@https://registry.npmjs.org/@babel/helper-plugin-utils/-/helper-plugin-utils-7.27.1.tgz. Extracting by manifest.
1172 silly tarball no local data for @babel/helper-optimise-call-expression@https://registry.npmjs.org/@babel/helper-optimise-call-expression/-/helper-optimise-call-expression-7.27.1.tgz. Extracting by manifest.
1173 silly tarball no local data for @babel/helper-module-transforms@https://registry.npmjs.org/@babel/helper-module-transforms/-/helper-module-transforms-7.27.1.tgz. Extracting by manifest.
1174 silly tarball no local data for @babel/helper-module-imports@https://registry.npmjs.org/@babel/helper-module-imports/-/helper-module-imports-7.27.1.tgz. Extracting by manifest.
1175 silly tarball no local data for @babel/helper-member-expression-to-functions@https://registry.npmjs.org/@babel/helper-member-expression-to-functions/-/helper-member-expression-to-functions-7.27.1.tgz. Extracting by manifest.
1176 silly tarball no local data for @babel/helper-define-polyfill-provider@https://registry.npmjs.org/@babel/helper-define-polyfill-provider/-/helper-define-polyfill-provider-0.6.4.tgz. Extracting by manifest.
1177 silly tarball no local data for @babel/helper-create-regexp-features-plugin@https://registry.npmjs.org/@babel/helper-create-regexp-features-plugin/-/helper-create-regexp-features-plugin-7.27.1.tgz. Extracting by manifest.
1178 silly tarball no local data for @babel/helper-compilation-targets@https://registry.npmjs.org/@babel/helper-compilation-targets/-/helper-compilation-targets-7.27.2.tgz. Extracting by manifest.
1179 silly tarball no local data for @babel/helper-create-class-features-plugin@https://registry.npmjs.org/@babel/helper-create-class-features-plugin/-/helper-create-class-features-plugin-7.27.1.tgz. Extracting by manifest.
1180 silly tarball no local data for @babel/generator@https://registry.npmjs.org/@babel/generator/-/generator-7.27.1.tgz. Extracting by manifest.
1181 silly tarball no local data for @babel/helper-annotate-as-pure@https://registry.npmjs.org/@babel/helper-annotate-as-pure/-/helper-annotate-as-pure-7.27.1.tgz. Extracting by manifest.
1182 silly tarball no local data for @babel/eslint-parser@https://registry.npmjs.org/@babel/eslint-parser/-/eslint-parser-7.27.1.tgz. Extracting by manifest.
1183 silly tarball no local data for @babel/core@https://registry.npmjs.org/@babel/core/-/core-7.27.1.tgz. Extracting by manifest.
1184 silly tarball no local data for @babel/compat-data@https://registry.npmjs.org/@babel/compat-data/-/compat-data-7.27.2.tgz. Extracting by manifest.
1185 silly tarball no local data for @babel/code-frame@https://registry.npmjs.org/@babel/code-frame/-/code-frame-7.27.1.tgz. Extracting by manifest.
1186 silly tarball no local data for @ampproject/remapping@https://registry.npmjs.org/@ampproject/remapping/-/remapping-2.3.0.tgz. Extracting by manifest.
1187 silly tarball no local data for @alloc/quick-lru@https://registry.npmjs.org/@alloc/quick-lru/-/quick-lru-5.2.0.tgz. Extracting by manifest.
1188 silly tarball no local data for @adobe/css-tools@https://registry.npmjs.org/@adobe/css-tools/-/css-tools-4.4.2.tgz. Extracting by manifest.
1189 silly tarball no local data for webpack-sources@https://registry.npmjs.org/webpack-sources/-/webpack-sources-1.4.3.tgz. Extracting by manifest.
1190 silly tarball no local data for source-map@https://registry.npmjs.org/source-map/-/source-map-0.6.1.tgz. Extracting by manifest.
1191 silly tarball no local data for whatwg-url@https://registry.npmjs.org/whatwg-url/-/whatwg-url-7.1.0.tgz. Extracting by manifest.
1192 silly tarball no local data for webidl-conversions@https://registry.npmjs.org/webidl-conversions/-/webidl-conversions-4.0.2.tgz. Extracting by manifest.
1193 silly tarball no local data for source-map@https://registry.npmjs.org/source-map/-/source-map-0.8.0-beta.0.tgz. Extracting by manifest.
1194 silly tarball no local data for tr46@https://registry.npmjs.org/tr46/-/tr46-1.0.1.tgz. Extracting by manifest.
1195 silly tarball no local data for json-schema-traverse@https://registry.npmjs.org/json-schema-traverse/-/json-schema-traverse-1.0.0.tgz. Extracting by manifest.
1196 silly tarball no local data for fs-extra@https://registry.npmjs.org/fs-extra/-/fs-extra-9.1.0.tgz. Extracting by manifest.
1197 silly tarball no local data for @apideck/better-ajv-errors@https://registry.npmjs.org/@apideck/better-ajv-errors/-/better-ajv-errors-0.3.6.tgz. Extracting by manifest.
1198 silly tarball no local data for ajv@https://registry.npmjs.org/ajv/-/ajv-8.17.1.tgz. Extracting by manifest.
1199 silly tarball no local data for iconv-lite@https://registry.npmjs.org/iconv-lite/-/iconv-lite-0.4.24.tgz. Extracting by manifest.
1200 silly tarball no local data for webpack-sources@https://registry.npmjs.org/webpack-sources/-/webpack-sources-2.3.1.tgz. Extracting by manifest.
1201 silly tarball no local data for source-map@https://registry.npmjs.org/source-map/-/source-map-0.6.1.tgz. Extracting by manifest.
1202 silly tarball no local data for ws@https://registry.npmjs.org/ws/-/ws-8.18.2.tgz. Extracting by manifest.
1203 silly tarball no local data for eslint-scope@https://registry.npmjs.org/eslint-scope/-/eslint-scope-5.1.1.tgz. Extracting by manifest.
1204 silly tarball no local data for estraverse@https://registry.npmjs.org/estraverse/-/estraverse-4.3.0.tgz. Extracting by manifest.
1205 silly tarball no local data for convert-source-map@https://registry.npmjs.org/convert-source-map/-/convert-source-map-1.9.0.tgz. Extracting by manifest.
1206 silly tarball no local data for tslib@https://registry.npmjs.org/tslib/-/tslib-1.14.1.tgz. Extracting by manifest.
1207 silly tarball no local data for json5@https://registry.npmjs.org/json5/-/json5-1.0.2.tgz. Extracting by manifest.
1208 silly tarball no local data for strip-bom@https://registry.npmjs.org/strip-bom/-/strip-bom-3.0.0.tgz. Extracting by manifest.
1209 silly tarball no local data for escape-string-regexp@https://registry.npmjs.org/escape-string-regexp/-/escape-string-regexp-1.0.5.tgz. Extracting by manifest.
1210 silly tarball no local data for universalify@https://registry.npmjs.org/universalify/-/universalify-0.2.0.tgz. Extracting by manifest.
1211 silly tarball no local data for commander@https://registry.npmjs.org/commander/-/commander-2.20.3.tgz. Extracting by manifest.
1212 silly tarball no local data for type-fest@https://registry.npmjs.org/type-fest/-/type-fest-0.16.0.tgz. Extracting by manifest.
1213 silly tarball no local data for lilconfig@https://registry.npmjs.org/lilconfig/-/lilconfig-3.1.3.tgz. Extracting by manifest.
1214 silly tarball no local data for supports-color@https://registry.npmjs.org/supports-color/-/supports-color-5.5.0.tgz. Extracting by manifest.
1215 silly tarball no local data for nth-check@https://registry.npmjs.org/nth-check/-/nth-check-1.0.2.tgz. Extracting by manifest.
1216 silly tarball no local data for has-flag@https://registry.npmjs.org/has-flag/-/has-flag-3.0.0.tgz. Extracting by manifest.
1217 silly tarball no local data for escape-string-regexp@https://registry.npmjs.org/escape-string-regexp/-/escape-string-regexp-1.0.5.tgz. Extracting by manifest.
1218 silly tarball no local data for domutils@https://registry.npmjs.org/domutils/-/domutils-1.7.0.tgz. Extracting by manifest.
1219 silly tarball no local data for dom-serializer@https://registry.npmjs.org/dom-serializer/-/dom-serializer-0.2.2.tgz. Extracting by manifest.
1220 silly tarball no local data for domelementtype@https://registry.npmjs.org/domelementtype/-/domelementtype-1.3.1.tgz. Extracting by manifest.
1221 silly tarball no local data for css-what@https://registry.npmjs.org/css-what/-/css-what-3.4.2.tgz. Extracting by manifest.
1222 silly tarball no local data for css-select@https://registry.npmjs.org/css-select/-/css-select-2.1.0.tgz. Extracting by manifest.
1223 silly tarball no local data for color-name@https://registry.npmjs.org/color-name/-/color-name-1.1.3.tgz. Extracting by manifest.
1224 silly tarball no local data for color-convert@https://registry.npmjs.org/color-convert/-/color-convert-1.9.3.tgz. Extracting by manifest.
1225 silly tarball no local data for chalk@https://registry.npmjs.org/chalk/-/chalk-2.4.2.tgz. Extracting by manifest.
1226 silly tarball no local data for ansi-styles@https://registry.npmjs.org/ansi-styles/-/ansi-styles-3.2.1.tgz. Extracting by manifest.
1227 silly tarball no local data for minimatch@https://registry.npmjs.org/minimatch/-/minimatch-9.0.5.tgz. Extracting by manifest.
1228 silly tarball no local data for commander@https://registry.npmjs.org/commander/-/commander-4.1.1.tgz. Extracting by manifest.
1229 silly tarball no local data for glob@https://registry.npmjs.org/glob/-/glob-10.4.5.tgz. Extracting by manifest.
1230 silly tarball no local data for brace-expansion@https://registry.npmjs.org/brace-expansion/-/brace-expansion-2.0.1.tgz. Extracting by manifest.
1231 silly tarball no local data for escape-string-regexp@https://registry.npmjs.org/escape-string-regexp/-/escape-string-regexp-1.0.5.tgz. Extracting by manifest.
1232 silly tarball no local data for emoji-regex@https://registry.npmjs.org/emoji-regex/-/emoji-regex-8.0.0.tgz. Extracting by manifest.
1233 silly tarball no local data for emoji-regex@https://registry.npmjs.org/emoji-regex/-/emoji-regex-8.0.0.tgz. Extracting by manifest.
1234 silly tarball no local data for source-map@https://registry.npmjs.org/source-map/-/source-map-0.6.1.tgz. Extracting by manifest.
1235 silly tarball no local data for type-check@https://registry.npmjs.org/type-check/-/type-check-0.3.2.tgz. Extracting by manifest.
1236 silly tarball no local data for prelude-ls@https://registry.npmjs.org/prelude-ls/-/prelude-ls-1.1.2.tgz. Extracting by manifest.
1237 silly tarball no local data for optionator@https://registry.npmjs.org/optionator/-/optionator-0.8.3.tgz. Extracting by manifest.
1238 silly tarball no local data for source-map@https://registry.npmjs.org/source-map/-/source-map-0.6.1.tgz. Extracting by manifest.
1239 silly tarball no local data for ms@https://registry.npmjs.org/ms/-/ms-2.0.0.tgz. Extracting by manifest.
1240 silly tarball no local data for statuses@https://registry.npmjs.org/statuses/-/statuses-1.5.0.tgz. Extracting by manifest.
1241 silly tarball no local data for setprototypeof@https://registry.npmjs.org/setprototypeof/-/setprototypeof-1.1.0.tgz. Extracting by manifest.
1242 silly tarball no local data for inherits@https://registry.npmjs.org/inherits/-/inherits-2.0.3.tgz. Extracting by manifest.
1243 silly tarball no local data for http-errors@https://registry.npmjs.org/http-errors/-/http-errors-1.6.3.tgz. Extracting by manifest.
1244 silly tarball no local data for depd@https://registry.npmjs.org/depd/-/depd-1.1.2.tgz. Extracting by manifest.
1245 silly tarball no local data for debug@https://registry.npmjs.org/debug/-/debug-2.6.9.tgz. Extracting by manifest.
1246 silly tarball no local data for encodeurl@https://registry.npmjs.org/encodeurl/-/encodeurl-1.0.2.tgz. Extracting by manifest.
1247 silly tarball no local data for debug@https://registry.npmjs.org/debug/-/debug-2.6.9.tgz. Extracting by manifest.
1248 silly tarball no local data for ms@https://registry.npmjs.org/ms/-/ms-2.0.0.tgz. Extracting by manifest.
1249 silly tarball no local data for json-schema-traverse@https://registry.npmjs.org/json-schema-traverse/-/json-schema-traverse-1.0.0.tgz. Extracting by manifest.
1250 silly tarball no local data for ajv@https://registry.npmjs.org/ajv/-/ajv-8.17.1.tgz. Extracting by manifest.
1251 silly tarball no local data for ajv-keywords@https://registry.npmjs.org/ajv-keywords/-/ajv-keywords-5.1.0.tgz. Extracting by manifest.
1252 silly tarball no local data for serialize-javascript@https://registry.npmjs.org/serialize-javascript/-/serialize-javascript-4.0.0.tgz. Extracting by manifest.
1253 silly tarball no local data for jest-worker@https://registry.npmjs.org/jest-worker/-/jest-worker-26.6.2.tgz. Extracting by manifest.
1254 silly tarball no local data for postcss@https://registry.npmjs.org/postcss/-/postcss-7.0.39.tgz. Extracting by manifest.
1255 silly tarball no local data for source-map@https://registry.npmjs.org/source-map/-/source-map-0.6.1.tgz. Extracting by manifest.
1256 silly tarball no local data for picocolors@https://registry.npmjs.org/picocolors/-/picocolors-0.2.1.tgz. Extracting by manifest.
1257 silly tarball no local data for convert-source-map@https://registry.npmjs.org/convert-source-map/-/convert-source-map-1.9.0.tgz. Extracting by manifest.
1258 silly tarball no local data for p-locate@https://registry.npmjs.org/p-locate/-/p-locate-5.0.0.tgz. Extracting by manifest.
1259 silly tarball no local data for jsesc@https://registry.npmjs.org/jsesc/-/jsesc-3.0.2.tgz. Extracting by manifest.
1260 silly tarball no local data for p-limit@https://registry.npmjs.org/p-limit/-/p-limit-3.1.0.tgz. Extracting by manifest.
1261 silly tarball no local data for loader-utils@https://registry.npmjs.org/loader-utils/-/loader-utils-3.3.1.tgz. Extracting by manifest.
1262 silly tarball no local data for find-up@https://registry.npmjs.org/find-up/-/find-up-5.0.0.tgz. Extracting by manifest.
1263 silly tarball no local data for locate-path@https://registry.npmjs.org/locate-path/-/locate-path-6.0.0.tgz. Extracting by manifest.
1264 silly tarball no local data for iconv-lite@https://registry.npmjs.org/iconv-lite/-/iconv-lite-0.4.24.tgz. Extracting by manifest.
1265 silly tarball no local data for ipaddr.js@https://registry.npmjs.org/ipaddr.js/-/ipaddr.js-1.9.1.tgz. Extracting by manifest.
1266 silly tarball no local data for react-is@https://registry.npmjs.org/react-is/-/react-is-16.13.1.tgz. Extracting by manifest.
1267 silly tarball no local data for source-map@https://registry.npmjs.org/source-map/-/source-map-0.6.1.tgz. Extracting by manifest.
1268 silly tarball no local data for ansi-styles@https://registry.npmjs.org/ansi-styles/-/ansi-styles-5.2.0.tgz. Extracting by manifest.
1269 silly tarball no local data for mdn-data@https://registry.npmjs.org/mdn-data/-/mdn-data-2.0.14.tgz. Extracting by manifest.
1270 silly tarball no local data for svgo@https://registry.npmjs.org/svgo/-/svgo-2.8.0.tgz. Extracting by manifest.
1271 silly tarball no local data for css-tree@https://registry.npmjs.org/css-tree/-/css-tree-1.1.3.tgz. Extracting by manifest.
1272 silly tarball no local data for commander@https://registry.npmjs.org/commander/-/commander-7.2.0.tgz. Extracting by manifest.
1273 silly tarball no local data for postcss-selector-parser@https://registry.npmjs.org/postcss-selector-parser/-/postcss-selector-parser-7.1.0.tgz. Extracting by manifest.
1274 silly tarball no local data for postcss-selector-parser@https://registry.npmjs.org/postcss-selector-parser/-/postcss-selector-parser-7.1.0.tgz. Extracting by manifest.
1275 silly tarball no local data for yaml@https://registry.npmjs.org/yaml/-/yaml-2.7.1.tgz. Extracting by manifest.
1276 silly tarball no local data for lilconfig@https://registry.npmjs.org/lilconfig/-/lilconfig-3.1.3.tgz. Extracting by manifest.
1277 silly tarball no local data for path-exists@https://registry.npmjs.org/path-exists/-/path-exists-3.0.0.tgz. Extracting by manifest.
1278 silly tarball no local data for p-locate@https://registry.npmjs.org/p-locate/-/p-locate-3.0.0.tgz. Extracting by manifest.
1279 silly tarball no local data for locate-path@https://registry.npmjs.org/locate-path/-/locate-path-3.0.0.tgz. Extracting by manifest.
1280 silly tarball no local data for lru-cache@https://registry.npmjs.org/lru-cache/-/lru-cache-10.4.3.tgz. Extracting by manifest.
1281 silly tarball no local data for semver@https://registry.npmjs.org/semver/-/semver-6.3.1.tgz. Extracting by manifest.
1282 silly tarball no local data for esprima@https://registry.npmjs.org/esprima/-/esprima-1.2.2.tgz. Extracting by manifest.
1283 silly tarball no local data for supports-color@https://registry.npmjs.org/supports-color/-/supports-color-8.1.1.tgz. Extracting by manifest.
1284 silly tarball no local data for strip-ansi@https://registry.npmjs.org/strip-ansi/-/strip-ansi-7.1.0.tgz. Extracting by manifest.
1285 silly tarball no local data for ansi-regex@https://registry.npmjs.org/ansi-regex/-/ansi-regex-6.1.0.tgz. Extracting by manifest.
1286 silly tarball no local data for string-length@https://registry.npmjs.org/string-length/-/string-length-5.0.1.tgz. Extracting by manifest.
1287 silly tarball no local data for slash@https://registry.npmjs.org/slash/-/slash-4.0.0.tgz. Extracting by manifest.
1288 silly tarball no local data for char-regex@https://registry.npmjs.org/char-regex/-/char-regex-2.0.2.tgz. Extracting by manifest.
1289 silly tarball no local data for react-is@https://registry.npmjs.org/react-is/-/react-is-18.3.1.tgz. Extracting by manifest.
1290 silly tarball no local data for pretty-format@https://registry.npmjs.org/pretty-format/-/pretty-format-28.1.3.tgz. Extracting by manifest.
1291 silly tarball no local data for jest-watcher@https://registry.npmjs.org/jest-watcher/-/jest-watcher-28.1.3.tgz. Extracting by manifest.
1292 silly tarball no local data for strip-ansi@https://registry.npmjs.org/strip-ansi/-/strip-ansi-6.0.1.tgz. Extracting by manifest.
1293 silly tarball no local data for string-length@https://registry.npmjs.org/string-length/-/string-length-4.0.2.tgz. Extracting by manifest.
1294 silly tarball no local data for jest-util@https://registry.npmjs.org/jest-util/-/jest-util-28.1.3.tgz. Extracting by manifest.
1295 silly tarball no local data for jest-regex-util@https://registry.npmjs.org/jest-regex-util/-/jest-regex-util-28.0.2.tgz. Extracting by manifest.
1296 silly tarball no local data for jest-message-util@https://registry.npmjs.org/jest-message-util/-/jest-message-util-28.1.3.tgz. Extracting by manifest.
1297 silly tarball no local data for slash@https://registry.npmjs.org/slash/-/slash-3.0.0.tgz. Extracting by manifest.
1298 silly tarball no local data for emittery@https://registry.npmjs.org/emittery/-/emittery-0.10.2.tgz. Extracting by manifest.
1299 silly tarball no local data for ansi-styles@https://registry.npmjs.org/ansi-styles/-/ansi-styles-5.2.0.tgz. Extracting by manifest.
1300 silly tarball no local data for find-up@https://registry.npmjs.org/find-up/-/find-up-3.0.0.tgz. Extracting by manifest.
1301 silly tarball no local data for @types/yargs@https://registry.npmjs.org/@types/yargs/-/yargs-17.0.33.tgz. Extracting by manifest.
1302 silly tarball no local data for @jest/test-result@https://registry.npmjs.org/@jest/test-result/-/test-result-28.1.3.tgz. Extracting by manifest.
1303 silly tarball no local data for @jest/console@https://registry.npmjs.org/@jest/console/-/console-28.1.3.tgz. Extracting by manifest.
1304 silly tarball no local data for @jest/types@https://registry.npmjs.org/@jest/types/-/types-28.1.3.tgz. Extracting by manifest.
1305 silly tarball no local data for source-map@https://registry.npmjs.org/source-map/-/source-map-0.6.1.tgz. Extracting by manifest.
1306 silly tarball no local data for slash@https://registry.npmjs.org/slash/-/slash-3.0.0.tgz. Extracting by manifest.
1307 silly tarball no local data for make-dir@https://registry.npmjs.org/make-dir/-/make-dir-4.0.0.tgz. Extracting by manifest.
1308 silly tarball no local data for semver@https://registry.npmjs.org/semver/-/semver-6.3.1.tgz. Extracting by manifest.
1309 silly tarball no local data for resolve-from@https://registry.npmjs.org/resolve-from/-/resolve-from-4.0.0.tgz. Extracting by manifest.
1310 silly tarball no local data for string_decoder@https://registry.npmjs.org/string_decoder/-/string_decoder-1.1.1.tgz. Extracting by manifest.
1311 silly tarball no local data for safe-buffer@https://registry.npmjs.org/safe-buffer/-/safe-buffer-5.1.2.tgz. Extracting by manifest.
1312 silly tarball no local data for readable-stream@https://registry.npmjs.org/readable-stream/-/readable-stream-2.3.8.tgz. Extracting by manifest.
1313 silly tarball no local data for isarray@https://registry.npmjs.org/isarray/-/isarray-1.0.0.tgz. Extracting by manifest.
1314 silly tarball no local data for which@https://registry.npmjs.org/which/-/which-1.3.1.tgz. Extracting by manifest.
1315 silly tarball no local data for fs-extra@https://registry.npmjs.org/fs-extra/-/fs-extra-11.3.0.tgz. Extracting by manifest.
1316 silly tarball no local data for commander@https://registry.npmjs.org/commander/-/commander-13.1.0.tgz. Extracting by manifest.
1317 silly tarball no local data for tapable@https://registry.npmjs.org/tapable/-/tapable-1.1.3.tgz. Extracting by manifest.
1318 silly tarball no local data for schema-utils@https://registry.npmjs.org/schema-utils/-/schema-utils-2.7.0.tgz. Extracting by manifest.
1319 silly tarball no local data for fs-extra@https://registry.npmjs.org/fs-extra/-/fs-extra-9.1.0.tgz. Extracting by manifest.
1320 silly tarball no local data for cosmiconfig@https://registry.npmjs.org/cosmiconfig/-/cosmiconfig-6.0.0.tgz. Extracting by manifest.
1321 silly tarball no local data for signal-exit@https://registry.npmjs.org/signal-exit/-/signal-exit-4.1.0.tgz. Extracting by manifest.
1322 silly tarball no local data for ms@https://registry.npmjs.org/ms/-/ms-2.0.0.tgz. Extracting by manifest.
1323 silly tarball no local data for debug@https://registry.npmjs.org/debug/-/debug-2.6.9.tgz. Extracting by manifest.
1324 silly tarball no local data for minimatch@https://registry.npmjs.org/minimatch/-/minimatch-5.1.6.tgz. Extracting by manifest.
1325 silly tarball no local data for brace-expansion@https://registry.npmjs.org/brace-expansion/-/brace-expansion-2.0.1.tgz. Extracting by manifest.
1326 silly tarball no local data for glob-parent@https://registry.npmjs.org/glob-parent/-/glob-parent-5.1.2.tgz. Extracting by manifest.
1327 silly tarball no local data for schema-utils@https://registry.npmjs.org/schema-utils/-/schema-utils-3.3.0.tgz. Extracting by manifest.
1328 silly tarball no local data for ms@https://registry.npmjs.org/ms/-/ms-2.0.0.tgz. Extracting by manifest.
1329 silly tarball no local data for debug@https://registry.npmjs.org/debug/-/debug-2.6.9.tgz. Extracting by manifest.
1330 silly tarball no local data for supports-color@https://registry.npmjs.org/supports-color/-/supports-color-8.1.1.tgz. Extracting by manifest.
1331 silly tarball no local data for debug@https://registry.npmjs.org/debug/-/debug-3.2.7.tgz. Extracting by manifest.
1332 silly tarball no local data for type-fest@https://registry.npmjs.org/type-fest/-/type-fest-0.20.2.tgz. Extracting by manifest.
1333 silly tarball no local data for p-limit@https://registry.npmjs.org/p-limit/-/p-limit-3.1.0.tgz. Extracting by manifest.
1334 silly tarball no local data for p-locate@https://registry.npmjs.org/p-locate/-/p-locate-5.0.0.tgz. Extracting by manifest.
1335 silly tarball no local data for locate-path@https://registry.npmjs.org/locate-path/-/locate-path-6.0.0.tgz. Extracting by manifest.
1336 silly tarball no local data for js-yaml@https://registry.npmjs.org/js-yaml/-/js-yaml-4.1.0.tgz. Extracting by manifest.
1337 silly tarball no local data for find-up@https://registry.npmjs.org/find-up/-/find-up-5.0.0.tgz. Extracting by manifest.
1338 silly tarball no local data for globals@https://registry.npmjs.org/globals/-/globals-13.24.0.tgz. Extracting by manifest.
1339 silly tarball no local data for argparse@https://registry.npmjs.org/argparse/-/argparse-2.0.1.tgz. Extracting by manifest.
1340 silly tarball no local data for webidl-conversions@https://registry.npmjs.org/webidl-conversions/-/webidl-conversions-5.0.0.tgz. Extracting by manifest.
1341 silly tarball no local data for source-map@https://registry.npmjs.org/source-map/-/source-map-0.6.1.tgz. Extracting by manifest.
1342 silly tarball no local data for ms@https://registry.npmjs.org/ms/-/ms-2.0.0.tgz. Extracting by manifest.
1343 silly tarball no local data for debug@https://registry.npmjs.org/debug/-/debug-2.6.9.tgz. Extracting by manifest.
1344 silly tarball no local data for cssom@https://registry.npmjs.org/cssom/-/cssom-0.3.8.tgz. Extracting by manifest.
1345 silly tarball no local data for source-map@https://registry.npmjs.org/source-map/-/source-map-0.6.1.tgz. Extracting by manifest.
1346 silly tarball no local data for mdn-data@https://registry.npmjs.org/mdn-data/-/mdn-data-2.0.14.tgz. Extracting by manifest.
1347 silly tarball no local data for css-tree@https://registry.npmjs.org/css-tree/-/css-tree-1.1.3.tgz. Extracting by manifest.
1348 silly tarball no local data for source-map@https://registry.npmjs.org/source-map/-/source-map-0.6.1.tgz. Extracting by manifest.
1349 silly tarball no local data for source-map@https://registry.npmjs.org/source-map/-/source-map-0.6.1.tgz. Extracting by manifest.
1350 silly tarball no local data for ms@https://registry.npmjs.org/ms/-/ms-2.0.0.tgz. Extracting by manifest.
1351 silly tarball no local data for debug@https://registry.npmjs.org/debug/-/debug-2.6.9.tgz. Extracting by manifest.
1352 silly tarball no local data for has-flag@https://registry.npmjs.org/has-flag/-/has-flag-3.0.0.tgz. Extracting by manifest.
1353 silly tarball no local data for escape-string-regexp@https://registry.npmjs.org/escape-string-regexp/-/escape-string-regexp-1.0.5.tgz. Extracting by manifest.
1354 silly tarball no local data for supports-color@https://registry.npmjs.org/supports-color/-/supports-color-5.5.0.tgz. Extracting by manifest.
1355 silly tarball no local data for color-convert@https://registry.npmjs.org/color-convert/-/color-convert-1.9.3.tgz. Extracting by manifest.
1356 silly tarball no local data for color-name@https://registry.npmjs.org/color-name/-/color-name-1.1.3.tgz. Extracting by manifest.
1357 silly tarball no local data for chalk@https://registry.npmjs.org/chalk/-/chalk-2.4.2.tgz. Extracting by manifest.
1358 silly tarball no local data for ansi-styles@https://registry.npmjs.org/ansi-styles/-/ansi-styles-3.2.1.tgz. Extracting by manifest.
1359 silly tarball no local data for source-map@https://registry.npmjs.org/source-map/-/source-map-0.6.1.tgz. Extracting by manifest.
1360 silly tarball no local data for glob-parent@https://registry.npmjs.org/glob-parent/-/glob-parent-5.1.2.tgz. Extracting by manifest.
1361 silly tarball no local data for iconv-lite@https://registry.npmjs.org/iconv-lite/-/iconv-lite-0.4.24.tgz. Extracting by manifest.
1362 silly tarball no local data for debug@https://registry.npmjs.org/debug/-/debug-2.6.9.tgz. Extracting by manifest.
1363 silly tarball no local data for ms@https://registry.npmjs.org/ms/-/ms-2.0.0.tgz. Extracting by manifest.
1364 silly tarball no local data for @babel/plugin-proposal-private-property-in-object@https://registry.npmjs.org/@babel/plugin-proposal-private-property-in-object/-/plugin-proposal-private-property-in-object-7.21.11.tgz. Extracting by manifest.
1365 silly tarball no local data for schema-utils@https://registry.npmjs.org/schema-utils/-/schema-utils-2.7.1.tgz. Extracting by manifest.
1366 silly tarball no local data for semver@https://registry.npmjs.org/semver/-/semver-6.3.1.tgz. Extracting by manifest.
1367 silly tarball no local data for json-schema-traverse@https://registry.npmjs.org/json-schema-traverse/-/json-schema-traverse-1.0.0.tgz. Extracting by manifest.
1368 silly tarball no local data for ajv@https://registry.npmjs.org/ajv/-/ajv-8.17.1.tgz. Extracting by manifest.
1369 silly tarball no local data for acorn@https://registry.npmjs.org/acorn/-/acorn-7.4.1.tgz. Extracting by manifest.
1370 silly tarball no local data for negotiator@https://registry.npmjs.org/negotiator/-/negotiator-0.6.3.tgz. Extracting by manifest.
1371 silly tarball no local data for estraverse@https://registry.npmjs.org/estraverse/-/estraverse-4.3.0.tgz. Extracting by manifest.
1372 silly tarball no local data for eslint-scope@https://registry.npmjs.org/eslint-scope/-/eslint-scope-5.1.1.tgz. Extracting by manifest.
1373 silly tarball no local data for dom-accessibility-api@https://registry.npmjs.org/dom-accessibility-api/-/dom-accessibility-api-0.6.3.tgz. Extracting by manifest.
1374 silly tarball no local data for chalk@https://registry.npmjs.org/chalk/-/chalk-3.0.0.tgz. Extracting by manifest.
1375 silly tarball no local data for @types/express-serve-static-core@https://registry.npmjs.org/@types/express-serve-static-core/-/express-serve-static-core-4.19.6.tgz. Extracting by manifest.
1376 silly tarball no local data for aria-query@https://registry.npmjs.org/aria-query/-/aria-query-5.3.0.tgz. Extracting by manifest.
1377 silly tarball no local data for eslint-scope@https://registry.npmjs.org/eslint-scope/-/eslint-scope-5.1.1.tgz. Extracting by manifest.
1378 silly tarball no local data for estraverse@https://registry.npmjs.org/estraverse/-/estraverse-4.3.0.tgz. Extracting by manifest.
1379 silly tarball no local data for @types/estree@https://registry.npmjs.org/@types/estree/-/estree-0.0.39.tgz. Extracting by manifest.
1380 silly tarball no local data for source-map@https://registry.npmjs.org/source-map/-/source-map-0.6.1.tgz. Extracting by manifest.
1381 silly tarball no local data for convert-source-map@https://registry.npmjs.org/convert-source-map/-/convert-source-map-1.9.0.tgz. Extracting by manifest.
1382 silly tarball no local data for source-map@https://registry.npmjs.org/source-map/-/source-map-0.6.1.tgz. Extracting by manifest.
1383 silly tarball no local data for camelcase@https://registry.npmjs.org/camelcase/-/camelcase-5.3.1.tgz. Extracting by manifest.
1384 silly tarball no local data for source-map@https://registry.npmjs.org/source-map/-/source-map-0.6.1.tgz. Extracting by manifest.
1385 silly tarball no local data for string-width@https://registry.npmjs.org/string-width/-/string-width-5.1.2.tgz. Extracting by manifest.
1386 silly tarball no local data for wrap-ansi@https://registry.npmjs.org/wrap-ansi/-/wrap-ansi-8.1.0.tgz. Extracting by manifest.
1387 silly tarball no local data for strip-ansi@https://registry.npmjs.org/strip-ansi/-/strip-ansi-7.1.0.tgz. Extracting by manifest.
1388 silly tarball no local data for ansi-styles@https://registry.npmjs.org/ansi-styles/-/ansi-styles-6.2.1.tgz. Extracting by manifest.
1389 silly tarball no local data for ansi-regex@https://registry.npmjs.org/ansi-regex/-/ansi-regex-6.1.0.tgz. Extracting by manifest.
1390 silly tarball no local data for type-fest@https://registry.npmjs.org/type-fest/-/type-fest-0.20.2.tgz. Extracting by manifest.
1391 silly tarball no local data for js-yaml@https://registry.npmjs.org/js-yaml/-/js-yaml-4.1.0.tgz. Extracting by manifest.
1392 silly tarball no local data for argparse@https://registry.npmjs.org/argparse/-/argparse-2.0.1.tgz. Extracting by manifest.
1393 silly tarball no local data for globals@https://registry.npmjs.org/globals/-/globals-13.24.0.tgz. Extracting by manifest.
1394 silly tarball no local data for semver@https://registry.npmjs.org/semver/-/semver-6.3.1.tgz. Extracting by manifest.
1395 silly tarball no local data for semver@https://registry.npmjs.org/semver/-/semver-6.3.1.tgz. Extracting by manifest.
1396 silly tarball no local data for semver@https://registry.npmjs.org/semver/-/semver-6.3.1.tgz. Extracting by manifest.
1397 silly tarball no local data for semver@https://registry.npmjs.org/semver/-/semver-6.3.1.tgz. Extracting by manifest.
1398 silly tarball no local data for semver@https://registry.npmjs.org/semver/-/semver-6.3.1.tgz. Extracting by manifest.
1399 silly tarball no local data for semver@https://registry.npmjs.org/semver/-/semver-6.3.1.tgz. Extracting by manifest.
1400 silly tarball no local data for eslint-visitor-keys@https://registry.npmjs.org/eslint-visitor-keys/-/eslint-visitor-keys-2.1.0.tgz. Extracting by manifest.
1401 silly tarball no local data for semver@https://registry.npmjs.org/semver/-/semver-6.3.1.tgz. Extracting by manifest.
1402 http fetch POST 200 https://registry.npmjs.org/-/npm/v1/security/advisories/bulk 2154ms
1403 timing auditReport:getReport Completed in 2165ms
1404 silly audit report {
1404 silly audit report   '@babel/plugin-transform-modules-systemjs': [
1404 silly audit report     {
1404 silly audit report       id: 1117908,
1404 silly audit report       url: 'https://github.com/advisories/GHSA-fv7c-fp4j-7gwp',
1404 silly audit report       title: '@babel/plugin-transform-modules-systemjs generates arbitrary code when compiling malicious input',
1404 silly audit report       severity: 'high',
1404 silly audit report       vulnerable_versions: '>=7.12.0 <=7.29.3',
1404 silly audit report       cwe: [Array],
1404 silly audit report       cvss: [Object]
1404 silly audit report     }
1404 silly audit report   ],
1404 silly audit report   'js-yaml': [
1404 silly audit report     {
1404 silly audit report       id: 1112714,
1404 silly audit report       url: 'https://github.com/advisories/GHSA-mh29-5h37-fv8m',
1404 silly audit report       title: 'js-yaml has prototype pollution in merge (<<)',
1404 silly audit report       severity: 'moderate',
1404 silly audit report       vulnerable_versions: '<3.14.2',
1404 silly audit report       cwe: [Array],
1404 silly audit report       cvss: [Object]
1404 silly audit report     },
1404 silly audit report     {
1404 silly audit report       id: 1112715,
1404 silly audit report       url: 'https://github.com/advisories/GHSA-mh29-5h37-fv8m',
1404 silly audit report       title: 'js-yaml has prototype pollution in merge (<<)',
1404 silly audit report       severity: 'moderate',
1404 silly audit report       vulnerable_versions: '>=4.0.0 <4.1.1',
1404 silly audit report       cwe: [Array],
1404 silly audit report       cvss: [Object]
1404 silly audit report     }
1404 silly audit report   ],
1404 silly audit report   '@tootallnate/once': [
1404 silly audit report     {
1404 silly audit report       id: 1113977,
1404 silly audit report       url: 'https://github.com/advisories/GHSA-vpq2-c234-7xj6',
1404 silly audit report       title: '@tootallnate/once vulnerable to Incorrect Control Flow Scoping',
1404 silly audit report       severity: 'low',
1404 silly audit report       vulnerable_versions: '<3.0.1',
1404 silly audit report       cwe: [Array],
1404 silly audit report       cvss: [Object]
1404 silly audit report     }
1404 silly audit report   ],
1404 silly audit report   ajv: [
1404 silly audit report     {
1404 silly audit report       id: 1113714,
1404 silly audit report       url: 'https://github.com/advisories/GHSA-2g4f-4pwh-qvx6',
1404 silly audit report       title: 'ajv has ReDoS when using `$data` option',
1404 silly audit report       severity: 'moderate',
1404 silly audit report       vulnerable_versions: '<6.14.0',
1404 silly audit report       cwe: [Array],
1404 silly audit report       cvss: [Object]
1404 silly audit report     },
1404 silly audit report     {
1404 silly audit report       id: 1113715,
1404 silly audit report       url: 'https://github.com/advisories/GHSA-2g4f-4pwh-qvx6',
1404 silly audit report       title: 'ajv has ReDoS when using `$data` option',
1404 silly audit report       severity: 'moderate',
1404 silly audit report       vulnerable_versions: '>=7.0.0-alpha.0 <8.18.0',
1404 silly audit report       cwe: [Array],
1404 silly audit report       cvss: [Object]
1404 silly audit report     }
1404 silly audit report   ],
1404 silly audit report   'brace-expansion': [
1404 silly audit report     {
1404 silly audit report       id: 1105443,
1404 silly audit report       url: 'https://github.com/advisories/GHSA-v6h2-p8h4-qcjw',
1404 silly audit report       title: 'brace-expansion Regular Expression Denial of Service vulnerability',
1404 silly audit report       severity: 'low',
1404 silly audit report       vulnerable_versions: '>=1.0.0 <=1.1.11',
1404 silly audit report       cwe: [Array],
1404 silly audit report       cvss: [Object]
1404 silly audit report     },
1404 silly audit report     {
1404 silly audit report       id: 1105444,
1404 silly audit report       url: 'https://github.com/advisories/GHSA-v6h2-p8h4-qcjw',
1404 silly audit report       title: 'brace-expansion Regular Expression Denial of Service vulnerability',
1404 silly audit report       severity: 'low',
1404 silly audit report       vulnerable_versions: '>=2.0.0 <=2.0.1',
1404 silly audit report       cwe: [Array],
1404 silly audit report       cvss: [Object]
1404 silly audit report     },
1404 silly audit report     {
1404 silly audit report       id: 1115540,
1404 silly audit report       url: 'https://github.com/advisories/GHSA-f886-m6hf-6m8v',
1404 silly audit report       title: 'brace-expansion: Zero-step sequence causes process hang and memory exhaustion',
1404 silly audit report       severity: 'moderate',
1404 silly audit report       vulnerable_versions: '<1.1.13',
1404 silly audit report       cwe: [Array],
1404 silly audit report       cvss: [Object]
1404 silly audit report     },
1404 silly audit report     {
1404 silly audit report       id: 1115541,
1404 silly audit report       url: 'https://github.com/advisories/GHSA-f886-m6hf-6m8v',
1404 silly audit report       title: 'brace-expansion: Zero-step sequence causes process hang and memory exhaustion',
1404 silly audit report       severity: 'moderate',
1404 silly audit report       vulnerable_versions: '>=2.0.0 <2.0.3',
1404 silly audit report       cwe: [Array],
1404 silly audit report       cvss: [Object]
1404 silly audit report     }
1404 silly audit report   ],
1404 silly audit report   'fast-uri': [
1404 silly audit report     {
1404 silly audit report       id: 1117884,
1404 silly audit report       url: 'https://github.com/advisories/GHSA-v39h-62p7-jpjc',
1404 silly audit report       title: 'fast-uri vulnerable to host confusion via percent-encoded authority delimiters',
1404 silly audit report       severity: 'high',
1404 silly audit report       vulnerable_versions: '<=3.1.1',
1404 silly audit report       cwe: [Array],
1404 silly audit report       cvss: [Object]
1404 silly audit report     },
1404 silly audit report     {
1404 silly audit report       id: 1117870,
1404 silly audit report       url: 'https://github.com/advisories/GHSA-q3j6-qgpj-74h6',
1404 silly audit report       title: 'fast-uri vulnerable to path traversal via percent-encoded dot segments',
1404 silly audit report       severity: 'high',
1404 silly audit report       vulnerable_versions: '<=3.1.0',
1404 silly audit report       cwe: [Array],
1404 silly audit report       cvss: [Object]
1404 silly audit report     }
1404 silly audit report   ],
1404 silly audit report   minimatch: [
1404 silly audit report     {
1404 silly audit report       id: 1113459,
1404 silly audit report       url: 'https://github.com/advisories/GHSA-3ppc-4f35-3m26',
1404 silly audit report       title: 'minimatch has a ReDoS via repeated wildcards with non-matching literal in pattern',
1404 silly audit report       severity: 'high',
1404 silly audit report       vulnerable_versions: '<3.1.3',
1404 silly audit report       cwe: [Array],
1404 silly audit report       cvss: [Object]
1404 silly audit report     },
1404 silly audit report     {
1404 silly audit report       id: 1113461,
1404 silly audit report       url: 'https://github.com/advisories/GHSA-3ppc-4f35-3m26',
1404 silly audit report       title: 'minimatch has a ReDoS via repeated wildcards with non-matching literal in pattern',
1404 silly audit report       severity: 'high',
1404 silly audit report       vulnerable_versions: '>=5.0.0 <5.1.7',
1404 silly audit report       cwe: [Array],
1404 silly audit report       cvss: [Object]
1404 silly audit report     },
1404 silly audit report     {
1404 silly audit report       id: 1113465,
1404 silly audit report       url: 'https://github.com/advisories/GHSA-3ppc-4f35-3m26',
1404 silly audit report       title: 'minimatch has a ReDoS via repeated wildcards with non-matching literal in pattern',
1404 silly audit report       severity: 'high',
1404 silly audit report       vulnerable_versions: '>=9.0.0 <9.0.6',
1404 silly audit report       cwe: [Array],
1404 silly audit report       cvss: [Object]
1404 silly audit report     },
1404 silly audit report     {
1404 silly audit report       id: 1113538,
1404 silly audit report       url: 'https://github.com/advisories/GHSA-7r86-cg39-jmmj',
1404 silly audit report       title: 'minimatch has ReDoS: matchOne() combinatorial backtracking via multiple non-adjacent GLOBSTAR segments',
1404 silly audit report       severity: 'high',
1404 silly audit report       vulnerable_versions: '<3.1.3',
1404 silly audit report       cwe: [Array],
1404 silly audit report       cvss: [Object]
1404 silly audit report     },
1404 silly audit report     {
1404 silly audit report       id: 1113540,
1404 silly audit report       url: 'https://github.com/advisories/GHSA-7r86-cg39-jmmj',
1404 silly audit report       title: 'minimatch has ReDoS: matchOne() combinatorial backtracking via multiple non-adjacent GLOBSTAR segments',
1404 silly audit report       severity: 'high',
1404 silly audit report       vulnerable_versions: '>=5.0.0 <5.1.8',
1404 silly audit report       cwe: [Array],
1404 silly audit report       cvss: [Object]
1404 silly audit report     },
1404 silly audit report     {
1404 silly audit report       id: 1113544,
1404 silly audit report       url: 'https://github.com/advisories/GHSA-7r86-cg39-jmmj',
1404 silly audit report       title: 'minimatch has ReDoS: matchOne() combinatorial backtracking via multiple non-adjacent GLOBSTAR segments',
1404 silly audit report       severity: 'high',
1404 silly audit report       vulnerable_versions: '>=9.0.0 <9.0.7',
1404 silly audit report       cwe: [Array],
1404 silly audit report       cvss: [Object]
1404 silly audit report     },
1404 silly audit report     {
1404 silly audit report       id: 1113546,
1404 silly audit report       url: 'https://github.com/advisories/GHSA-23c5-xmqv-rm74',
1404 silly audit report       title: 'minimatch ReDoS: nested *() extglobs generate catastrophically backtracking regular expressions',
1404 silly audit report       severity: 'high',
1404 silly audit report       vulnerable_versions: '<3.1.4',
1404 silly audit report       cwe: [Array],
1404 silly audit report       cvss: [Object]
1404 silly audit report     },
1404 silly audit report     {
1404 silly audit report       id: 1113548,
1404 silly audit report       url: 'https://github.com/advisories/GHSA-23c5-xmqv-rm74',
1404 silly audit report       title: 'minimatch ReDoS: nested *() extglobs generate catastrophically backtracking regular expressions',
1404 silly audit report       severity: 'high',
1404 silly audit report       vulnerable_versions: '>=5.0.0 <5.1.8',
1404 silly audit report       cwe: [Array],
1404 silly audit report       cvss: [Object]
1404 silly audit report     },
1404 silly audit report     {
1404 silly audit report       id: 1113552,
1404 silly audit report       url: 'https://github.com/advisories/GHSA-23c5-xmqv-rm74',
1404 silly audit report       title: 'minimatch ReDoS: nested *() extglobs generate catastrophically backtracking regular expressions',
1404 silly audit report       severity: 'high',
1404 silly audit report       vulnerable_versions: '>=9.0.0 <9.0.7',
1404 silly audit report       cwe: [Array],
1404 silly audit report       cvss: [Object]
1404 silly audit report     }
1404 silly audit report   ],
1404 silly audit report   flatted: [
1404 silly audit report     {
1404 silly audit report       id: 1114526,
1404 silly audit report       url: 'https://github.com/advisories/GHSA-25h7-pfq9-p65f',
1404 silly audit report       title: 'flatted vulnerable to unbounded recursion DoS in parse() revive phase',
1404 silly audit report       severity: 'high',
1404 silly audit report       vulnerable_versions: '<3.4.0',
1404 silly audit report       cwe: [Array],
1404 silly audit report       cvss: [Object]
1404 silly audit report     },
1404 silly audit report     {
1404 silly audit report       id: 1115357,
1404 silly audit report       url: 'https://github.com/advisories/GHSA-rf6f-7fwh-wjgh',
1404 silly audit report       title: 'Prototype Pollution via parse() in NodeJS flatted',
1404 silly audit report       severity: 'high',
1404 silly audit report       vulnerable_versions: '<=3.4.1',
1404 silly audit report       cwe: [Array],
1404 silly audit report       cvss: [Object]
1404 silly audit report     }
1404 silly audit report   ],
1404 silly audit report   'follow-redirects': [
1404 silly audit report     {
1404 silly audit report       id: 1116560,
1404 silly audit report       url: 'https://github.com/advisories/GHSA-r4q5-vmmm-2653',
1404 silly audit report       title: 'follow-redirects leaks Custom Authentication Headers to Cross-Domain Redirect Targets',
1404 silly audit report       severity: 'moderate',
1404 silly audit report       vulnerable_versions: '<=1.15.11',
1404 silly audit report       cwe: [Array],
1404 silly audit report       cvss: [Object]
1404 silly audit report     }
1404 silly audit report   ],
1404 silly audit report   'form-data': [
1404 silly audit report     {
1404 silly audit report       id: 1109539,
1404 silly audit report       url: 'https://github.com/advisories/GHSA-fjxv-7rqg-78g4',
1404 silly audit report       title: 'form-data uses unsafe random function in form-data for choosing boundary',
1404 silly audit report       severity: 'critical',
1404 silly audit report       vulnerable_versions: '>=3.0.0 <3.0.4',
1404 silly audit report       cwe: [Array],
1404 silly audit report       cvss: [Object]
1404 silly audit report     }
1404 silly audit report   ],
1404 silly audit report   glob: [
1404 silly audit report     {
1404 silly audit report       id: 1109842,
1404 silly audit report       url: 'https://github.com/advisories/GHSA-5j98-mcp5-4vw2',
1404 silly audit report       title: 'glob CLI: Command injection via -c/--cmd executes matches with shell:true',
1404 silly audit report       severity: 'high',
1404 silly audit report       vulnerable_versions: '>=10.2.0 <10.5.0',
1404 silly audit report       cwe: [Array],
1404 silly audit report       cvss: [Object]
1404 silly audit report     }
1404 silly audit report   ],
1404 silly audit report   jsonpath: [
1404 silly audit report     {
1404 silly audit report       id: 1112974,
1404 silly audit report       url: 'https://github.com/advisories/GHSA-6c59-mwgh-r2x6',
1404 silly audit report       title: 'JSONPath vulnerable to Prototype Pollution due to insufficient input validation of object keys in lib/index.js',
1404 silly audit report       severity: 'moderate',
1404 silly audit report       vulnerable_versions: '<1.2.0',
1404 silly audit report       cwe: [Array],
1404 silly audit report       cvss: [Object]
1404 silly audit report     },
1404 silly audit report     {
1404 silly audit report       id: 1114914,
1404 silly audit report       url: 'https://github.com/advisories/GHSA-87r5-mp6g-5w5j',
1404 silly audit report       title: 'jsonpath has Arbitrary Code Injection via Unsafe Evaluation of JSON Path Expressions',
1404 silly audit report       severity: 'high',
1404 silly audit report       vulnerable_versions: '<=1.2.1',
1404 silly audit report       cwe: [Array],
1404 silly audit report       cvss: [Object]
1404 silly audit report     }
1404 silly audit report   ],
1404 silly audit report   lodash: [
1404 silly audit report     {
1404 silly audit report       id: 1112455,
1404 silly audit report       url: 'https://github.com/advisories/GHSA-xxjr-mmjv-4gpg',
1404 silly audit report       title: 'Lodash has Prototype Pollution Vulnerability in `_.unset` and `_.omit` functions',
1404 silly audit report       severity: 'moderate',
1404 silly audit report       vulnerable_versions: '>=4.0.0 <=4.17.22',
1404 silly audit report       cwe: [Array],
1404 silly audit report       cvss: [Object]
1404 silly audit report     },
1404 silly audit report     {
1404 silly audit report       id: 1115806,
1404 silly audit report       url: 'https://github.com/advisories/GHSA-r5fr-rjxr-66jc',
1404 silly audit report       title: 'lodash vulnerable to Code Injection via `_.template` imports key names',
1404 silly audit report       severity: 'high',
1404 silly audit report       vulnerable_versions: '>=4.0.0 <=4.17.23',
1404 silly audit report       cwe: [Array],
1404 silly audit report       cvss: [Object]
1404 silly audit report     },
1404 silly audit report     {
1404 silly audit report       id: 1115810,
1404 silly audit report       url: 'https://github.com/advisories/GHSA-f23m-r3pf-42rh',
1404 silly audit report       title: 'lodash vulnerable to Prototype Pollution via array path bypass in `_.unset` and `_.omit`',
1404 silly audit report       severity: 'moderate',
1404 silly audit report       vulnerable_versions: '<=4.17.23',
1404 silly audit report       cwe: [Array],
1404 silly audit report       cvss: [Object]
1404 silly audit report     }
1404 silly audit report   ],
1404 silly audit report   'node-forge': [
1404 silly audit report     {
1404 silly audit report       id: 1110996,
1404 silly audit report       url: 'https://github.com/advisories/GHSA-554w-wpv2-vw27',
1404 silly audit report       title: 'node-forge has ASN.1 Unbounded Recursion',
1404 silly audit report       severity: 'high',
1404 silly audit report       vulnerable_versions: '<1.3.2',
1404 silly audit report       cwe: [Array],
1404 silly audit report       cvss: [Object]
1404 silly audit report     },
1404 silly audit report     {
1404 silly audit report       id: 1110998,
1404 silly audit report       url: 'https://github.com/advisories/GHSA-5gfm-wpxj-wjgq',
1404 silly audit report       title: 'node-forge has an Interpretation Conflict vulnerability via its ASN.1 Validator Desynchronization',
1404 silly audit report       severity: 'high',
1404 silly audit report       vulnerable_versions: '<1.3.2',
1404 silly audit report       cwe: [Array],
1404 silly audit report       cvss: [Object]
1404 silly audit report     },
1404 silly audit report     {
1404 silly audit report       id: 1111068,
1404 silly audit report       url: 'https://github.com/advisories/GHSA-65ch-62r8-g69g',
1404 silly audit report       title: 'node-forge is vulnerable to ASN.1 OID Integer Truncation',
1404 silly audit report       severity: 'moderate',
1404 silly audit report       vulnerable_versions: '<1.3.2',
1404 silly audit report       cwe: [Array],
1404 silly audit report       cvss: [Object]
1404 silly audit report     },
1404 silly audit report     {
1404 silly audit report       id: 1115545,
1404 silly audit report       url: 'https://github.com/advisories/GHSA-2328-f5f3-gj25',
1404 silly audit report       title: 'Forge has a basicConstraints bypass in its certificate chain verification (RFC 5280 violation)',
1404 silly audit report       severity: 'high',
1404 silly audit report       vulnerable_versions: '<=1.3.3',
1404 silly audit report       cwe: [Array],
1404 silly audit report       cvss: [Object]
1404 silly audit report     },
1404 silly audit report     {
1404 silly audit report       id: 1115546,
1404 silly audit report       url: 'https://github.com/advisories/GHSA-q67f-28xg-22rw',
1404 silly audit report       title: 'Forge has signature forgery in Ed25519 due to missing S > L check',
1404 silly audit report       severity: 'high',
1404 silly audit report       vulnerable_versions: '<1.4.0',
1404 silly audit report       cwe: [Array],
1404 silly audit report       cvss: [Object]
1404 silly audit report     },
1404 silly audit report     {
1404 silly audit report       id: 1115548,
1404 silly audit report       url: 'https://github.com/advisories/GHSA-5m6q-g25r-mvwx',
1404 silly audit report       title: 'Forge has Denial of Service via Infinite Loop in BigInteger.modInverse() with Zero Input',
1404 silly audit report       severity: 'high',
1404 silly audit report       vulnerable_versions: '<1.4.0',
1404 silly audit report       cwe: [Array],
1404 silly audit report       cvss: [Object]
1404 silly audit report     },
1404 silly audit report     {
1404 silly audit report       id: 1115612,
1404 silly audit report       url: 'https://github.com/advisories/GHSA-ppp5-5v6c-4jwp',
1404 silly audit report       title: 'Forge has signature forgery in RSA-PKCS due to ASN.1 extra field  ',
1404 silly audit report       severity: 'high',
1404 silly audit report       vulnerable_versions: '<1.4.0',
1404 silly audit report       cwe: [Array],
1404 silly audit report       cvss: [Object]
1404 silly audit report     }
1404 silly audit report   ],
1404 silly audit report   'nth-check': [
1404 silly audit report     {
1404 silly audit report       id: 1095141,
1404 silly audit report       url: 'https://github.com/advisories/GHSA-rp65-9cf3-cjxr',
1404 silly audit report       title: 'Inefficient Regular Expression Complexity in nth-check',
1404 silly audit report       severity: 'high',
1404 silly audit report       vulnerable_versions: '<2.0.1',
1404 silly audit report       cwe: [Array],
1404 silly audit report       cvss: [Object]
1404 silly audit report     }
1404 silly audit report   ],
1404 silly audit report   'on-headers': [
1404 silly audit report     {
1404 silly audit report       id: 1106812,
1404 silly audit report       url: 'https://github.com/advisories/GHSA-76c9-3jph-rj3q',
1404 silly audit report       title: 'on-headers is vulnerable to http response header manipulation',
1404 silly audit report       severity: 'low',
1404 silly audit report       vulnerable_versions: '<1.1.0',
1404 silly audit report       cwe: [Array],
1404 silly audit report       cvss: [Object]
1404 silly audit report     }
1404 silly audit report   ],
1404 silly audit report   'path-to-regexp': [
1404 silly audit report     {
1404 silly audit report       id: 1115527,
1404 silly audit report       url: 'https://github.com/advisories/GHSA-37ch-88jc-xwx2',
1404 silly audit report       title: 'path-to-regexp vulnerable to Regular Expression Denial of Service via multiple route parameters',
1404 silly audit report       severity: 'high',
1404 silly audit report       vulnerable_versions: '<0.1.13',
1404 silly audit report       cwe: [Array],
1404 silly audit report       cvss: [Object]
1404 silly audit report     }
1404 silly audit report   ],
1404 silly audit report   picomatch: [
1404 silly audit report     {
1404 silly audit report       id: 1115549,
1404 silly audit report       url: 'https://github.com/advisories/GHSA-3v7f-55p6-f55p',
1404 silly audit report       title: 'Picomatch: Method Injection in POSIX Character Classes causes incorrect Glob Matching',
1404 silly audit report       severity: 'moderate',
1404 silly audit report       vulnerable_versions: '<2.3.2',
1404 silly audit report       cwe: [Array],
1404 silly audit report       cvss: [Object]
1404 silly audit report     },
1404 silly audit report     {
1404 silly audit report       id: 1115552,
1404 silly audit report       url: 'https://github.com/advisories/GHSA-c2c7-rcm5-vvqj',
1404 silly audit report       title: 'Picomatch has a ReDoS vulnerability via extglob quantifiers',
1404 silly audit report       severity: 'high',
1404 silly audit report       vulnerable_versions: '<2.3.2',
1404 silly audit report       cwe: [Array],
1404 silly audit report       cvss: [Object]
1404 silly audit report     }
1404 silly audit report   ],
1404 silly audit report   postcss: [
1404 silly audit report     {
1404 silly audit report       id: 1109574,
1404 silly audit report       url: 'https://github.com/advisories/GHSA-7fh5-64p2-3v2j',
1404 silly audit report       title: 'PostCSS line return parsing error',
1404 silly audit report       severity: 'moderate',
1404 silly audit report       vulnerable_versions: '<8.4.31',
1404 silly audit report       cwe: [Array],
1404 silly audit report       cvss: [Object]
1404 silly audit report     },
1404 silly audit report     {
1404 silly audit report       id: 1117015,
1404 silly audit report       url: 'https://github.com/advisories/GHSA-qx2v-qp2m-jg93',
1404 silly audit report       title: 'PostCSS has XSS via Unescaped </style> in its CSS Stringify Output',
1404 silly audit report       severity: 'moderate',
1404 silly audit report       vulnerable_versions: '<8.5.10',
1404 silly audit report       cwe: [Array],
1404 silly audit report       cvss: [Object]
1404 silly audit report     }
1404 silly audit report   ],
1404 silly audit report   yaml: [
1404 silly audit report     {
1404 silly audit report       id: 1115555,
1404 silly audit report       url: 'https://github.com/advisories/GHSA-48c2-rrv3-qjmp',
1404 silly audit report       title: 'yaml is vulnerable to Stack Overflow via deeply nested YAML collections',
1404 silly audit report       severity: 'moderate',
1404 silly audit report       vulnerable_versions: '>=1.0.0 <1.10.3',
1404 silly audit report       cwe: [Array],
1404 silly audit report       cvss: [Object]
1404 silly audit report     },
1404 silly audit report     {
1404 silly audit report       id: 1115556,
1404 silly audit report       url: 'https://github.com/advisories/GHSA-48c2-rrv3-qjmp',
1404 silly audit report       title: 'yaml is vulnerable to Stack Overflow via deeply nested YAML collections',
1404 silly audit report       severity: 'moderate',
1404 silly audit report       vulnerable_versions: '>=2.0.0 <2.8.3',
1404 silly audit report       cwe: [Array],
1404 silly audit report       cvss: [Object]
1404 silly audit report     }
1404 silly audit report   ],
1404 silly audit report   svgo: [
1404 silly audit report     {
1404 silly audit report       id: 1114152,
1404 silly audit report       url: 'https://github.com/advisories/GHSA-xpqw-6gx7-v673',
1404 silly audit report       title: 'SVGO DoS through entity expansion in DOCTYPE (Billion Laughs)',
1404 silly audit report       severity: 'high',
1404 silly audit report       vulnerable_versions: '>=2.1.0 <2.8.1',
1404 silly audit report       cwe: [Array],
1404 silly audit report       cvss: [Object]
1404 silly audit report     }
1404 silly audit report   ],
1404 silly audit report   qs: [
1404 silly audit report     {
1404 silly audit report       id: 1113161,
1404 silly audit report       url: 'https://github.com/advisories/GHSA-w7fw-mjwx-w883',
1404 silly audit report       title: "qs's arrayLimit bypass in comma parsing allows denial of service",
1404 silly audit report       severity: 'low',
1404 silly audit report       vulnerable_versions: '>=6.7.0 <=6.14.1',
1404 silly audit report       cwe: [Array],
1404 silly audit report       cvss: [Object]
1404 silly audit report     },
1404 silly audit report     {
1404 silly audit report       id: 1113719,
1404 silly audit report       url: 'https://github.com/advisories/GHSA-6rw7-vpxm-498p',
1404 silly audit report       title: "qs's arrayLimit bypass in its bracket notation allows DoS via memory exhaustion",
1404 silly audit report       severity: 'moderate',
1404 silly audit report       vulnerable_versions: '<6.14.1',
1404 silly audit report       cwe: [Array],
1404 silly audit report       cvss: [Object]
1404 silly audit report     }
1404 silly audit report   ],
1404 silly audit report   rollup: [
1404 silly audit report     {
1404 silly audit report       id: 1113517,
1404 silly audit report       url: 'https://github.com/advisories/GHSA-mw96-cpmx-2vgc',
1404 silly audit report       title: 'Rollup 4 has Arbitrary File Write via Path Traversal',
1404 silly audit report       severity: 'high',
1404 silly audit report       vulnerable_versions: '<2.80.0',
1404 silly audit report       cwe: [Array],
1404 silly audit report       cvss: [Object]
1404 silly audit report     }
1404 silly audit report   ],
1404 silly audit report   'serialize-javascript': [
1404 silly audit report     {
1404 silly audit report       id: 1113686,
1404 silly audit report       url: 'https://github.com/advisories/GHSA-5c6j-r48x-rmvq',
1404 silly audit report       title: 'Serialize JavaScript is Vulnerable to RCE via RegExp.flags and Date.prototype.toISOString()',
1404 silly audit report       severity: 'high',
1404 silly audit report       vulnerable_versions: '<=7.0.2',
1404 silly audit report       cwe: [Array],
1404 silly audit report       cvss: [Object]
1404 silly audit report     },
1404 silly audit report     {
1404 silly audit report       id: 1115723,
1404 silly audit report       url: 'https://github.com/advisories/GHSA-qj8w-gfj5-8c6v',
1404 silly audit report       title: 'Serialize JavaScript has CPU Exhaustion Denial of Service via crafted array-like objects',
1404 silly audit report       severity: 'moderate',
1404 silly audit report       vulnerable_versions: '<7.0.5',
1404 silly audit report       cwe: [Array],
1404 silly audit report       cvss: [Object]
1404 silly audit report     }
1404 silly audit report   ],
1404 silly audit report   underscore: [
1404 silly audit report     {
1404 silly audit report       id: 1117689,
1404 silly audit report       url: 'https://github.com/advisories/GHSA-qpx9-hpmf-5gmw',
1404 silly audit report       title: 'Underscore has unlimited recursion in _.flatten and _.isEqual, potential for DoS attack',
1404 silly audit report       severity: 'high',
1404 silly audit report       vulnerable_versions: '<=1.13.7',
1404 silly audit report       cwe: [Array],
1404 silly audit report       cvss: [Object]
1404 silly audit report     }
1404 silly audit report   ],
1404 silly audit report   webpack: [
1404 silly audit report     {
1404 silly audit report       id: 1113041,
1404 silly audit report       url: 'https://github.com/advisories/GHSA-8fgc-7cc6-rx7x',
1404 silly audit report       title: 'webpack buildHttp: allowedUris allow-list bypass via URL userinfo (@) leading to build-time SSRF behavior',
1404 silly audit report       severity: 'low',
1404 silly audit report       vulnerable_versions: '>=5.49.0 <=5.104.0',
1404 silly audit report       cwe: [Array],
1404 silly audit report       cvss: [Object]
1404 silly audit report     },
1404 silly audit report     {
1404 silly audit report       id: 1113042,
1404 silly audit report       url: 'https://github.com/advisories/GHSA-38r7-794h-5758',
1404 silly audit report       title: 'webpack buildHttp HttpUriPlugin allowedUris bypass via HTTP redirects → SSRF + cache persistence',
1404 silly audit report       severity: 'low',
1404 silly audit report       vulnerable_versions: '>=5.49.0 <5.104.0',
1404 silly audit report       cwe: [Array],
1404 silly audit report       cvss: [Object]
1404 silly audit report     }
1404 silly audit report   ],
1404 silly audit report   'webpack-dev-server': [
1404 silly audit report     {
1404 silly audit report       id: 1108429,
1404 silly audit report       url: 'https://github.com/advisories/GHSA-9jgg-88mc-972h',
1404 silly audit report       title: "webpack-dev-server users' source code may be stolen when they access a malicious web site with non-Chromium based browser",
1404 silly audit report       severity: 'moderate',
1404 silly audit report       vulnerable_versions: '<=5.2.0',
1404 silly audit report       cwe: [Array],
1404 silly audit report       cvss: [Object]
1404 silly audit report     },
1404 silly audit report     {
1404 silly audit report       id: 1108430,
1404 silly audit report       url: 'https://github.com/advisories/GHSA-4v9v-hfq4-rm2v',
1404 silly audit report       title: "webpack-dev-server users' source code may be stolen when they access a malicious web site",
1404 silly audit report       severity: 'moderate',
1404 silly audit report       vulnerable_versions: '<=5.2.0',
1404 silly audit report       cwe: [Array],
1404 silly audit report       cvss: [Object]
1404 silly audit report     }
1404 silly audit report   ]
1404 silly audit report }
1405 timing metavuln:cache:get:security-advisory:@babel/plugin-transform-modules-systemjs:8sXF8eGUjGjT2qQJBUER2jyRALTXBTvVm8kpQc6/3Ch7c7ay7HiKlaj6MYNpvglkqH6G2TiQINAPfh7G+m7XUg== Completed in 72ms
1406 timing metavuln:cache:get:security-advisory:js-yaml:MQ5RokLIvrWmT8/NQU0dD+jQ+6pFslHlaXx1Z5q7mESITohR8AwLT525ddIc2KvKZYbB1p5yclW3kV4xeRYXEg== Completed in 67ms
1407 timing metavuln:cache:get:security-advisory:js-yaml:621IdjBdZEeVoUcjWGl1jXN0jFDGaf7dIQMeaPVKf5MxqYprJztiOC0OHOUPVoayh7Cq/fTC8L5CqEb98qlE7w== Completed in 67ms
1408 timing metavuln:cache:get:security-advisory:@tootallnate/once:Bij+qufwr7God+MYI0JIFJYEDFT3IlGllIhDaMb6DB6UZOYpGBBfXc1Jq59Wdg/M2NdGRUO2+zYnIEZHW42YDw== Completed in 66ms
1409 timing metavuln:cache:get:security-advisory:ajv:u4HOZ0QFYFTDLqnZ5TPSC8VEvP+HMuGcZACJuTqG8bm/gunrgkQwsiiH2pbF9tNIl45RK0sW2ccPzEojb1k0xQ== Completed in 66ms
1410 timing metavuln:cache:get:security-advisory:ajv:URErmxoyazZWR5lFcXpgTkGsbkrUBDlzD8W6txjBw2wZoOC7oHjHFfCrRr/VnGeJvbyUY9E2jxrL8p2XbwfP8g== Completed in 66ms
1411 timing metavuln:cache:get:security-advisory:brace-expansion:7IQMvcVTr+svbh5KCx4Kl6FQKJ1GciM03BnJAve/5WYJjUeRzKAIrStVpfachbl3T6a7o8nYlQEVG6Ih0TNXRg== Completed in 65ms
1412 timing metavuln:cache:get:security-advisory:brace-expansion:mClmYqWawCNXseeTBHWiIwZH/2CmFUqPCmosJIeOhAgD9z1v3SayhHAwaWVo8wmeKU/JN9VP4zDBeXaqy3Ay2A== Completed in 65ms
1413 timing metavuln:cache:get:security-advisory:brace-expansion:kIHgu1L8zIy7pY0wp6wYzUm7tst3xTM2tiSYrstcGK/XsO7o4p6zyuUSjq93oH1dvU2tbEvlSW+gaNbGIbeudw== Completed in 65ms
1414 timing metavuln:cache:get:security-advisory:brace-expansion:ZHzAtnciS42HIMtUGajCifTIrkCUkWb93u/V1lJEt9HzdJ+ypMofn/dKgSOaziPQj+WGAcGS7t7WdPUHJBz0LA== Completed in 65ms
1415 timing metavuln:cache:get:security-advisory:fast-uri:eOa7c7ILtYrQRi7Vh70WI0pPtbJX306JIRinfkWw7EszqtCMyh5zDLP+J7GgLnqrHAp+szaZMuWjykheayYbvw== Completed in 66ms
1416 timing metavuln:cache:get:security-advisory:fast-uri:QBT+YWg36QlsCGIVyx+qyR2DNhgjC+VCOjRO1zswpjRQn4lFmcf77EeA6ufO4yxSJO9dVgUtRQ76zfsnZLLsHg== Completed in 65ms
1417 timing metavuln:cache:get:security-advisory:minimatch:V/3cIcyAQcG1bwuH0e0PI9Qt5WRtbvb/WOz2mBxAfNzXf+Dvs9G1X05eHjnPq2b0TJY4zXXpqhCAkRAipgk3iQ== Completed in 65ms
1418 timing metavuln:cache:get:security-advisory:minimatch:/utMkAt3a6jSPsaWIJ1J7tAb7G+ccGxNsymbhFTVWOMIyhRZOJ9QR0zn1SNtejrdUO5fsO4RDJKDMI6C5/bkuw== Completed in 65ms
1419 timing metavuln:cache:get:security-advisory:minimatch:B00WbbnnDNaFGA7l9BgrTioYpRMzU4+U8SUF8cn65LwArJAK0O380QwyP/UyxPr7i9XUjX9/AADC41/edu9OrA== Completed in 65ms
1420 timing metavuln:cache:get:security-advisory:minimatch:kx7kRjUmjSYmgQBpfsU82Na4xORZqvqpRRSlOyPLadasPBl0YfFJCjIETC00BG7Gd2omQLizgz8/GnnE/hk+Jw== Completed in 65ms
1421 timing metavuln:cache:get:security-advisory:minimatch:txOieOIAfgHfBPiN09+pYAjPLRzgUOz3D3illtf9vTzeqs41QJZjfj5jVXCi/3ICpBX0YlJi/ghdWSjCJwNtwA== Completed in 65ms
1422 timing metavuln:cache:get:security-advisory:minimatch:tJ9Z2VGWqiQfLaVKxc9K/6Rz1g70Mpl3An4UK+K1lyHdz27vYPzhMIkC4jRGAN2wpssY+8l13Ql259B6zkaX/Q== Completed in 66ms
1423 timing metavuln:cache:get:security-advisory:minimatch:tdaAHfWGUw/nl/W8ALWVH+LvG2E3gvo3P2FI/fVPxm3aZteLxWMOEuk/9iDk5O0/cZN/GRXnabt/mW/bfUoL/g== Completed in 66ms
1424 timing metavuln:cache:get:security-advisory:minimatch:d1vHbFmApmPZ8D7tU5wibuYDk+ODEPdqBqmhQYykwFs/yMixetMkwY01zYVdWNOsg0NvkvSTlNgJ2ddzclruSA== Completed in 66ms
1425 timing metavuln:cache:get:security-advisory:minimatch:IBqefxF0lKwSFXzwGHp5L8khqSaPYY99x0GHtXNH4YxtdIexeL4FFPzrnnBvkhgmGDEWHo3XAgpPYGyM1jidQQ== Completed in 65ms
1426 timing metavuln:cache:get:security-advisory:flatted:oa7V2KnuHnLCPcrXFvcQLRAa1NASGJm9yZ+B92xpfwxan7PZyVrZjYAHt6LB51PFfA2mM8KGE+VHR+U5X/2uZw== Completed in 65ms
1427 timing metavuln:cache:get:security-advisory:flatted:uMG/3R828PE31LVzr7SnM2pFAXessH3XoRtonZYiGJtZfR5a//VWhmdMxy/RepstCydCDFxkci7fqEuzEvhnAA== Completed in 65ms
1428 timing metavuln:cache:get:security-advisory:follow-redirects:4omfKvh6Ya8SJnn3CVNWLzlRKgsHqsp8XgTxFFWXdSXyBqVHeW5UgGhBrNoO2e0bLHnlnK954cJp6k7PjkvXLg== Completed in 65ms
1429 timing metavuln:cache:get:security-advisory:form-data:p6apac9dQVGi7K6jIlh3UPMyaO56BveB1uf7Wad3PzYvsaNtjcN5EQfHTFQgFAACbAXbK1y5BAXrkjVYnwgXlg== Completed in 65ms
1430 timing metavuln:cache:get:security-advisory:glob:NTB2XjbDOgk4lkd8PZ3tUAm1F3E/ohGF6rl9/3LEO7Z0FDzSR5nWwzd3nUENA3NCNdyeR+35DOC12wPml2IV+g== Completed in 64ms
1431 timing metavuln:cache:get:security-advisory:jsonpath:06NGFWwaXMLoVpjmWx85uziQ4b4vr8HIZact6AC7LfrnIDv5TPrN5W2gQiGeTWi1tczq4mc+pQNrr2O1+LBTrw== Completed in 64ms
1432 timing metavuln:cache:get:security-advisory:jsonpath:yyIYTH6xXpvYH3XyhqmplRVkV54mz74f346ax0z7pRtuQ9a+N4oS0/1cBuhqIcPO/K78yrrlhiaYOPRWXkwgFw== Completed in 63ms
1433 timing metavuln:cache:get:security-advisory:lodash:OGNA5lR8rR8aeucWHqvJLBV5oaroI/lF2JfG9J2l63dx9uiGUyHuI4ymC6nv+dqWwxtqCIMcqBukiWYEiF5/RQ== Completed in 63ms
1434 timing metavuln:cache:get:security-advisory:lodash:DNnxUw8Ep7p1YCAJl4A30HMQmsK3uaHxA5fhfuTpXJUBgCvmZbKGD7OWAcfQ2u+fc9lY6ap1BhHpARF9oEarxQ== Completed in 63ms
1435 timing metavuln:cache:get:security-advisory:lodash:thshZSsl03tivWaq68PzU+tj1Rdgd6ZGN992B7QB+2oylByv6bvG8a/FXYANJwK5kybQ7+c0hg18JSj4gYikrg== Completed in 63ms
1436 timing metavuln:cache:get:security-advisory:node-forge:h2Y2QOvu7PmQIHUVvHow3nG5n5h8bB9ZcjcQZptxDXAV3qwUST237segpfeOslJxLYLLiVSCGAdsyjUnCx0Eng== Completed in 64ms
1437 timing metavuln:cache:get:security-advisory:node-forge:B1naEMfsfvhGZ/l2lYr0JKzrVPysA4WNvJmW2Hwx7AJkEVC9k8FrOY2uijhMlpicvvXMAdvYRE5ToxXlLHJr0w== Completed in 63ms
1438 timing metavuln:cache:get:security-advisory:node-forge:JIDoj7z/eOXqCgmQ9MOjGt3jXXGj9OiasjyRHqgc3hre/7j1p7oIvpkBnGeVZ2WRYgFrmIB9eDNrsQTv8vnYkw== Completed in 63ms
1439 timing metavuln:cache:get:security-advisory:node-forge:RZMn4WSE8DkDTpH3Ooewnjaecy8LY0uszHTLK5je5KOXtHYUuD92dg4UgcwB1jh1BWI0j0asRwqbOenVyby/ZA== Completed in 63ms
1440 timing metavuln:cache:get:security-advisory:node-forge:9gPnM0fC3ZtXNFjXCCX1sMog6poA45TgxvqtdwCBZHiHDYaqf2GoRTS/4emN29zu0OT3mEpGkJmO50PiMjTvcQ== Completed in 63ms
1441 timing metavuln:cache:get:security-advisory:node-forge:q1WohRunmlmMGJb/g0LtWLVFL0f3jk1XBFVXELhgogRkbruTOpWbBMdq6LFyUoYmxiTZu88oJHum3I7+Hi3G0g== Completed in 63ms
1442 timing metavuln:cache:get:security-advisory:node-forge:UmKFds0CV9lYDo/WGrGUGTGL97yMWV8uMzk45ZpEt7FaAMyUSwFIGsuyN/s3mNxruMAQM90fGVl/Nmgv0s64Fg== Completed in 63ms
1443 timing metavuln:cache:get:security-advisory:nth-check:u9kIbs88jjqPq0zHVBinwei/KZ5GCRRfUp85vuDQlT/Si01qI5XVVQOSRujFCbyFsnHqETob3CApPmYQZ74K2A== Completed in 63ms
1444 timing metavuln:cache:get:security-advisory:on-headers:O+Ys/f4bZubU3jA9Sqz4HIIJaATwc83W201O653Eo/4y8FTwrgSc3mrXs4p8n7svj0OzipJYTBXXWJCgp81mSQ== Completed in 63ms
1445 timing metavuln:cache:get:security-advisory:path-to-regexp:MgjHwCEvzlLz9p6+Yk8DdZLdAuprFRwJM/BcLFKUnsW5C1PzGCjbdvhfzdrEOsmCJB7eOyV5TvQe+zy4C++sJQ== Completed in 62ms
1446 timing metavuln:cache:get:security-advisory:picomatch:GSQ5ghUF1JWDKMssoydWDVRebjlPePRwktLhrdWzXCq5xeBXdo4Cm9HGHnH2b6P1Nq93YjwPmimVjAx6kge32A== Completed in 62ms
1447 timing metavuln:cache:get:security-advisory:picomatch:H8EHkZXRRUdil3DyUl8tc8lCQUliQzjc5H5D4llqFojH152sBqO1suz3XiNiRQT++wJdWkgXe/zFc/Bbrrz6ng== Completed in 62ms
1448 timing metavuln:cache:get:security-advisory:postcss:pZ69Xb3tfNSOA/KlJDj+8Cx7G0j59bY38zmapGNdCJ0u5VdynmLT/0MdsmZxOtDHZyb9hFEUJ8quNSnDMJvqRA== Completed in 62ms
1449 timing metavuln:cache:get:security-advisory:postcss:685RVq5xScaqegAXk2BRJrsMaZmsz1d/volUoA67iVw3AvHhUlX03u+VPRrmo8iuObcSDvuZF+fuiOnLC9L1uA== Completed in 61ms
1450 timing metavuln:cache:get:security-advisory:yaml:O6zOK1Cn9/3FZISL60o6/SOMQkiOfzmZ3FIQSh8ciqQQ3pt7Wl9H9Q/gRJuFGa9hM9N+9vhsYsf7hziTGiJueg== Completed in 61ms
1451 timing metavuln:cache:get:security-advisory:yaml:3AQn1Aj8kwFHIquLochLADJtKOJ++bvPtGJHT6dWct73zyp4H3E792uuAF7M2BJRI4DEvXF3aOujF4vdnIDz2g== Completed in 61ms
1452 timing metavuln:cache:get:security-advisory:svgo:RQHcl6wg87UpAUZ17mmLaPbCDlkDk1i66EPwiyZfLkY7PjluT6UrbKDViEsQBOupoTQQReMpAPNAvSqQiUYBYg== Completed in 61ms
1453 timing metavuln:cache:get:security-advisory:qs:vVSN+MRVpdux32gCUfPGidHUGmS/0G5Ziwtmb1YXw3NARw1r47LtySeR7yFf/LZ4sKzi41443WWDDZzPHuCh9g== Completed in 60ms
1454 timing metavuln:cache:get:security-advisory:qs:iChjlXxtVMTpyXsUse674XoeCayLW4gF6rE7sQcXvHRFegwpM44fUr9Eqlmsmu+S9udu9w9eZmpzcAcyiUJMIQ== Completed in 60ms
1455 timing metavuln:cache:get:security-advisory:rollup:wvI6OK0UYkdu1ie+OgqGl1Ts6uqRHKmJvpy+9hLlTsneMQcWx9C1Ka+m19thxOafs1fMQMcb0kVjFL6LgUpdgg== Completed in 60ms
1456 timing metavuln:cache:get:security-advisory:serialize-javascript:VNhzhjSQJJPSfVWQUXMpEy6hsW23faurQllLlGbSJ7QrUHjncb9PKDTQYw8APRVBzMug+7YJc5EWXV6SYvPIiw== Completed in 60ms
1457 timing metavuln:cache:get:security-advisory:serialize-javascript:y5ht5IaVIMjpwL0IZGKIrAJO+O1KQhhG2+VGCBx2lcZuGkhWWkccmfdEpDP4g3jX06lLdfGiDu1+ptdkafpN0Q== Completed in 59ms
1458 timing metavuln:cache:get:security-advisory:underscore:jL8WkEyYWw2njehkX9fwBE8MeUUUgreXkVvNy4xs6WKAEH6IsobE3rznvjIUKeKEs/8CZacIZAhLUmFmJgXRwQ== Completed in 59ms
1459 timing metavuln:cache:get:security-advisory:webpack:IzHFkMfHDC+SV3IL23ZHngntgLDUgyESA9Ge8Mh5rKNVcDpaWLuTZIcoUJg4/bAH+BQlnDzJ4nLfJCy6fOIM0A== Completed in 59ms
1460 timing metavuln:cache:get:security-advisory:webpack:s8eUYzfoKCRSDroeyV91F0huXvDaY4W8tlhzcL2BszFV9dolZHIAn/UZ/7LVU12F35esXqY1PqnhYKHfHcDozQ== Completed in 59ms
1461 timing metavuln:cache:get:security-advisory:webpack-dev-server:S4msAa42CSbP9G3yL/dwvZZ5cPcCL+QRxuEMItM2gN7hKlpH81WqAk7hl/RHHoEX/iKthZKYMNZMh67r9HW4dQ== Completed in 59ms
1462 timing metavuln:cache:get:security-advisory:webpack-dev-server:yP0eofjyCSGBGig9V2ksikLHanf9FiRj/y6qukhBHpjfeatUFYRDDW6sV3UtsjRX4tLaTQqPo8iSnKeg90n2UA== Completed in 59ms
1463 http fetch GET 200 https://registry.npmjs.org/requires-port/-/requires-port-1.0.0.tgz 2204ms (cache miss)
1464 timing reifyNode:node_modules/requires-port Completed in 2552ms
1465 http fetch GET 200 https://registry.npmjs.org/regex-parser/-/regex-parser-2.3.1.tgz 2205ms (cache miss)
1466 timing reifyNode:node_modules/regex-parser Completed in 2559ms
1467 http fetch GET 200 https://registry.npmjs.org/form-data/-/form-data-3.0.3.tgz 2135ms (cache miss)
1468 timing reifyNode:node_modules/form-data Completed in 2524ms
1469 http fetch GET 200 https://registry.npmjs.org/follow-redirects/-/follow-redirects-1.15.9.tgz 2132ms (cache miss)
1470 timing reifyNode:node_modules/follow-redirects Completed in 2524ms
1471 http fetch GET 200 https://registry.npmjs.org/damerau-levenshtein/-/damerau-levenshtein-1.0.8.tgz 2112ms (cache miss)
1472 timing reifyNode:node_modules/damerau-levenshtein Completed in 2513ms
1473 http fetch GET 200 https://registry.npmjs.org/cssnano-preset-default/-/cssnano-preset-default-5.2.14.tgz 2110ms (cache miss)
1474 timing reifyNode:node_modules/cssnano-preset-default Completed in 2513ms
1475 http fetch GET 200 https://registry.npmjs.org/cssesc/-/cssesc-3.0.0.tgz 2109ms (cache miss)
1476 timing reifyNode:node_modules/cssesc Completed in 2514ms
1477 http fetch GET 200 https://registry.npmjs.org/parent-module/-/parent-module-1.0.1.tgz 2201ms (cache miss)
1478 timing reifyNode:node_modules/parent-module Completed in 2556ms
1479 http fetch GET 200 https://registry.npmjs.org/onetime/-/onetime-5.1.2.tgz 2195ms (cache miss)
1480 timing reifyNode:node_modules/onetime Completed in 2556ms
1481 http fetch GET 200 https://registry.npmjs.org/jest-docblock/-/jest-docblock-27.5.1.tgz 2173ms (cache miss)
1482 timing reifyNode:node_modules/jest-docblock Completed in 2546ms
1483 http fetch GET 200 https://registry.npmjs.org/rollup-plugin-terser/-/rollup-plugin-terser-7.0.2.tgz 2243ms (cache miss)
1484 warn deprecated rollup-plugin-terser@7.0.2: This package has been deprecated and is no longer maintained. Please use @rollup/plugin-terser
1485 timing reifyNode:node_modules/rollup-plugin-terser Completed in 2581ms
1486 http fetch GET 200 https://registry.npmjs.org/http-deceiver/-/http-deceiver-1.2.7.tgz 2170ms (cache miss)
1487 timing reifyNode:node_modules/http-deceiver Completed in 2548ms
1488 http fetch GET 200 https://registry.npmjs.org/html-escaper/-/html-escaper-2.0.2.tgz 2168ms (cache miss)
1489 http fetch GET 200 https://registry.npmjs.org/resolve-cwd/-/resolve-cwd-3.0.0.tgz 2237ms (cache miss)
1490 timing reifyNode:node_modules/resolve-cwd Completed in 2583ms
1491 http fetch GET 200 https://registry.npmjs.org/hasown/-/hasown-2.0.2.tgz 2177ms (cache miss)
1492 http fetch GET 200 https://registry.npmjs.org/require-from-string/-/require-from-string-2.0.2.tgz 2248ms (cache miss)
1493 timing reifyNode:node_modules/require-from-string Completed in 2596ms
1494 http fetch GET 200 https://registry.npmjs.org/css-select-base-adapter/-/css-select-base-adapter-0.1.1.tgz 2139ms (cache miss)
1495 timing reifyNode:node_modules/css-select-base-adapter Completed in 2547ms
1496 http fetch GET 200 https://registry.npmjs.org/flat-cache/-/flat-cache-3.2.0.tgz 2177ms (cache miss)
1497 timing reifyNode:node_modules/flat-cache Completed in 2569ms
1498 http fetch GET 200 https://registry.npmjs.org/redent/-/redent-3.0.0.tgz 2252ms (cache miss)
1499 timing reifyNode:node_modules/redent Completed in 2608ms
1500 http fetch GET 200 https://registry.npmjs.org/read-cache/-/read-cache-1.0.0.tgz 2250ms (cache miss)
1501 timing reifyNode:node_modules/read-cache Completed in 2608ms
1502 http fetch GET 200 https://registry.npmjs.org/own-keys/-/own-keys-1.0.1.tgz 2238ms (cache miss)
1503 http fetch GET 200 https://registry.npmjs.org/jsonpointer/-/jsonpointer-5.0.1.tgz 2221ms (cache miss)
1504 timing reifyNode:node_modules/jsonpointer Completed in 2593ms
1505 http fetch GET 200 https://registry.npmjs.org/jest-changed-files/-/jest-changed-files-27.5.1.tgz 2212ms (cache miss)
1506 timing reifyNode:node_modules/jest-changed-files Completed in 2588ms
1507 http fetch GET 200 https://registry.npmjs.org/http-proxy-agent/-/http-proxy-agent-4.0.1.tgz 2207ms (cache miss)
1508 timing reifyNode:node_modules/http-proxy-agent Completed in 2584ms
1509 http fetch GET 200 https://registry.npmjs.org/run-parallel/-/run-parallel-1.2.0.tgz 2284ms (cache miss)
1510 timing reifyNode:node_modules/run-parallel Completed in 2620ms
1511 timing reifyNode:node_modules/html-escaper Completed in 2587ms
1512 http fetch GET 200 https://registry.npmjs.org/html-encoding-sniffer/-/html-encoding-sniffer-2.0.1.tgz 2204ms (cache miss)
1513 timing reifyNode:node_modules/html-encoding-sniffer Completed in 2587ms
1514 http fetch GET 200 https://registry.npmjs.org/hoopy/-/hoopy-0.1.4.tgz 2204ms (cache miss)
1515 timing reifyNode:node_modules/hoopy Completed in 2588ms
1516 http fetch GET 200 https://registry.npmjs.org/bytes/-/bytes-3.1.2.tgz 2156ms (cache miss)
1517 timing reifyNode:node_modules/bytes Completed in 2569ms
1518 http fetch GET 200 https://registry.npmjs.org/resolve.exports/-/resolve.exports-1.1.1.tgz 2288ms (cache miss)
1519 timing reifyNode:node_modules/resolve.exports Completed in 2627ms
1520 http fetch GET 200 https://registry.npmjs.org/resolve-from/-/resolve-from-5.0.0.tgz 2287ms (cache miss)
1521 timing reifyNode:node_modules/resolve-from Completed in 2628ms
1522 http fetch GET 200 https://registry.npmjs.org/data-urls/-/data-urls-2.0.0.tgz 2179ms (cache miss)
1523 timing reifyNode:node_modules/data-urls Completed in 2579ms
1524 http fetch GET 200 https://registry.npmjs.org/find-cache-dir/-/find-cache-dir-3.3.2.tgz 2198ms (cache miss)
1525 timing reifyNode:node_modules/find-cache-dir Completed in 2591ms
1526 http fetch GET 200 https://registry.npmjs.org/find-up/-/find-up-4.1.0.tgz 2199ms (cache miss)
1527 timing reifyNode:node_modules/find-up Completed in 2592ms
1528 http fetch GET 200 https://registry.npmjs.org/at-least-node/-/at-least-node-1.0.0.tgz 2157ms (cache miss)
1529 timing reifyNode:node_modules/at-least-node Completed in 2570ms
1530 http fetch GET 200 https://registry.npmjs.org/recursive-readdir/-/recursive-readdir-2.2.3.tgz 2276ms (cache miss)
1531 timing reifyNode:node_modules/recursive-readdir Completed in 2633ms
1532 http fetch GET 200 https://registry.npmjs.org/parse-json/-/parse-json-5.2.0.tgz 2268ms (cache miss)
1533 timing reifyNode:node_modules/parse-json Completed in 2623ms
1534 http fetch GET 200 https://registry.npmjs.org/p-try/-/p-try-2.2.0.tgz 2266ms (cache miss)
1535 timing reifyNode:node_modules/p-try Completed in 2624ms
1536 http fetch GET 200 https://registry.npmjs.org/p-limit/-/p-limit-2.3.0.tgz 2265ms (cache miss)
1537 timing reifyNode:node_modules/p-limit Completed in 2623ms
1538 http fetch GET 200 https://registry.npmjs.org/css.escape/-/css.escape-1.5.1.tgz 2181ms (cache miss)
1539 timing reifyNode:node_modules/css.escape Completed in 2587ms
1540 http fetch GET 200 https://registry.npmjs.org/cssnano-utils/-/cssnano-utils-3.1.0.tgz 2184ms (cache miss)
1541 timing reifyNode:node_modules/cssnano-utils Completed in 2588ms
1542 http fetch GET 200 https://registry.npmjs.org/jest-environment-jsdom/-/jest-environment-jsdom-27.5.1.tgz 2242ms (cache miss)
1543 timing reifyNode:node_modules/jest-environment-jsdom Completed in 2613ms
1544 http fetch GET 200 https://registry.npmjs.org/call-bind/-/call-bind-1.0.8.tgz 2171ms (cache miss)
1545 http fetch GET 200 https://registry.npmjs.org/jest/-/jest-27.5.1.tgz 2247ms (cache miss)
1546 timing reifyNode:node_modules/jest Completed in 2624ms
1547 http fetch GET 200 https://registry.npmjs.org/http-errors/-/http-errors-2.0.0.tgz 2240ms (cache miss)
1548 timing reifyNode:node_modules/http-errors Completed in 2618ms
1549 http fetch GET 200 https://registry.npmjs.org/safe-push-apply/-/safe-push-apply-1.0.0.tgz 2319ms (cache miss)
1550 timing reifyNode:node_modules/safe-push-apply Completed in 2653ms
1551 http fetch GET 200 https://registry.npmjs.org/rimraf/-/rimraf-3.0.2.tgz 2316ms (cache miss)
1552 warn deprecated rimraf@3.0.2: Rimraf versions prior to v4 are no longer supported
1553 timing reifyNode:node_modules/rimraf Completed in 2654ms
1554 http fetch GET 200 https://registry.npmjs.org/regjsgen/-/regjsgen-0.8.0.tgz 2317ms (cache miss)
1555 timing reifyNode:node_modules/regjsgen Completed in 2667ms
1556 http fetch GET 200 https://registry.npmjs.org/for-each/-/for-each-0.3.5.tgz 2244ms (cache miss)
1557 http fetch GET 200 https://registry.npmjs.org/available-typed-arrays/-/available-typed-arrays-1.0.7.tgz 2199ms (cache miss)
1558 http fetch GET 200 https://registry.npmjs.org/parseurl/-/parseurl-1.3.3.tgz 2313ms (cache miss)
1559 timing reifyNode:node_modules/parseurl Completed in 2661ms
1560 http fetch GET 200 https://registry.npmjs.org/p-retry/-/p-retry-4.6.2.tgz 2305ms (cache miss)
1561 timing reifyNode:node_modules/p-retry Completed in 2662ms
1562 http fetch GET 200 https://registry.npmjs.org/p-locate/-/p-locate-4.1.0.tgz 2304ms (cache miss)
1563 timing reifyNode:node_modules/p-locate Completed in 2663ms
1564 timing reifyNode:node_modules/own-keys Completed in 2662ms
1565 http fetch GET 200 https://registry.npmjs.org/safer-buffer/-/safer-buffer-2.1.2.tgz 2349ms (cache miss)
1566 timing reifyNode:node_modules/safer-buffer Completed in 2680ms
1567 http fetch GET 200 https://registry.npmjs.org/jest-environment-node/-/jest-environment-node-27.5.1.tgz 2283ms (cache miss)
1568 timing reifyNode:node_modules/jest-environment-node Completed in 2653ms
1569 http fetch GET 200 https://registry.npmjs.org/http-parser-js/-/http-parser-js-0.5.10.tgz 2272ms (cache miss)
1570 timing reifyNode:node_modules/http-parser-js Completed in 2649ms
1571 timing reifyNode:node_modules/hasown Completed in 2655ms
1572 http fetch GET 200 https://registry.npmjs.org/babel-jest/-/babel-jest-27.5.1.tgz 2219ms (cache miss)
1573 timing reifyNode:node_modules/babel-jest Completed in 2629ms
1574 http fetch GET 200 https://registry.npmjs.org/require-directory/-/require-directory-2.1.1.tgz 2342ms (cache miss)
1575 timing reifyNode:node_modules/require-directory Completed in 2690ms
1576 http fetch GET 200 https://registry.npmjs.org/regenerator-runtime/-/regenerator-runtime-0.13.11.tgz 2342ms (cache miss)
1577 timing reifyNode:node_modules/regenerator-runtime Completed in 2696ms
1578 http fetch GET 200 https://registry.npmjs.org/finalhandler/-/finalhandler-1.3.1.tgz 2266ms (cache miss)
1579 timing reifyNode:node_modules/finalhandler Completed in 2660ms
1580 http fetch GET 200 https://registry.npmjs.org/safe-array-concat/-/safe-array-concat-1.1.3.tgz 2381ms (cache miss)
1581 timing reifyNode:node_modules/safe-array-concat Completed in 2716ms
1582 http fetch GET 200 https://registry.npmjs.org/safe-buffer/-/safe-buffer-5.2.1.tgz 2382ms (cache miss)
1583 timing reifyNode:node_modules/safe-buffer Completed in 2718ms
1584 http fetch GET 200 https://registry.npmjs.org/asap/-/asap-2.0.6.tgz 2249ms (cache miss)
1585 timing reifyNode:node_modules/asap Completed in 2664ms
1586 http fetch GET 200 https://registry.npmjs.org/ast-types-flow/-/ast-types-flow-0.0.8.tgz 2248ms (cache miss)
1587 http fetch GET 200 https://registry.npmjs.org/arg/-/arg-5.0.2.tgz 2236ms (cache miss)
1588 timing reifyNode:node_modules/arg Completed in 2664ms
1589 http fetch GET 200 https://registry.npmjs.org/readdirp/-/readdirp-3.6.0.tgz 2377ms (cache miss)
1590 timing reifyNode:node_modules/readdirp Completed in 2734ms
1591 http fetch GET 200 https://registry.npmjs.org/param-case/-/param-case-3.0.4.tgz 2369ms (cache miss)
1592 timing reifyNode:node_modules/call-bind Completed in 2685ms
1593 http fetch GET 200 https://registry.npmjs.org/array-union/-/array-union-2.1.0.tgz 2256ms (cache miss)
1594 timing reifyNode:node_modules/array-union Completed in 2683ms
1595 http fetch GET 200 https://registry.npmjs.org/html-minifier-terser/-/html-minifier-terser-6.1.0.tgz 2341ms (cache miss)
1596 timing reifyNode:node_modules/for-each Completed in 2723ms
1597 timing reifyNode:node_modules/available-typed-arrays Completed in 2702ms
1598 http fetch GET 200 https://registry.npmjs.org/cssnano/-/cssnano-5.1.15.tgz 2308ms (cache miss)
1599 http fetch GET 200 https://registry.npmjs.org/anymatch/-/anymatch-3.1.3.tgz 2276ms (cache miss)
1600 timing reifyNode:node_modules/anymatch Completed in 2706ms
1601 http fetch GET 200 https://registry.npmjs.org/array-flatten/-/array-flatten-1.1.1.tgz 2283ms (cache miss)
1602 timing reifyNode:node_modules/array-flatten Completed in 2710ms
1603 timing reifyNode:node_modules/html-minifier-terser Completed in 2740ms
1604 http fetch GET 200 https://registry.npmjs.org/reusify/-/reusify-1.1.0.tgz 2435ms (cache miss)
1605 http fetch GET 200 https://registry.npmjs.org/@jest/console/-/console-27.5.1.tgz 2261ms (cache miss)
1606 http fetch GET 200 https://registry.npmjs.org/he/-/he-1.2.0.tgz 2361ms (cache miss)
1607 timing reifyNode:node_modules/he Completed in 2745ms
1608 timing reifyNode:node_modules/ast-types-flow Completed in 2719ms
1609 http fetch GET 200 https://registry.npmjs.org/flatted/-/flatted-3.3.3.tgz 2359ms (cache miss)
1610 http fetch GET 200 https://registry.npmjs.org/ansi-html-community/-/ansi-html-community-0.0.8.tgz 2284ms (cache miss)
1611 timing reifyNode:node_modules/ansi-html-community Completed in 2727ms
1612 http fetch GET 200 https://registry.npmjs.org/regenerate/-/regenerate-1.4.2.tgz 2433ms (cache miss)
1613 timing reifyNode:node_modules/regenerate Completed in 2789ms
1614 http fetch GET 200 https://registry.npmjs.org/safe-regex-test/-/safe-regex-test-1.1.0.tgz 2467ms (cache miss)
1615 timing reifyNode:node_modules/safe-regex-test Completed in 2800ms
1616 http fetch GET 200 https://registry.npmjs.org/array-buffer-byte-length/-/array-buffer-byte-length-1.0.2.tgz 2319ms (cache miss)
1617 http fetch GET 200 https://registry.npmjs.org/ansi-regex/-/ansi-regex-5.0.1.tgz 2319ms (cache miss)
1618 timing reifyNode:node_modules/ansi-regex Completed in 2752ms
1619 timing reifyNode:node_modules/cssnano Completed in 2763ms
1620 timing reifyNode:node_modules/param-case Completed in 2807ms
1621 http fetch GET 200 https://registry.npmjs.org/cssdb/-/cssdb-7.11.2.tgz 2365ms (cache miss)
1622 timing reifyNode:node_modules/cssdb Completed in 2770ms
1623 http fetch GET 200 https://registry.npmjs.org/arraybuffer.prototype.slice/-/arraybuffer.prototype.slice-1.0.4.tgz 2351ms (cache miss)
1624 http fetch GET 200 https://registry.npmjs.org/ansi-styles/-/ansi-styles-4.3.0.tgz 2336ms (cache miss)
1625 timing reifyNode:node_modules/ansi-styles Completed in 2767ms
1626 http fetch GET 200 https://registry.npmjs.org/ansi-html/-/ansi-html-0.0.9.tgz 2325ms (cache miss)
1627 timing reifyNode:node_modules/ansi-html Completed in 2768ms
1628 http fetch GET 200 https://registry.npmjs.org/wrap-ansi/-/wrap-ansi-7.0.0.tgz 2301ms (cache miss)
1629 timing reifyNode:node_modules/wrap-ansi-cjs Completed in 2859ms
1630 http fetch GET 200 https://registry.npmjs.org/ansi-escapes/-/ansi-escapes-4.3.2.tgz 2338ms (cache miss)
1631 timing reifyNode:node_modules/ansi-escapes Completed in 2782ms
1632 timing reifyNode:node_modules/reusify Completed in 2850ms
1633 http fetch GET 200 https://registry.npmjs.org/retry/-/retry-0.13.1.tgz 2511ms (cache miss)
1634 timing reifyNode:node_modules/retry Completed in 2851ms
1635 http fetch GET 200 https://registry.npmjs.org/has-proto/-/has-proto-1.2.0.tgz 2432ms (cache miss)
1636 http fetch GET 200 https://registry.npmjs.org/yallist/-/yallist-3.1.1.tgz 2335ms (cache miss)
1637 timing reifyNode:node_modules/yallist Completed in 2888ms
1638 http fetch GET 200 https://registry.npmjs.org/y18n/-/y18n-5.0.8.tgz 2335ms (cache miss)
1639 timing reifyNode:node_modules/flatted Completed in 2827ms
1640 http fetch GET 200 https://registry.npmjs.org/address/-/address-1.2.2.tgz 2355ms (cache miss)
1641 timing reifyNode:node_modules/address Completed in 2802ms
1642 http fetch GET 200 https://registry.npmjs.org/async-function/-/async-function-1.0.0.tgz 2399ms (cache miss)
1643 http fetch GET 200 https://registry.npmjs.org/package-json-from-dist/-/package-json-from-dist-1.0.1.tgz 2505ms (cache miss)
1644 timing reifyNode:node_modules/package-json-from-dist Completed in 2862ms
1645 http fetch GET 200 https://registry.npmjs.org/workbox-sw/-/workbox-sw-6.6.0.tgz 2337ms (cache miss)
1646 http fetch GET 200 https://registry.npmjs.org/keyv/-/keyv-4.5.4.tgz 2485ms (cache miss)
1647 timing reifyNode:node_modules/keyv Completed in 2855ms
1648 http fetch GET 200 https://registry.npmjs.org/css-declaration-sorter/-/css-declaration-sorter-6.4.1.tgz 2413ms (cache miss)
1649 http fetch GET 200 https://registry.npmjs.org/jest-each/-/jest-each-27.5.1.tgz 2480ms (cache miss)
1650 http fetch GET 200 https://registry.npmjs.org/agent-base/-/agent-base-6.0.2.tgz 2371ms (cache miss)
1651 http fetch GET 200 https://registry.npmjs.org/write-file-atomic/-/write-file-atomic-3.0.3.tgz 2350ms (cache miss)
1652 timing reifyNode:node_modules/write-file-atomic Completed in 2907ms
1653 timing reifyNode:node_modules/array-buffer-byte-length Completed in 2829ms
1654 http fetch GET 200 https://registry.npmjs.org/yocto-queue/-/yocto-queue-0.1.0.tgz 2368ms (cache miss)
1655 timing reifyNode:node_modules/yocto-queue Completed in 2921ms
1656 http fetch GET 200 https://registry.npmjs.org/array.prototype.tosorted/-/array.prototype.tosorted-1.1.4.tgz 2418ms (cache miss)
1657 http fetch GET 200 https://registry.npmjs.org/open/-/open-8.4.2.tgz 2522ms (cache miss)
1658 timing reifyNode:node_modules/open Completed in 2883ms
1659 http fetch GET 200 https://registry.npmjs.org/css-blank-pseudo/-/css-blank-pseudo-3.0.3.tgz 2433ms (cache miss)
1660 http fetch GET 200 https://registry.npmjs.org/wrap-ansi/-/wrap-ansi-7.0.0.tgz 2369ms (cache miss)
1661 timing reifyNode:node_modules/wrap-ansi Completed in 2926ms
1662 http fetch GET 200 https://registry.npmjs.org/array.prototype.flatmap/-/array.prototype.flatmap-1.3.3.tgz 2424ms (cache miss)
1663 http fetch GET 200 https://registry.npmjs.org/@istanbuljs/schema/-/schema-0.1.3.tgz 2397ms (cache miss)
1664 timing reifyNode:node_modules/@istanbuljs/schema Completed in 2833ms
1665 timing reifyNode:node_modules/arraybuffer.prototype.slice Completed in 2848ms
1666 http fetch GET 200 https://registry.npmjs.org/array.prototype.reduce/-/array.prototype.reduce-1.0.8.tgz 2436ms (cache miss)
1667 http fetch GET 200 https://registry.npmjs.org/word-wrap/-/word-wrap-1.2.5.tgz 2377ms (cache miss)
1668 timing reifyNode:node_modules/word-wrap Completed in 2950ms
1669 http fetch GET 200 https://registry.npmjs.org/xml-name-validator/-/xml-name-validator-3.0.0.tgz 2401ms (cache miss)
1670 timing reifyNode:node_modules/xml-name-validator Completed in 2957ms
1671 http fetch GET 200 https://registry.npmjs.org/@istanbuljs/load-nyc-config/-/load-nyc-config-1.1.0.tgz 2424ms (cache miss)
1672 timing reifyNode:node_modules/@istanbuljs/load-nyc-config Completed in 2862ms
1673 http fetch GET 200 https://registry.npmjs.org/array-includes/-/array-includes-3.1.8.tgz 2450ms (cache miss)
1674 http fetch GET 200 https://registry.npmjs.org/array.prototype.flat/-/array.prototype.flat-1.3.3.tgz 2452ms (cache miss)
1675 timing reifyNode:node_modules/has-proto Completed in 2911ms
1676 http fetch GET 200 https://registry.npmjs.org/which/-/which-2.0.2.tgz 2390ms (cache miss)
1677 timing reifyNode:node_modules/which Completed in 2968ms
1678 http fetch GET 200 https://registry.npmjs.org/css-minimizer-webpack-plugin/-/css-minimizer-webpack-plugin-3.4.1.tgz 2487ms (cache miss)
1679 http fetch GET 200 https://registry.npmjs.org/array.prototype.findlastindex/-/array.prototype.findlastindex-1.2.6.tgz 2462ms (cache miss)
1680 timing reifyNode:node_modules/async-function Completed in 2898ms
1681 http fetch GET 200 https://registry.npmjs.org/optionator/-/optionator-0.9.4.tgz 2586ms (cache miss)
1682 timing reifyNode:node_modules/optionator Completed in 2945ms
1683 timing reifyNode:node_modules/jest-each Completed in 2943ms
1684 timing reifyNode:node_modules/css-declaration-sorter Completed in 2917ms
1685 timing reifyNode:node_modules/agent-base Completed in 2907ms
1686 http fetch GET 200 https://registry.npmjs.org/asynckit/-/asynckit-0.4.0.tgz 2497ms (cache miss)
1687 http fetch GET 200 https://registry.npmjs.org/wrappy/-/wrappy-1.0.2.tgz 2444ms (cache miss)
1688 timing reifyNode:node_modules/wrappy Completed in 3003ms
1689 http fetch GET 200 https://registry.npmjs.org/relateurl/-/relateurl-0.2.7.tgz 2630ms (cache miss)
1690 http fetch GET 200 https://registry.npmjs.org/css-prefers-color-scheme/-/css-prefers-color-scheme-6.0.3.tgz 2524ms (cache miss)
1691 http fetch GET 200 https://registry.npmjs.org/webidl-conversions/-/webidl-conversions-6.1.0.tgz 2420ms (cache miss)
1692 timing reifyNode:node_modules/webidl-conversions Completed in 3004ms
1693 http fetch GET 200 https://registry.npmjs.org/reflect.getprototypeof/-/reflect.getprototypeof-1.0.10.tgz 2631ms (cache miss)
1694 timing reifyNode:node_modules/reflect.getprototypeof Completed in 2985ms
1695 http fetch GET 200 https://registry.npmjs.org/which-collection/-/which-collection-1.0.2.tgz 2436ms (cache miss)
1696 http fetch GET 200 https://registry.npmjs.org/which-typed-array/-/which-typed-array-1.1.19.tgz 2437ms (cache miss)
1697 timing reifyNode:node_modules/array.prototype.tosorted Completed in 2930ms
1698 timing reifyNode:node_modules/css-blank-pseudo Completed in 2940ms
1699 timing reifyNode:node_modules/array.prototype.flatmap Completed in 2939ms
1700 http fetch GET 200 https://registry.npmjs.org/whatwg-mimetype/-/whatwg-mimetype-2.3.0.tgz 2448ms (cache miss)
1701 timing reifyNode:node_modules/css-minimizer-webpack-plugin Completed in 2956ms
1702 timing reifyNode:node_modules/y18n Completed in 3034ms
1703 timing reifyNode:node_modules/array.prototype.reduce Completed in 2947ms
1704 http fetch GET 200 https://registry.npmjs.org/regjsparser/-/regjsparser-0.12.0.tgz 2658ms (cache miss)
1705 timing reifyNode:node_modules/regjsparser Completed in 3008ms
1706 timing reifyNode:node_modules/array-includes Completed in 2971ms
1707 timing reifyNode:node_modules/array.prototype.flat Completed in 2971ms
1708 http fetch GET 200 https://registry.npmjs.org/websocket-extensions/-/websocket-extensions-0.1.4.tgz 2476ms (cache miss)
1709 http fetch GET 200 https://registry.npmjs.org/whatwg-encoding/-/whatwg-encoding-1.0.5.tgz 2476ms (cache miss)
1710 timing reifyNode:node_modules/whatwg-encoding Completed in 3057ms
1711 http fetch GET 200 https://registry.npmjs.org/acorn-walk/-/acorn-walk-7.2.0.tgz 2530ms (cache miss)
1712 http fetch GET 200 https://registry.npmjs.org/has-tostringtag/-/has-tostringtag-1.0.2.tgz 2621ms (cache miss)
1713 timing reifyNode:node_modules/has-tostringtag Completed in 3006ms
1714 timing reifyNode:node_modules/whatwg-mimetype Completed in 3063ms
1715 timing reifyNode:node_modules/array.prototype.findlastindex Completed in 2981ms
1716 http fetch GET 200 https://registry.npmjs.org/which-boxed-primitive/-/which-boxed-primitive-1.1.1.tgz 2492ms (cache miss)
1717 http fetch GET 200 https://registry.npmjs.org/vary/-/vary-1.1.2.tgz 2475ms (cache miss)
1718 timing reifyNode:node_modules/vary Completed in 3068ms
1719 http fetch GET 200 https://registry.npmjs.org/array.prototype.findlast/-/array.prototype.findlast-1.2.5.tgz 2564ms (cache miss)
1720 timing reifyNode:node_modules/workbox-sw Completed in 3076ms
1721 http fetch GET 200 https://registry.npmjs.org/wbuf/-/wbuf-1.7.3.tgz 2486ms (cache miss)
1722 timing reifyNode:node_modules/wbuf Completed in 3070ms
1723 http fetch GET 200 https://registry.npmjs.org/whatwg-fetch/-/whatwg-fetch-3.6.20.tgz 2496ms (cache miss)
1724 timing reifyNode:node_modules/asynckit Completed in 2995ms
1725 timing reifyNode:node_modules/relateurl Completed in 3062ms
1726 http fetch GET 200 https://registry.npmjs.org/w3c-xmlserializer/-/w3c-xmlserializer-2.0.0.tgz 2492ms (cache miss)
1727 timing reifyNode:node_modules/w3c-xmlserializer Completed in 3083ms
1728 timing reifyNode:node_modules/css-prefers-color-scheme Completed in 3013ms
1729 http fetch GET 200 https://registry.npmjs.org/which-builtin-type/-/which-builtin-type-1.2.1.tgz 2512ms (cache miss)
1730 http fetch GET 200 https://registry.npmjs.org/w3c-hr-time/-/w3c-hr-time-1.0.2.tgz 2498ms (cache miss)
1731 http fetch GET 200 https://registry.npmjs.org/v8-to-istanbul/-/v8-to-istanbul-8.1.1.tgz 2510ms (cache miss)
1732 http fetch GET 200 https://registry.npmjs.org/@babel/helper-wrap-function/-/helper-wrap-function-7.27.1.tgz 2516ms (cache miss)
1733 timing reifyNode:node_modules/@babel/helper-wrap-function Completed in 3006ms
1734 timing reifyNode:node_modules/@jest/console Completed in 3018ms
1735 timing reifyNode:node_modules/acorn-walk Completed in 3030ms
1736 http fetch GET 200 https://registry.npmjs.org/escape-string-regexp/-/escape-string-regexp-2.0.0.tgz 2519ms (cache miss)
1737 timing reifyNode:node_modules/stack-utils/node_modules/escape-string-regexp Completed in 3105ms
1738 http fetch GET 200 https://registry.npmjs.org/ajv-formats/-/ajv-formats-2.1.1.tgz 2594ms (cache miss)
1739 http fetch GET 200 https://registry.npmjs.org/estraverse/-/estraverse-4.3.0.tgz 2525ms (cache miss)
1740 timing reifyNode:node_modules/whatwg-fetch Completed in 3127ms
1741 http fetch GET 200 https://registry.npmjs.org/walker/-/walker-1.0.8.tgz 2543ms (cache miss)
1742 timing reifyNode:node_modules/walker Completed in 3132ms
1743 http fetch GET 200 https://registry.npmjs.org/css-has-pseudo/-/css-has-pseudo-3.0.4.tgz 2655ms (cache miss)
1744 timing reifyNode:node_modules/css-has-pseudo Completed in 3066ms
1745 http fetch GET 200 https://registry.npmjs.org/unicode-canonical-property-names-ecmascript/-/unicode-canonical-property-names-ecmascript-2.0.1.tgz 2527ms (cache miss)
1746 timing reifyNode:node_modules/unicode-canonical-property-names-ecmascript Completed in 3138ms
1747 http fetch GET 200 https://registry.npmjs.org/unicode-match-property-ecmascript/-/unicode-match-property-ecmascript-2.0.0.tgz 2528ms (cache miss)
1748 timing reifyNode:node_modules/unicode-match-property-ecmascript Completed in 3139ms
1749 timing reifyNode:node_modules/array.prototype.findlast Completed in 3062ms
1750 http fetch GET 200 https://registry.npmjs.org/typedarray-to-buffer/-/typedarray-to-buffer-3.1.5.tgz 2534ms (cache miss)
1751 http fetch GET 200 https://registry.npmjs.org/unpipe/-/unpipe-1.0.0.tgz 2551ms (cache miss)
1752 timing reifyNode:node_modules/unpipe Completed in 3159ms
1753 http fetch GET 200 https://registry.npmjs.org/has-symbols/-/has-symbols-1.1.0.tgz 2722ms (cache miss)
1754 timing reifyNode:node_modules/has-symbols Completed in 3113ms
1755 http fetch GET 200 https://registry.npmjs.org/unquote/-/unquote-1.1.1.tgz 2559ms (cache miss)
1756 timing reifyNode:node_modules/unquote Completed in 3166ms
1757 timing reifyNode:node_modules/which-collection Completed in 3171ms
1758 timing reifyNode:node_modules/which-builtin-type Completed in 3171ms
1759 http fetch GET 200 https://registry.npmjs.org/utils-merge/-/utils-merge-1.0.1.tgz 2573ms (cache miss)
1760 timing reifyNode:node_modules/utils-merge Completed in 3172ms
1761 http fetch GET 200 https://registry.npmjs.org/typed-array-byte-length/-/typed-array-byte-length-1.0.3.tgz 2555ms (cache miss)
1762 http fetch GET 200 https://registry.npmjs.org/unicode-property-aliases-ecmascript/-/unicode-property-aliases-ecmascript-2.1.0.tgz 2562ms (cache miss)
1763 timing reifyNode:node_modules/unicode-property-aliases-ecmascript Completed in 3172ms
1764 timing reifyNode:node_modules/static-eval/node_modules/estraverse Completed in 3162ms
1765 timing reifyNode:node_modules/typedarray-to-buffer Completed in 3178ms
1766 http fetch GET 200 https://registry.npmjs.org/util-deprecate/-/util-deprecate-1.0.2.tgz 2582ms (cache miss)
1767 timing reifyNode:node_modules/util-deprecate Completed in 3182ms
1768 http fetch GET 200 https://registry.npmjs.org/htmlparser2/-/htmlparser2-6.1.0.tgz 2753ms (cache miss)
1769 http fetch GET 200 https://registry.npmjs.org/unicode-match-property-value-ecmascript/-/unicode-match-property-value-ecmascript-2.2.0.tgz 2572ms (cache miss)
1770 timing reifyNode:node_modules/unicode-match-property-value-ecmascript Completed in 3183ms
1771 http fetch GET 200 https://registry.npmjs.org/webpack-manifest-plugin/-/webpack-manifest-plugin-4.1.1.tgz 2605ms (cache miss)
1772 http fetch GET 200 https://registry.npmjs.org/hpack.js/-/hpack.js-2.1.6.tgz 2751ms (cache miss)
1773 timing reifyNode:node_modules/hpack.js Completed in 3134ms
1774 http fetch GET 200 https://registry.npmjs.org/type-is/-/type-is-1.6.18.tgz 2563ms (cache miss)
1775 timing reifyNode:node_modules/type-is Completed in 3184ms
1776 http fetch GET 200 https://registry.npmjs.org/url-parse/-/url-parse-1.5.10.tgz 2587ms (cache miss)
1777 http fetch GET 200 https://registry.npmjs.org/levn/-/levn-0.3.0.tgz 2593ms (cache miss)
1778 http fetch GET 200 https://registry.npmjs.org/escodegen/-/escodegen-1.14.3.tgz 2592ms (cache miss)
1779 timing reifyNode:node_modules/which-boxed-primitive Completed in 3193ms
1780 timing reifyNode:node_modules/ajv-formats Completed in 3110ms
1781 warn deprecated w3c-hr-time@1.0.2: Use your platform's native performance.now() and performance.timeOrigin.
1782 timing reifyNode:node_modules/w3c-hr-time Completed in 3192ms
1783 http fetch GET 200 https://registry.npmjs.org/unbox-primitive/-/unbox-primitive-1.1.0.tgz 2588ms (cache miss)
1784 http fetch GET 200 https://registry.npmjs.org/update-browserslist-db/-/update-browserslist-db-1.1.3.tgz 2597ms (cache miss)
1785 timing reifyNode:node_modules/update-browserslist-db Completed in 3203ms
1786 http fetch GET 200 https://registry.npmjs.org/util.promisify/-/util.promisify-1.0.1.tgz 2609ms (cache miss)
1787 http fetch GET 200 https://registry.npmjs.org/upath/-/upath-1.2.0.tgz 2609ms (cache miss)
1788 timing reifyNode:node_modules/upath Completed in 3216ms
1789 timing reifyNode:node_modules/static-eval/node_modules/levn Completed in 3213ms
1790 http fetch GET 200 https://registry.npmjs.org/utila/-/utila-0.4.0.tgz 2626ms (cache miss)
1791 http fetch GET 200 https://registry.npmjs.org/unique-string/-/unique-string-2.0.0.tgz 2616ms (cache miss)
1792 timing reifyNode:node_modules/unique-string Completed in 3224ms
1793 http fetch GET 200 https://registry.npmjs.org/universalify/-/universalify-2.0.1.tgz 2622ms (cache miss)
1794 timing reifyNode:node_modules/universalify Completed in 3230ms
1795 http fetch GET 200 https://registry.npmjs.org/watchpack/-/watchpack-2.4.2.tgz 2657ms (cache miss)
1796 http fetch GET 200 https://registry.npmjs.org/typed-array-buffer/-/typed-array-buffer-1.0.3.tgz 2620ms (cache miss)
1797 timing reifyNode:node_modules/webpack-manifest-plugin Completed in 3248ms
1798 http fetch GET 200 https://registry.npmjs.org/toidentifier/-/toidentifier-1.0.1.tgz 2598ms (cache miss)
1799 timing reifyNode:node_modules/toidentifier Completed in 3243ms
1800 timing reifyNode:node_modules/static-eval/node_modules/escodegen Completed in 3239ms
1801 timing reifyNode:node_modules/which-typed-array Completed in 3257ms
1802 http fetch GET 200 https://registry.npmjs.org/regexp.prototype.flags/-/regexp.prototype.flags-1.5.4.tgz 2882ms (cache miss)
1803 timing reifyNode:node_modules/regexp.prototype.flags Completed in 3234ms
1804 timing reifyNode:node_modules/htmlparser2 Completed in 3223ms
1805 timing reifyNode:node_modules/url-parse Completed in 3281ms
1806 http fetch GET 200 https://registry.npmjs.org/trim-repeated/-/trim-repeated-1.0.0.tgz 2636ms (cache miss)
1807 timing reifyNode:node_modules/trim-repeated Completed in 3279ms
1808 http fetch GET 200 https://registry.npmjs.org/terminal-link/-/terminal-link-2.1.1.tgz 2628ms (cache miss)
1809 timing reifyNode:node_modules/terminal-link Completed in 3279ms
1810 http fetch GET 200 https://registry.npmjs.org/typed-array-length/-/typed-array-length-1.0.7.tgz 2675ms (cache miss)
1811 http fetch GET 200 https://registry.npmjs.org/tempy/-/tempy-0.6.0.tgz 2635ms (cache miss)
1812 timing reifyNode:node_modules/tempy Completed in 3287ms
1813 http fetch GET 200 https://registry.npmjs.org/typed-array-byte-offset/-/typed-array-byte-offset-1.0.4.tgz 2680ms (cache miss)
1814 timing reifyNode:node_modules/util.promisify Completed in 3298ms
1815 http fetch GET 200 https://registry.npmjs.org/html-webpack-plugin/-/html-webpack-plugin-5.6.3.tgz 2867ms (cache miss)
1816 timing reifyNode:node_modules/html-webpack-plugin Completed in 3248ms
1817 http fetch GET 200 https://registry.npmjs.org/supports-hyperlinks/-/supports-hyperlinks-2.3.0.tgz 2636ms (cache miss)
1818 timing reifyNode:node_modules/supports-hyperlinks Completed in 3294ms
1819 http fetch GET 200 https://registry.npmjs.org/thenify/-/thenify-3.3.1.tgz 2651ms (cache miss)
1820 timing reifyNode:node_modules/thenify Completed in 3299ms
1821 http fetch GET 200 https://registry.npmjs.org/type-detect/-/type-detect-4.0.8.tgz 2683ms (cache miss)
1822 timing reifyNode:node_modules/type-detect Completed in 3307ms
1823 http fetch GET 200 https://registry.npmjs.org/throat/-/throat-6.0.2.tgz 2658ms (cache miss)
1824 timing reifyNode:node_modules/throat Completed in 3307ms
1825 timing reifyNode:node_modules/v8-to-istanbul Completed in 3323ms
1826 http fetch GET 200 https://registry.npmjs.org/http-proxy/-/http-proxy-1.18.1.tgz 2898ms (cache miss)
1827 http fetch GET 200 https://registry.npmjs.org/text-table/-/text-table-0.2.0.tgz 2672ms (cache miss)
1828 timing reifyNode:node_modules/watchpack Completed in 3326ms
1829 http fetch GET 200 https://registry.npmjs.org/temp-dir/-/temp-dir-2.0.0.tgz 2684ms (cache miss)
1830 timing reifyNode:node_modules/temp-dir Completed in 3336ms
1831 http fetch GET 200 https://registry.npmjs.org/type-check/-/type-check-0.4.0.tgz 2718ms (cache miss)
1832 timing reifyNode:node_modules/type-check Completed in 3340ms
1833 timing reifyNode:node_modules/typed-array-length Completed in 3346ms
1834 timing reifyNode:node_modules/typed-array-byte-length Completed in 3347ms
1835 http fetch GET 200 https://registry.npmjs.org/strip-bom/-/strip-bom-4.0.0.tgz 2680ms (cache miss)
1836 timing reifyNode:node_modules/strip-bom Completed in 3343ms
1837 http fetch GET 200 https://registry.npmjs.org/strip-ansi/-/strip-ansi-6.0.1.tgz 2679ms (cache miss)
1838 timing reifyNode:node_modules/strip-ansi-cjs Completed in 3343ms
1839 timing reifyNode:node_modules/typed-array-buffer Completed in 3355ms
1840 timing reifyNode:node_modules/websocket-extensions Completed in 3360ms
1841 http fetch GET 200 https://registry.npmjs.org/to-regex-range/-/to-regex-range-5.0.1.tgz 2710ms (cache miss)
1842 timing reifyNode:node_modules/to-regex-range Completed in 3356ms
1843 http fetch GET 200 https://registry.npmjs.org/thunky/-/thunky-1.1.0.tgz 2710ms (cache miss)
1844 timing reifyNode:node_modules/thunky Completed in 3356ms
1845 http fetch GET 200 https://registry.npmjs.org/tmpl/-/tmpl-1.0.5.tgz 2710ms (cache miss)
1846 timing reifyNode:node_modules/tmpl Completed in 3356ms
1847 http fetch GET 200 https://registry.npmjs.org/regexpu-core/-/regexpu-core-6.2.0.tgz 2991ms (cache miss)
1848 timing reifyNode:node_modules/regexpu-core Completed in 3342ms
1849 http fetch GET 200 https://registry.npmjs.org/supports-preserve-symlinks-flag/-/supports-preserve-symlinks-flag-1.0.0.tgz 2696ms (cache miss)
1850 http fetch GET 200 https://registry.npmjs.org/thenify-all/-/thenify-all-1.6.0.tgz 2717ms (cache miss)
1851 timing reifyNode:node_modules/thenify-all Completed in 3364ms
1852 http fetch GET 200 https://registry.npmjs.org/supports-color/-/supports-color-7.2.0.tgz 2704ms (cache miss)
1853 timing reifyNode:node_modules/supports-color Completed in 3363ms
1854 http fetch GET 200 https://registry.npmjs.org/css-what/-/css-what-6.1.0.tgz 2899ms (cache miss)
1855 http fetch GET 200 https://registry.npmjs.org/strip-outer/-/strip-outer-1.0.1.tgz 2710ms (cache miss)
1856 timing reifyNode:node_modules/strip-outer Completed in 3370ms
1857 http fetch GET 200 https://registry.npmjs.org/stylehacks/-/stylehacks-5.1.1.tgz 2712ms (cache miss)
1858 http fetch GET 200 https://registry.npmjs.org/jest-circus/-/jest-circus-27.5.1.tgz 2967ms (cache miss)
1859 http fetch GET 200 https://registry.npmjs.org/jest-diff/-/jest-diff-27.5.1.tgz 2969ms (cache miss)
1860 timing reifyNode:node_modules/http-proxy Completed in 3336ms
1861 http fetch GET 200 https://registry.npmjs.org/test-exclude/-/test-exclude-6.0.0.tgz 2733ms (cache miss)
1862 timing reifyNode:node_modules/test-exclude Completed in 3382ms
1863 http fetch GET 200 https://registry.npmjs.org/string.prototype.repeat/-/string.prototype.repeat-1.0.0.tgz 2706ms (cache miss)
1864 http fetch GET 200 https://registry.npmjs.org/strip-indent/-/strip-indent-3.0.0.tgz 2732ms (cache miss)
1865 timing reifyNode:node_modules/strip-indent Completed in 3394ms
1866 http fetch GET 200 https://registry.npmjs.org/css-loader/-/css-loader-6.11.0.tgz 2923ms (cache miss)
1867 timing reifyNode:node_modules/css-loader Completed in 3334ms
1868 http fetch GET 200 https://registry.npmjs.org/string.prototype.trim/-/string.prototype.trim-1.2.10.tgz 2724ms (cache miss)
1869 http fetch GET 200 https://registry.npmjs.org/strip-json-comments/-/strip-json-comments-3.1.1.tgz 2739ms (cache miss)
1870 timing reifyNode:node_modules/strip-json-comments Completed in 3400ms
1871 http fetch GET 200 https://registry.npmjs.org/strip-final-newline/-/strip-final-newline-2.0.0.tgz 2739ms (cache miss)
1872 timing reifyNode:node_modules/strip-final-newline Completed in 3401ms
1873 http fetch GET 200 https://registry.npmjs.org/symbol-tree/-/symbol-tree-3.2.4.tgz 2752ms (cache miss)
1874 http fetch GET 200 https://registry.npmjs.org/string-length/-/string-length-4.0.2.tgz 2726ms (cache miss)
1875 timing reifyNode:node_modules/string-length Completed in 3402ms
1876 http fetch GET 200 https://registry.npmjs.org/string.prototype.matchall/-/string.prototype.matchall-4.0.12.tgz 2730ms (cache miss)
1877 timing reifyNode:node_modules/unbox-primitive Completed in 3414ms
1878 timing reifyNode:node_modules/typed-array-byte-offset Completed in 3422ms
1879 http fetch GET 200 https://registry.npmjs.org/statuses/-/statuses-2.0.1.tgz 2738ms (cache miss)
1880 timing reifyNode:node_modules/statuses Completed in 3415ms
1881 http fetch GET 200 https://registry.npmjs.org/svg-parser/-/svg-parser-2.0.4.tgz 2762ms (cache miss)
1882 http fetch GET 200 https://registry.npmjs.org/strip-ansi/-/strip-ansi-6.0.1.tgz 2750ms (cache miss)
1883 timing reifyNode:node_modules/strip-ansi Completed in 3418ms
1884 http fetch GET 200 https://registry.npmjs.org/static-eval/-/static-eval-2.0.2.tgz 2743ms (cache miss)
1885 http fetch GET 200 https://registry.npmjs.org/string.prototype.trimstart/-/string.prototype.trimstart-1.0.8.tgz 2753ms (cache miss)
1886 http fetch GET 200 https://registry.npmjs.org/string.prototype.trimend/-/string.prototype.trimend-1.0.9.tgz 2753ms (cache miss)
1887 http fetch GET 200 https://registry.npmjs.org/stringify-object/-/stringify-object-3.3.0.tgz 2760ms (cache miss)
1888 timing reifyNode:node_modules/stringify-object Completed in 3429ms
1889 timing reifyNode:node_modules/css-what Completed in 3373ms
1890 timing reifyNode:node_modules/symbol-tree Completed in 3437ms
1891 http fetch GET 200 https://registry.npmjs.org/stack-utils/-/stack-utils-2.0.6.tgz 2760ms (cache miss)
1892 timing reifyNode:node_modules/stack-utils Completed in 3437ms
1893 timing reifyNode:node_modules/supports-preserve-symlinks-flag Completed in 3453ms
1894 http fetch GET 200 https://registry.npmjs.org/sprintf-js/-/sprintf-js-1.0.3.tgz 2772ms (cache miss)
1895 http fetch GET 200 https://registry.npmjs.org/string-width/-/string-width-4.2.3.tgz 2780ms (cache miss)
1896 timing reifyNode:node_modules/string-width Completed in 3455ms
1897 timing reifyNode:node_modules/utila Completed in 3465ms
1898 http fetch GET 200 https://registry.npmjs.org/cssom/-/cssom-0.4.4.tgz 2998ms (cache miss)
1899 timing reifyNode:node_modules/cssom Completed in 3400ms
1900 http fetch GET 200 https://registry.npmjs.org/string.prototype.includes/-/string.prototype.includes-2.0.1.tgz 2792ms (cache miss)
1901 timing reifyNode:node_modules/jest-circus Completed in 3433ms
1902 http fetch GET 200 https://registry.npmjs.org/strip-comments/-/strip-comments-2.0.1.tgz 2806ms (cache miss)
1903 timing reifyNode:node_modules/jest-diff Completed in 3441ms
1904 http fetch GET 200 https://registry.npmjs.org/string_decoder/-/string_decoder-1.3.0.tgz 2801ms (cache miss)
1905 timing reifyNode:node_modules/string_decoder Completed in 3477ms
1906 timing reifyNode:node_modules/svg-parser Completed in 3480ms
1907 http fetch GET 200 https://registry.npmjs.org/any-promise/-/any-promise-1.3.0.tgz 2982ms (cache miss)
1908 http fetch GET 200 https://registry.npmjs.org/yargs-parser/-/yargs-parser-20.2.9.tgz 2949ms (cache miss)
1909 timing reifyNode:node_modules/yargs-parser Completed in 3503ms
1910 http fetch GET 200 https://registry.npmjs.org/whatwg-url/-/whatwg-url-8.7.0.tgz 2928ms (cache miss)
1911 http fetch GET 200 https://registry.npmjs.org/xmlchars/-/xmlchars-2.2.0.tgz 2960ms (cache miss)
1912 http fetch GET 200 https://registry.npmjs.org/stackframe/-/stackframe-1.3.4.tgz 2827ms (cache miss)
1913 timing reifyNode:node_modules/stackframe Completed in 3504ms
1914 http fetch GET 200 https://registry.npmjs.org/ts-interface-checker/-/ts-interface-checker-0.1.13.tgz 2871ms (cache miss)
1915 http fetch GET 200 https://registry.npmjs.org/terser-webpack-plugin/-/terser-webpack-plugin-5.3.14.tgz 2868ms (cache miss)
1916 http fetch GET 200 https://registry.npmjs.org/source-list-map/-/source-list-map-2.0.1.tgz 2835ms (cache miss)
1917 timing reifyNode:node_modules/strip-comments Completed in 3531ms
1918 http fetch GET 200 https://registry.npmjs.org/string-natural-compare/-/string-natural-compare-3.0.1.tgz 2862ms (cache miss)
1919 timing reifyNode:node_modules/string-natural-compare Completed in 3536ms
1920 http fetch GET 200 https://registry.npmjs.org/slash/-/slash-3.0.0.tgz 2841ms (cache miss)
1921 timing reifyNode:node_modules/slash Completed in 3535ms
1922 http fetch GET 200 https://registry.npmjs.org/tryer/-/tryer-1.0.1.tgz 2903ms (cache miss)
1923 timing reifyNode:node_modules/any-promise Completed in 3470ms
1924 http fetch GET 200 https://registry.npmjs.org/signal-exit/-/signal-exit-3.0.7.tgz 2840ms (cache miss)
1925 timing reifyNode:node_modules/signal-exit Completed in 3539ms
1926 http fetch GET 200 https://registry.npmjs.org/side-channel-weakmap/-/side-channel-weakmap-1.0.2.tgz 2839ms (cache miss)
1927 http fetch GET 200 https://registry.npmjs.org/string-width/-/string-width-4.2.3.tgz 2879ms (cache miss)
1928 timing reifyNode:node_modules/string-width-cjs Completed in 3552ms
1929 http fetch GET 200 https://registry.npmjs.org/jest-cli/-/jest-cli-27.5.1.tgz 3143ms (cache miss)
1930 timing reifyNode:node_modules/jest-cli Completed in 3519ms
1931 http fetch GET 200 https://registry.npmjs.org/sourcemap-codec/-/sourcemap-codec-1.4.8.tgz 2865ms (cache miss)
1932 http fetch GET 200 https://registry.npmjs.org/shebang-regex/-/shebang-regex-3.0.0.tgz 2853ms (cache miss)
1933 timing reifyNode:node_modules/shebang-regex Completed in 3555ms
1934 http fetch GET 200 https://registry.npmjs.org/shell-quote/-/shell-quote-1.8.2.tgz 2852ms (cache miss)
1935 http fetch GET 200 https://registry.npmjs.org/side-channel/-/side-channel-1.1.0.tgz 2852ms (cache miss)
1936 timing reifyNode:node_modules/ts-interface-checker Completed in 3577ms
1937 http fetch GET 200 https://registry.npmjs.org/tr46/-/tr46-2.1.0.tgz 2934ms (cache miss)
1938 timing reifyNode:node_modules/static-eval Completed in 3571ms
1939 http fetch GET 200 https://registry.npmjs.org/stable/-/stable-0.1.8.tgz 2894ms (cache miss)
1940 warn deprecated stable@0.1.8: Modern JS already guarantees Array#sort() is a stable sort, so this library is deprecated. See the compatibility table on MDN: https://developer.mozilla.org/en-US/docs/Web/JavaScript/Reference/Global_Objects/Array/sort#browser_compatibility
1941 timing reifyNode:node_modules/stable Completed in 3572ms
1942 timing reifyNode:node_modules/whatwg-url Completed in 3596ms
1943 http fetch GET 200 https://registry.npmjs.org/semver/-/semver-6.3.1.tgz 2904ms (cache miss)
1944 timing reifyNode:node_modules/xmlchars Completed in 3604ms
1945 http fetch GET 200 https://registry.npmjs.org/set-proto/-/set-proto-1.0.0.tgz 2879ms (cache miss)
1946 http fetch GET 200 https://registry.npmjs.org/semver/-/semver-6.3.1.tgz 2903ms (cache miss)
1947 http fetch GET 200 https://registry.npmjs.org/workbox-cacheable-response/-/workbox-cacheable-response-6.6.0.tgz 3038ms (cache miss)
1948 timing reifyNode:node_modules/text-table Completed in 3604ms
1949 http fetch GET 200 https://registry.npmjs.org/selfsigned/-/selfsigned-2.4.1.tgz 2889ms (cache miss)
1950 http fetch GET 200 https://registry.npmjs.org/debug/-/debug-3.2.7.tgz 2917ms (cache miss)
1951 timing reifyNode:node_modules/terser-webpack-plugin Completed in 3613ms
1952 http fetch GET 200 https://registry.npmjs.org/sisteransi/-/sisteransi-1.0.5.tgz 2913ms (cache miss)
1953 timing reifyNode:node_modules/sisteransi Completed in 3613ms
1954 timing reifyNode:node_modules/eslint-plugin-import/node_modules/semver Completed in 3574ms
1955 http fetch GET 200 https://registry.npmjs.org/serve-static/-/serve-static-1.16.2.tgz 2921ms (cache miss)
1956 timing reifyNode:node_modules/serve-static Completed in 3629ms
1957 http fetch GET 200 https://registry.npmjs.org/scheduler/-/scheduler-0.26.0.tgz 2913ms (cache miss)
1958 timing reifyNode:node_modules/tryer Completed in 3644ms
1959 http fetch GET 200 https://registry.npmjs.org/setprototypeof/-/setprototypeof-1.2.0.tgz 2930ms (cache miss)
1960 timing reifyNode:node_modules/setprototypeof Completed in 3634ms
1961 http fetch GET 200 https://registry.npmjs.org/tough-cookie/-/tough-cookie-4.1.4.tgz 3000ms (cache miss)
1962 http fetch GET 200 https://registry.npmjs.org/workbox-navigation-preload/-/workbox-navigation-preload-6.6.0.tgz 3093ms (cache miss)
1963 http fetch GET 200 https://registry.npmjs.org/foreground-child/-/foreground-child-3.3.1.tgz 3209ms (cache miss)
1964 http fetch GET 200 https://registry.npmjs.org/sanitize.css/-/sanitize.css-13.0.0.tgz 2925ms (cache miss)
1965 http fetch GET 200 https://registry.npmjs.org/tslib/-/tslib-2.8.1.tgz 3030ms (cache miss)
1966 timing reifyNode:node_modules/eslint-plugin-react/node_modules/semver Completed in 3599ms
1967 http fetch GET 200 https://registry.npmjs.org/source-map-loader/-/source-map-loader-3.0.2.tgz 2957ms (cache miss)
1968 http fetch GET 200 https://registry.npmjs.org/set-function-name/-/set-function-name-2.0.2.tgz 2943ms (cache miss)
1969 http fetch GET 200 https://registry.npmjs.org/set-function-length/-/set-function-length-1.2.2.tgz 2949ms (cache miss)
1970 timing reifyNode:node_modules/tr46 Completed in 3667ms
1971 http fetch GET 200 https://registry.npmjs.org/adjust-sourcemap-loader/-/adjust-sourcemap-loader-4.0.0.tgz 3155ms (cache miss)
1972 http fetch GET 200 https://registry.npmjs.org/react-app-polyfill/-/react-app-polyfill-3.0.0.tgz 2947ms (cache miss)
1973 timing reifyNode:node_modules/react-app-polyfill Completed in 3663ms
1974 http fetch GET 200 https://registry.npmjs.org/debug/-/debug-3.2.7.tgz 2984ms (cache miss)
1975 timing reifyNode:node_modules/string.prototype.trimstart Completed in 3678ms
1976 http fetch GET 200 https://registry.npmjs.org/serialize-javascript/-/serialize-javascript-6.0.2.tgz 2965ms (cache miss)
1977 timing reifyNode:node_modules/serialize-javascript Completed in 3673ms
1978 http fetch GET 200 https://registry.npmjs.org/ajv-keywords/-/ajv-keywords-3.5.2.tgz 3165ms (cache miss)
1979 http fetch GET 200 https://registry.npmjs.org/randombytes/-/randombytes-2.1.0.tgz 2950ms (cache miss)
1980 http fetch GET 200 https://registry.npmjs.org/source-map-support/-/source-map-support-0.5.21.tgz 2988ms (cache miss)
1981 warn deprecated workbox-cacheable-response@6.6.0: workbox-background-sync@6.6.0
1982 timing reifyNode:node_modules/workbox-cacheable-response Completed in 3708ms
1983 http fetch GET 200 https://registry.npmjs.org/shebang-command/-/shebang-command-2.0.0.tgz 2988ms (cache miss)
1984 timing reifyNode:node_modules/shebang-command Completed in 3690ms
1985 timing reifyNode:node_modules/string.prototype.repeat Completed in 3696ms
1986 http fetch GET 200 https://registry.npmjs.org/querystringify/-/querystringify-2.2.0.tgz 2962ms (cache miss)
1987 timing reifyNode:node_modules/querystringify Completed in 3686ms
1988 timing reifyNode:node_modules/tough-cookie Completed in 3705ms
1989 timing reifyNode:node_modules/selfsigned Completed in 3693ms
1990 timing reifyNode:node_modules/eslint-plugin-import/node_modules/debug Completed in 3652ms
1991 timing reifyNode:node_modules/eslint-module-utils/node_modules/debug Completed in 3652ms
1992 timing reifyNode:node_modules/workbox-navigation-preload Completed in 3720ms
1993 http fetch GET 200 https://registry.npmjs.org/workbox-google-analytics/-/workbox-google-analytics-6.6.0.tgz 3152ms (cache miss)
1994 http fetch GET 200 https://registry.npmjs.org/sax/-/sax-1.2.4.tgz 2984ms (cache miss)
1995 timing reifyNode:node_modules/sax Completed in 3699ms
1996 timing reifyNode:node_modules/randombytes Completed in 3699ms
1997 http fetch GET 200 https://registry.npmjs.org/side-channel-map/-/side-channel-map-1.0.1.tgz 3015ms (cache miss)
1998 http fetch GET 200 https://registry.npmjs.org/react-is/-/react-is-17.0.2.tgz 2996ms (cache miss)
1999 http fetch GET 200 https://registry.npmjs.org/proxy-addr/-/proxy-addr-2.0.7.tgz 2988ms (cache miss)
2000 timing reifyNode:node_modules/proxy-addr Completed in 3717ms
2001 http fetch GET 200 https://registry.npmjs.org/select-hose/-/select-hose-2.0.0.tgz 3021ms (cache miss)
2002 http fetch GET 200 https://registry.npmjs.org/queue-microtask/-/queue-microtask-1.2.3.tgz 3004ms (cache miss)
2003 timing reifyNode:node_modules/queue-microtask Completed in 3728ms
2004 timing reifyNode:node_modules/foreground-child Completed in 3694ms
2005 timing reifyNode:node_modules/string.prototype.trimend Completed in 3740ms
2006 http fetch GET 200 https://registry.npmjs.org/tapable/-/tapable-2.2.1.tgz 3093ms (cache miss)
2007 http fetch GET 200 https://registry.npmjs.org/send/-/send-0.19.0.tgz 3029ms (cache miss)
2008 timing reifyNode:node_modules/tslib Completed in 3748ms
2009 timing reifyNode:node_modules/source-map-loader Completed in 3740ms
2010 timing reifyNode:node_modules/source-map-support Completed in 3741ms
2011 timing reifyNode:node_modules/set-function-name Completed in 3742ms
2012 warn deprecated sourcemap-codec@1.4.8: Please use @jridgewell/sourcemap-codec instead
2013 timing reifyNode:node_modules/sourcemap-codec Completed in 3748ms
2014 http fetch GET 200 https://registry.npmjs.org/ws/-/ws-7.5.10.tgz 3215ms (cache miss)
2015 timing reifyNode:node_modules/ws Completed in 3772ms
2016 http fetch GET 200 https://registry.npmjs.org/resolve-url-loader/-/resolve-url-loader-4.0.0.tgz 3411ms (cache miss)
2017 timing reifyNode:node_modules/resolve-url-loader Completed in 3752ms
2018 http fetch GET 200 https://registry.npmjs.org/websocket-driver/-/websocket-driver-0.7.4.tgz 3191ms (cache miss)
2019 timing reifyNode:node_modules/adjust-sourcemap-loader Completed in 3690ms
2020 http fetch GET 200 https://registry.npmjs.org/raw-body/-/raw-body-2.5.2.tgz 3034ms (cache miss)
2021 timing reifyNode:node_modules/raw-body Completed in 3751ms
2022 timing reifyNode:node_modules/side-channel-weakmap Completed in 3769ms
2023 http fetch GET 200 https://registry.npmjs.org/postcss-selector-not/-/postcss-selector-not-6.0.1.tgz 3021ms (cache miss)
2024 http fetch GET 200 https://registry.npmjs.org/postcss-replace-overflow-wrap/-/postcss-replace-overflow-wrap-4.0.0.tgz 3018ms (cache miss)
2025 timing reifyNode:node_modules/postcss-replace-overflow-wrap Completed in 3761ms
2026 timing reifyNode:node_modules/sanitize.css Completed in 3768ms
2027 timing reifyNode:node_modules/ajv-keywords Completed in 3705ms
2028 http fetch GET 200 https://registry.npmjs.org/side-channel-list/-/side-channel-list-1.0.0.tgz 3081ms (cache miss)
2029 http fetch GET 200 https://registry.npmjs.org/react-refresh/-/react-refresh-0.11.0.tgz 3066ms (cache miss)
2030 http fetch GET 200 https://registry.npmjs.org/webpack-sources/-/webpack-sources-3.2.3.tgz 3222ms (cache miss)
2031 http fetch GET 200 https://registry.npmjs.org/punycode/-/punycode-2.3.1.tgz 3053ms (cache miss)
2032 timing reifyNode:node_modules/punycode Completed in 3780ms
2033 http fetch GET 200 https://registry.npmjs.org/raf/-/raf-3.4.1.tgz 3062ms (cache miss)
2034 timing reifyNode:node_modules/raf Completed in 3785ms
2035 http fetch GET 200 https://registry.npmjs.org/doctrine/-/doctrine-2.1.0.tgz 3111ms (cache miss)
2036 http fetch GET 200 https://registry.npmjs.org/doctrine/-/doctrine-2.1.0.tgz 3110ms (cache miss)
2037 http fetch GET 200 https://registry.npmjs.org/postcss-overflow-shorthand/-/postcss-overflow-shorthand-3.0.4.tgz 3021ms (cache miss)
2038 timing reifyNode:node_modules/select-hose Completed in 3794ms
2039 http fetch GET 200 https://registry.npmjs.org/pretty-bytes/-/pretty-bytes-5.6.0.tgz 3057ms (cache miss)
2040 timing reifyNode:node_modules/pretty-bytes Completed in 3789ms
2041 warn deprecated workbox-google-analytics@6.6.0: It is not compatible with newer versions of GA starting with v4, as long as you are using GAv3 it should be ok, but the package is not longer being maintained
2042 timing reifyNode:node_modules/workbox-google-analytics Completed in 3821ms
2043 timing reifyNode:node_modules/send Completed in 3802ms
2044 timing reifyNode:node_modules/postcss-selector-not Completed in 3794ms
2045 http fetch GET 200 https://registry.npmjs.org/range-parser/-/range-parser-1.2.1.tgz 3079ms (cache miss)
2046 timing reifyNode:node_modules/range-parser Completed in 3797ms
2047 timing reifyNode:node_modules/source-list-map Completed in 3826ms
2048 http fetch GET 200 https://registry.npmjs.org/postcss-normalize-whitespace/-/postcss-normalize-whitespace-5.1.1.tgz 3048ms (cache miss)
2049 timing reifyNode:node_modules/postcss-normalize-whitespace Completed in 3815ms
2050 http fetch GET 200 https://registry.npmjs.org/postcss-ordered-values/-/postcss-ordered-values-5.1.3.tgz 3050ms (cache miss)
2051 http fetch GET 200 https://registry.npmjs.org/postcss-normalize-url/-/postcss-normalize-url-5.1.0.tgz 3047ms (cache miss)
2052 timing reifyNode:node_modules/postcss-normalize-url Completed in 3816ms
2053 http fetch GET 200 https://registry.npmjs.org/postcss-opacity-percentage/-/postcss-opacity-percentage-1.1.3.tgz 3050ms (cache miss)
2054 timing reifyNode:node_modules/postcss-opacity-percentage Completed in 3816ms
2055 http fetch GET 200 https://registry.npmjs.org/jackspeak/-/jackspeak-3.4.3.tgz 3418ms (cache miss)
2056 http fetch GET 200 https://registry.npmjs.org/webpack-dev-middleware/-/webpack-dev-middleware-5.3.4.tgz 3269ms (cache miss)
2057 timing reifyNode:node_modules/websocket-driver Completed in 3852ms
2058 http fetch GET 200 https://registry.npmjs.org/postcss-svgo/-/postcss-svgo-5.1.0.tgz 3099ms (cache miss)
2059 http fetch GET 200 https://registry.npmjs.org/postcss-normalize-repeat-style/-/postcss-normalize-repeat-style-5.1.1.tgz 3065ms (cache miss)
2060 http fetch GET 200 https://registry.npmjs.org/postcss-normalize-string/-/postcss-normalize-string-5.1.0.tgz 3066ms (cache miss)
2061 timing reifyNode:node_modules/postcss-normalize-string Completed in 3836ms
2062 http fetch GET 200 https://registry.npmjs.org/postcss-normalize-display-values/-/postcss-normalize-display-values-5.1.0.tgz 3063ms (cache miss)
2063 timing reifyNode:node_modules/string.prototype.trim Completed in 3851ms
2064 timing reifyNode:node_modules/tapable Completed in 3855ms
2065 http fetch GET 200 https://registry.npmjs.org/readable-stream/-/readable-stream-3.6.2.tgz 3489ms (cache miss)
2066 timing reifyNode:node_modules/readable-stream Completed in 3847ms
2067 http fetch GET 200 https://registry.npmjs.org/postcss-reduce-initial/-/postcss-reduce-initial-5.1.2.tgz 3098ms (cache miss)
2068 http fetch GET 200 https://registry.npmjs.org/postcss-value-parser/-/postcss-value-parser-4.2.0.tgz 3125ms (cache miss)
2069 http fetch GET 200 https://registry.npmjs.org/prelude-ls/-/prelude-ls-1.2.1.tgz 3126ms (cache miss)
2070 timing reifyNode:node_modules/react-is Completed in 3861ms
2071 timing reifyNode:node_modules/webpack-sources Completed in 3884ms
2072 timing reifyNode:node_modules/side-channel Completed in 3871ms
2073 timing reifyNode:node_modules/set-function-length Completed in 3871ms
2074 http fetch GET 200 https://registry.npmjs.org/postcss-pseudo-class-any-link/-/postcss-pseudo-class-any-link-7.1.6.tgz 3111ms (cache miss)
2075 http fetch GET 200 https://registry.npmjs.org/postcss-place/-/postcss-place-7.0.5.tgz 3108ms (cache miss)
2076 timing reifyNode:node_modules/postcss-place Completed in 3862ms
2077 timing reifyNode:node_modules/postcss-pseudo-class-any-link Completed in 3862ms
2078 http fetch GET 200 https://registry.npmjs.org/postcss-unique-selectors/-/postcss-unique-selectors-5.1.1.tgz 3134ms (cache miss)
2079 timing reifyNode:node_modules/postcss-unique-selectors Completed in 3869ms
2080 http fetch GET 200 https://registry.npmjs.org/process-nextick-args/-/process-nextick-args-2.0.1.tgz 3139ms (cache miss)
2081 timing reifyNode:node_modules/process-nextick-args Completed in 3870ms
2082 timing reifyNode:node_modules/postcss-overflow-shorthand Completed in 3878ms
2083 http fetch GET 200 https://registry.npmjs.org/postcss-nested/-/postcss-nested-6.2.0.tgz 3105ms (cache miss)
2084 timing reifyNode:node_modules/postcss-nested Completed in 3880ms
2085 http fetch GET 200 https://registry.npmjs.org/postcss-modules-values/-/postcss-modules-values-4.0.0.tgz 3105ms (cache miss)
2086 timing reifyNode:node_modules/postcss-modules-values Completed in 3879ms
2087 http fetch GET 200 https://registry.npmjs.org/postcss-page-break/-/postcss-page-break-3.0.4.tgz 3125ms (cache miss)
2088 timing reifyNode:node_modules/postcss-page-break Completed in 3885ms
2089 http fetch GET 200 https://registry.npmjs.org/sass-loader/-/sass-loader-12.6.0.tgz 3177ms (cache miss)
2090 http fetch GET 200 https://registry.npmjs.org/postcss-modules-scope/-/postcss-modules-scope-3.2.1.tgz 3110ms (cache miss)
2091 http fetch GET 200 https://registry.npmjs.org/postcss-modules-extract-imports/-/postcss-modules-extract-imports-3.1.0.tgz 3108ms (cache miss)
2092 timing reifyNode:node_modules/postcss-modules-extract-imports Completed in 3885ms
2093 timing reifyNode:node_modules/side-channel-list Completed in 3912ms
2094 timing reifyNode:node_modules/side-channel-map Completed in 3915ms
2095 timing reifyNode:node_modules/string.prototype.matchall Completed in 3919ms
2096 timing reifyNode:node_modules/postcss-reduce-initial Completed in 3908ms
2097 http fetch GET 200 https://registry.npmjs.org/postcss-minify-selectors/-/postcss-minify-selectors-5.2.1.tgz 3131ms (cache miss)
2098 http fetch GET 200 https://registry.npmjs.org/postcss-minify-params/-/postcss-minify-params-5.1.4.tgz 3130ms (cache miss)
2099 timing reifyNode:node_modules/postcss-minify-params Completed in 3909ms
2100 http fetch GET 200 https://registry.npmjs.org/postcss-minify-gradients/-/postcss-minify-gradients-5.1.1.tgz 3132ms (cache miss)
2101 timing reifyNode:node_modules/react-refresh Completed in 3918ms
2102 timing reifyNode:node_modules/postcss-value-parser Completed in 3916ms
2103 http fetch GET 200 https://registry.npmjs.org/postcss-normalize/-/postcss-normalize-10.0.1.tgz 3186ms (cache miss)
2104 timing reifyNode:node_modules/eslint-plugin-react/node_modules/doctrine Completed in 3923ms
2105 timing reifyNode:node_modules/eslint-plugin-import/node_modules/doctrine Completed in 3923ms
2106 http fetch GET 200 https://registry.npmjs.org/postcss-normalize-unicode/-/postcss-normalize-unicode-5.1.1.tgz 3192ms (cache miss)
2107 timing reifyNode:node_modules/postcss-normalize-unicode Completed in 3961ms
2108 http fetch GET 200 https://registry.npmjs.org/postcss-modules-local-by-default/-/postcss-modules-local-by-default-4.2.0.tgz 3189ms (cache miss)
2109 timing reifyNode:node_modules/postcss-modules-local-by-default Completed in 3965ms
2110 http fetch GET 200 https://registry.npmjs.org/postcss-normalize-positions/-/postcss-normalize-positions-5.1.1.tgz 3196ms (cache miss)
2111 timing reifyNode:node_modules/postcss-normalize-positions Completed in 3967ms
2112 timing reifyNode:node_modules/postcss-modules-scope Completed in 3978ms
2113 http fetch GET 200 https://registry.npmjs.org/postcss-reduce-transforms/-/postcss-reduce-transforms-5.1.0.tgz 3240ms (cache miss)
2114 timing reifyNode:node_modules/postcss-reduce-transforms Completed in 3987ms
2115 http fetch GET 200 https://registry.npmjs.org/jest-config/-/jest-config-27.5.1.tgz 3593ms (cache miss)
2116 http fetch GET 200 https://registry.npmjs.org/postcss-load-config/-/postcss-load-config-4.0.2.tgz 3205ms (cache miss)
2117 http fetch GET 200 https://registry.npmjs.org/postcss-js/-/postcss-js-4.0.1.tgz 3204ms (cache miss)
2118 http fetch GET 200 https://registry.npmjs.org/argparse/-/argparse-1.0.10.tgz 3506ms (cache miss)
2119 timing reifyNode:node_modules/argparse Completed in 3936ms
2120 timing reifyNode:node_modules/jackspeak Completed in 3971ms
2121 timing reifyNode:node_modules/webpack-dev-middleware Completed in 4027ms
2122 http fetch GET 200 https://registry.npmjs.org/postcss-nesting/-/postcss-nesting-10.2.0.tgz 3221ms (cache miss)
2123 http fetch GET 200 https://registry.npmjs.org/postcss-font-variant/-/postcss-font-variant-5.0.0.tgz 3226ms (cache miss)
2124 timing reifyNode:node_modules/postcss-font-variant Completed in 4021ms
2125 http fetch GET 200 https://registry.npmjs.org/postcss-flexbugs-fixes/-/postcss-flexbugs-fixes-5.0.2.tgz 3226ms (cache miss)
2126 timing reifyNode:node_modules/postcss-minify-gradients Completed in 4023ms
2127 timing reifyNode:node_modules/prelude-ls Completed in 4026ms
2128 http fetch GET 200 https://registry.npmjs.org/postcss-focus-visible/-/postcss-focus-visible-6.0.4.tgz 3233ms (cache miss)
2129 http fetch GET 200 https://registry.npmjs.org/saxes/-/saxes-5.0.1.tgz 3330ms (cache miss)
2130 timing reifyNode:node_modules/postcss-normalize Completed in 4037ms
2131 http fetch GET 200 https://registry.npmjs.org/postcss-normalize-timing-functions/-/postcss-normalize-timing-functions-5.1.0.tgz 3269ms (cache miss)
2132 timing reifyNode:node_modules/postcss-normalize-timing-functions Completed in 4038ms
2133 http fetch GET 200 https://registry.npmjs.org/postcss-discard-empty/-/postcss-discard-empty-5.1.1.tgz 3240ms (cache miss)
2134 timing reifyNode:node_modules/postcss-discard-empty Completed in 4040ms
2135 timing reifyNode:node_modules/postcss-normalize-repeat-style Completed in 4045ms
2136 timing reifyNode:node_modules/postcss-normalize-display-values Completed in 4045ms
2137 http fetch GET 200 https://registry.npmjs.org/postcss-discard-duplicates/-/postcss-discard-duplicates-5.1.0.tgz 3243ms (cache miss)
2138 timing reifyNode:node_modules/postcss-discard-duplicates Completed in 4045ms
2139 timing reifyNode:node_modules/sass-loader Completed in 4058ms
2140 http fetch GET 200 https://registry.npmjs.org/q/-/q-1.5.1.tgz 3327ms (cache miss)
2141 http fetch GET 200 https://registry.npmjs.org/postcss-normalize-charset/-/postcss-normalize-charset-5.1.0.tgz 3279ms (cache miss)
2142 timing reifyNode:node_modules/postcss-normalize-charset Completed in 4051ms
2143 http fetch GET 200 https://registry.npmjs.org/postcss-media-minmax/-/postcss-media-minmax-5.0.0.tgz 3272ms (cache miss)
2144 timing reifyNode:node_modules/postcss-media-minmax Completed in 4056ms
2145 http fetch GET 200 https://registry.npmjs.org/postcss-logical/-/postcss-logical-5.0.4.tgz 3272ms (cache miss)
2146 timing reifyNode:node_modules/postcss-logical Completed in 4056ms
2147 http fetch GET 200 https://registry.npmjs.org/postcss-discard-comments/-/postcss-discard-comments-5.1.2.tgz 3252ms (cache miss)
2148 http fetch GET 200 https://registry.npmjs.org/postcss-custom-properties/-/postcss-custom-properties-12.1.11.tgz 3251ms (cache miss)
2149 timing reifyNode:node_modules/set-proto Completed in 4069ms
2150 http fetch GET 200 https://registry.npmjs.org/postcss-merge-rules/-/postcss-merge-rules-5.1.4.tgz 3276ms (cache miss)
2151 http fetch GET 200 https://registry.npmjs.org/postcss-convert-values/-/postcss-convert-values-5.1.3.tgz 3257ms (cache miss)
2152 http fetch GET 200 https://registry.npmjs.org/postcss-lab-function/-/postcss-lab-function-4.2.1.tgz 3286ms (cache miss)
2153 http fetch GET 200 https://registry.npmjs.org/postcss-import/-/postcss-import-15.1.0.tgz 3285ms (cache miss)
2154 http fetch GET 200 https://registry.npmjs.org/postcss-colormin/-/postcss-colormin-5.3.1.tgz 3265ms (cache miss)
2155 timing reifyNode:node_modules/postcss-svgo Completed in 4083ms
2156 http fetch GET 200 https://registry.npmjs.org/postcss-color-hex-alpha/-/postcss-color-hex-alpha-8.0.4.tgz 3271ms (cache miss)
2157 http fetch GET 200 https://registry.npmjs.org/postcss-image-set-function/-/postcss-image-set-function-4.0.7.tgz 3292ms (cache miss)
2158 http fetch GET 200 https://registry.npmjs.org/postcss-color-rebeccapurple/-/postcss-color-rebeccapurple-7.1.1.tgz 3272ms (cache miss)
2159 http fetch GET 200 https://registry.npmjs.org/postcss-gap-properties/-/postcss-gap-properties-3.0.5.tgz 3289ms (cache miss)
2160 timing reifyNode:node_modules/postcss-gap-properties Completed in 4080ms
2161 http fetch GET 200 https://registry.npmjs.org/css-select/-/css-select-4.3.0.tgz 3632ms (cache miss)
2162 timing reifyNode:node_modules/sprintf-js Completed in 4099ms
2163 http fetch GET 200 https://registry.npmjs.org/sockjs/-/sockjs-0.3.24.tgz 3405ms (cache miss)
2164 timing reifyNode:node_modules/string.prototype.includes Completed in 4107ms
2165 timing reifyNode:node_modules/jest-config Completed in 4073ms
2166 timing reifyNode:node_modules/postcss-flexbugs-fixes Completed in 4092ms
2167 http fetch GET 200 https://registry.npmjs.org/prop-types/-/prop-types-15.8.1.tgz 3373ms (cache miss)
2168 http fetch GET 200 https://registry.npmjs.org/spdy/-/spdy-4.0.2.tgz 3422ms (cache miss)
2169 timing reifyNode:node_modules/postcss-js Completed in 4098ms
2170 http fetch GET 200 https://registry.npmjs.org/postcss-custom-media/-/postcss-custom-media-8.0.2.tgz 3293ms (cache miss)
2171 http fetch GET 200 https://registry.npmjs.org/postcss-env-function/-/postcss-env-function-4.0.6.tgz 3305ms (cache miss)
2172 timing reifyNode:node_modules/postcss-env-function Completed in 4100ms
2173 http fetch GET 200 https://registry.npmjs.org/postcss-double-position-gradients/-/postcss-double-position-gradients-3.1.2.tgz 3306ms (cache miss)
2174 timing reifyNode:node_modules/saxes Completed in 4114ms
2175 http fetch GET 200 https://registry.npmjs.org/html-entities/-/html-entities-2.6.0.tgz 3701ms (cache miss)
2176 timing reifyNode:node_modules/html-entities Completed in 4083ms
2177 http fetch GET 200 https://registry.npmjs.org/postcss-browser-comments/-/postcss-browser-comments-4.0.0.tgz 3299ms (cache miss)
2178 http fetch GET 200 https://registry.npmjs.org/pkg-up/-/pkg-up-3.1.0.tgz 3297ms (cache miss)
2179 timing reifyNode:node_modules/pkg-up Completed in 4108ms
2180 http fetch GET 200 https://registry.npmjs.org/possible-typed-array-names/-/possible-typed-array-names-1.1.0.tgz 3299ms (cache miss)
2181 http fetch GET 200 https://registry.npmjs.org/postcss-preset-env/-/postcss-preset-env-7.8.3.tgz 3357ms (cache miss)
2182 timing reifyNode:node_modules/postcss-color-hex-alpha Completed in 4111ms
2183 http fetch GET 200 https://registry.npmjs.org/postcss-focus-within/-/postcss-focus-within-5.0.4.tgz 3323ms (cache miss)
2184 timing reifyNode:node_modules/postcss-focus-within Completed in 4116ms
2185 http fetch GET 200 https://registry.npmjs.org/pkg-dir/-/pkg-dir-4.2.0.tgz 3303ms (cache miss)
2186 timing reifyNode:node_modules/pkg-dir Completed in 4114ms
2187 http fetch GET 200 https://registry.npmjs.org/postcss-discard-overridden/-/postcss-discard-overridden-5.1.0.tgz 3316ms (cache miss)
2188 timing reifyNode:node_modules/postcss-discard-overridden Completed in 4117ms
2189 http fetch GET 200 https://registry.npmjs.org/postcss-clamp/-/postcss-clamp-4.1.0.tgz 3310ms (cache miss)
2190 timing reifyNode:node_modules/postcss-clamp Completed in 4117ms
2191 warn deprecated q@1.5.1: You or someone you depend on is using Q, the JavaScript Promise library that gave JavaScript developers strong feelings about promises. They can almost certainly migrate to the native JavaScript promise now. Thank you literally everyone for joining me in this bet against the odds. Be excellent to each other.
2191 warn deprecated
2191 warn deprecated (For a CapTP with native promises, see @endo/eventual-send and @endo/captp)
2192 timing reifyNode:node_modules/q Completed in 4125ms
2193 http fetch GET 200 https://registry.npmjs.org/style-loader/-/style-loader-3.3.4.tgz 3487ms (cache miss)
2194 http fetch GET 200 https://registry.npmjs.org/performance-now/-/performance-now-2.1.0.tgz 3314ms (cache miss)
2195 http fetch GET 200 https://registry.npmjs.org/postcss-loader/-/postcss-loader-6.2.1.tgz 3349ms (cache miss)
2196 http fetch GET 200 https://registry.npmjs.org/postcss-dir-pseudo-class/-/postcss-dir-pseudo-class-6.0.5.tgz 3329ms (cache miss)
2197 timing reifyNode:node_modules/postcss-dir-pseudo-class Completed in 4132ms
2198 http fetch GET 200 https://registry.npmjs.org/path-type/-/path-type-4.0.0.tgz 3320ms (cache miss)
2199 timing reifyNode:node_modules/path-type Completed in 4136ms
2200 timing reifyNode:node_modules/postcss-load-config Completed in 4142ms
2201 timing reifyNode:node_modules/postcss-focus-visible Completed in 4148ms
2202 timing reifyNode:node_modules/postcss-colormin Completed in 4151ms
2203 timing reifyNode:node_modules/sockjs Completed in 4175ms
2204 http fetch GET 200 https://registry.npmjs.org/path-parse/-/path-parse-1.0.7.tgz 3339ms (cache miss)
2205 timing reifyNode:node_modules/path-parse Completed in 4158ms
2206 http fetch GET 200 https://registry.npmjs.org/path-is-absolute/-/path-is-absolute-1.0.1.tgz 3346ms (cache miss)
2207 timing reifyNode:node_modules/path-is-absolute Completed in 4166ms
2208 http fetch GET 200 https://registry.npmjs.org/path-exists/-/path-exists-4.0.0.tgz 3352ms (cache miss)
2209 timing reifyNode:node_modules/path-exists Completed in 4173ms
2210 http fetch GET 200 https://registry.npmjs.org/object.values/-/object.values-1.2.1.tgz 3316ms (cache miss)
2211 timing reifyNode:node_modules/postcss-custom-media Completed in 4178ms
2212 timing reifyNode:node_modules/shell-quote Completed in 4192ms
2213 http fetch GET 200 https://registry.npmjs.org/workbox-recipes/-/workbox-recipes-6.6.0.tgz 3652ms (cache miss)
2214 http fetch GET 200 https://registry.npmjs.org/obuf/-/obuf-1.1.2.tgz 3326ms (cache miss)
2215 timing reifyNode:node_modules/obuf Completed in 4181ms
2216 http fetch GET 200 https://registry.npmjs.org/postcss-attribute-case-insensitive/-/postcss-attribute-case-insensitive-5.0.2.tgz 3382ms (cache miss)
2217 timing reifyNode:node_modules/postcss-attribute-case-insensitive Completed in 4191ms
2218 timing reifyNode:node_modules/postcss-preset-env Completed in 4197ms
2219 http fetch GET 200 https://registry.npmjs.org/object.getownpropertydescriptors/-/object.getownpropertydescriptors-2.1.8.tgz 3332ms (cache miss)
2220 http fetch GET 200 https://registry.npmjs.org/postcss-color-functional-notation/-/postcss-color-functional-notation-4.2.4.tgz 3386ms (cache miss)
2221 timing reifyNode:node_modules/postcss-color-rebeccapurple Completed in 4194ms
2222 timing reifyNode:node_modules/css-select Completed in 4158ms
2223 http fetch GET 200 https://registry.npmjs.org/pirates/-/pirates-4.0.7.tgz 3391ms (cache miss)
2224 timing reifyNode:node_modules/pirates Completed in 4201ms
2225 http fetch GET 200 https://registry.npmjs.org/pify/-/pify-2.3.0.tgz 3390ms (cache miss)
2226 timing reifyNode:node_modules/pify Completed in 4202ms
2227 http fetch GET 200 https://registry.npmjs.org/object.fromentries/-/object.fromentries-2.0.8.tgz 3343ms (cache miss)
2228 timing reifyNode:node_modules/prop-types Completed in 4214ms
2229 timing reifyNode:node_modules/spdy Completed in 4224ms
2230 http fetch GET 200 https://registry.npmjs.org/postcss-custom-selectors/-/postcss-custom-selectors-6.0.3.tgz 3406ms (cache miss)
2231 timing reifyNode:node_modules/postcss-custom-selectors Completed in 4210ms
2232 timing reifyNode:node_modules/postcss-double-position-gradients Completed in 4213ms
2233 http fetch GET 200 https://registry.npmjs.org/on-finished/-/on-finished-2.4.1.tgz 3354ms (cache miss)
2234 timing reifyNode:node_modules/on-finished Completed in 4209ms
2235 http fetch GET 200 https://registry.npmjs.org/object-assign/-/object-assign-4.1.1.tgz 3349ms (cache miss)
2236 timing reifyNode:node_modules/object-assign Completed in 4209ms
2237 http fetch GET 200 https://registry.npmjs.org/workbox-broadcast-update/-/workbox-broadcast-update-6.6.0.tgz 3683ms (cache miss)
2238 http fetch GET 200 https://registry.npmjs.org/path-to-regexp/-/path-to-regexp-0.1.12.tgz 3403ms (cache miss)
2239 timing reifyNode:node_modules/path-to-regexp Completed in 4220ms
2240 http fetch GET 200 https://registry.npmjs.org/path-key/-/path-key-3.1.1.tgz 3409ms (cache miss)
2241 timing reifyNode:node_modules/path-key Completed in 4228ms
2242 http fetch GET 200 https://registry.npmjs.org/nth-check/-/nth-check-2.1.1.tgz 3364ms (cache miss)
2243 http fetch GET 200 https://registry.npmjs.org/normalize-range/-/normalize-range-0.1.2.tgz 3362ms (cache miss)
2244 timing reifyNode:node_modules/normalize-range Completed in 4227ms
2245 timing reifyNode:node_modules/style-loader Completed in 4253ms
2246 timing reifyNode:node_modules/postcss-loader Completed in 4239ms
2247 timing reifyNode:node_modules/postcss-minify-selectors Completed in 4241ms
2248 http fetch GET 200 https://registry.npmjs.org/node-releases/-/node-releases-2.0.19.tgz 3364ms (cache miss)
2249 http fetch GET 200 https://registry.npmjs.org/normalize-path/-/normalize-path-3.0.0.tgz 3363ms (cache miss)
2250 timing reifyNode:node_modules/normalize-path Completed in 4233ms
2251 http fetch GET 200 https://registry.npmjs.org/once/-/once-1.4.0.tgz 3391ms (cache miss)
2252 timing reifyNode:node_modules/once Completed in 4245ms
2253 http fetch GET 200 https://registry.npmjs.org/object.groupby/-/object.groupby-1.0.3.tgz 3388ms (cache miss)
2254 http fetch GET 200 https://registry.npmjs.org/jest-worker/-/jest-worker-28.1.3.tgz 3586ms (cache miss)
2255 http fetch GET 200 https://registry.npmjs.org/node-int64/-/node-int64-0.4.0.tgz 3374ms (cache miss)
2256 timing reifyNode:node_modules/postcss-color-functional-notation Completed in 4254ms
2257 http fetch GET 200 https://registry.npmjs.org/negotiator/-/negotiator-0.6.4.tgz 3377ms (cache miss)
2258 http fetch GET 200 https://registry.npmjs.org/workbox-webpack-plugin/-/workbox-webpack-plugin-6.6.0.tgz 3727ms (cache miss)
2259 http fetch GET 200 https://registry.npmjs.org/picocolors/-/picocolors-1.1.1.tgz 3443ms (cache miss)
2260 timing reifyNode:node_modules/picocolors Completed in 4256ms
2261 http fetch GET 200 https://registry.npmjs.org/natural-compare/-/natural-compare-1.4.0.tgz 3380ms (cache miss)
2262 timing reifyNode:node_modules/natural-compare Completed in 4254ms
2263 http fetch GET 200 https://registry.npmjs.org/mkdirp/-/mkdirp-0.5.6.tgz 3379ms (cache miss)
2264 timing reifyNode:node_modules/mkdirp Completed in 4256ms
2265 http fetch GET 200 https://registry.npmjs.org/ms/-/ms-2.1.3.tgz 3380ms (cache miss)
2266 timing reifyNode:node_modules/ms Completed in 4257ms
2267 http fetch GET 200 https://registry.npmjs.org/postcss-minify-font-values/-/postcss-minify-font-values-5.1.0.tgz 3486ms (cache miss)
2268 timing reifyNode:node_modules/workbox-recipes Completed in 4302ms
2269 timing reifyNode:node_modules/postcss-import Completed in 4271ms
2270 timing reifyNode:node_modules/node-int64 Completed in 4264ms
2271 timing reifyNode:node_modules/workbox-broadcast-update Completed in 4304ms
2272 timing reifyNode:node_modules/postcss-browser-comments Completed in 4279ms
2273 timing reifyNode:node_modules/possible-typed-array-names Completed in 4280ms
2274 http fetch GET 200 https://registry.npmjs.org/normalize-url/-/normalize-url-6.1.0.tgz 3422ms (cache miss)
2275 timing reifyNode:node_modules/normalize-url Completed in 4287ms
2276 http fetch GET 200 https://registry.npmjs.org/npm-run-path/-/npm-run-path-4.0.1.tgz 3423ms (cache miss)
2277 timing reifyNode:node_modules/npm-run-path Completed in 4287ms
2278 http fetch GET 200 https://registry.npmjs.org/normalize.css/-/normalize.css-8.0.1.tgz 3425ms (cache miss)
2279 timing reifyNode:node_modules/normalize.css Completed in 4288ms
2280 http fetch GET 200 https://registry.npmjs.org/workbox-expiration/-/workbox-expiration-6.6.0.tgz 3759ms (cache miss)
2281 timing reifyNode:node_modules/postcss-merge-rules Completed in 4300ms
2282 http fetch GET 200 https://registry.npmjs.org/minimalistic-assert/-/minimalistic-assert-1.0.1.tgz 3408ms (cache miss)
2283 timing reifyNode:node_modules/minimalistic-assert Completed in 4291ms
2284 http fetch GET 200 https://registry.npmjs.org/on-headers/-/on-headers-1.0.2.tgz 3443ms (cache miss)
2285 timing reifyNode:node_modules/on-headers Completed in 4297ms
2286 http fetch GET 200 https://registry.npmjs.org/mz/-/mz-2.7.0.tgz 3421ms (cache miss)
2287 timing reifyNode:node_modules/eslint-webpack-plugin/node_modules/jest-worker Completed in 4274ms
2288 http fetch GET 200 https://registry.npmjs.org/mime/-/mime-1.6.0.tgz 3415ms (cache miss)
2289 http fetch GET 200 https://registry.npmjs.org/merge2/-/merge2-1.4.1.tgz 3412ms (cache miss)
2290 timing reifyNode:node_modules/merge2 Completed in 4300ms
2291 timing reifyNode:node_modules/postcss-image-set-function Completed in 4314ms
2292 http fetch GET 200 https://registry.npmjs.org/object-hash/-/object-hash-3.0.0.tgz 3448ms (cache miss)
2293 timing reifyNode:node_modules/workbox-webpack-plugin Completed in 4348ms
2294 http fetch GET 200 https://registry.npmjs.org/merge-stream/-/merge-stream-2.0.0.tgz 3417ms (cache miss)
2295 timing reifyNode:node_modules/merge-stream Completed in 4305ms
2296 http fetch GET 200 https://registry.npmjs.org/natural-compare-lite/-/natural-compare-lite-1.4.0.tgz 3438ms (cache miss)
2297 timing reifyNode:node_modules/natural-compare-lite Completed in 4312ms
2298 http fetch GET 200 https://registry.npmjs.org/no-case/-/no-case-3.0.4.tgz 3442ms (cache miss)
2299 http fetch GET 200 https://registry.npmjs.org/multicast-dns/-/multicast-dns-7.2.5.tgz 3442ms (cache miss)
2300 http fetch GET 200 https://registry.npmjs.org/math-intrinsics/-/math-intrinsics-1.1.0.tgz 3426ms (cache miss)
2301 http fetch GET 200 https://registry.npmjs.org/makeerror/-/makeerror-1.0.12.tgz 3425ms (cache miss)
2302 timing reifyNode:node_modules/makeerror Completed in 4318ms
2303 timing reifyNode:node_modules/scheduler Completed in 4349ms
2304 http fetch GET 200 https://registry.npmjs.org/make-dir/-/make-dir-3.1.0.tgz 3433ms (cache miss)
2305 timing reifyNode:node_modules/make-dir Completed in 4330ms
2306 http fetch GET 200 https://registry.npmjs.org/loose-envify/-/loose-envify-1.4.0.tgz 3431ms (cache miss)
2307 http fetch GET 200 https://registry.npmjs.org/lower-case/-/lower-case-2.0.2.tgz 3433ms (cache miss)
2308 http fetch GET 200 https://registry.npmjs.org/postcss-initial/-/postcss-initial-4.0.1.tgz 3555ms (cache miss)
2309 http fetch GET 200 https://registry.npmjs.org/minimatch/-/minimatch-3.1.2.tgz 3457ms (cache miss)
2310 timing reifyNode:node_modules/minimatch Completed in 4339ms
2311 http fetch GET 200 https://registry.npmjs.org/micromatch/-/micromatch-4.0.8.tgz 3452ms (cache miss)
2312 timing reifyNode:node_modules/micromatch Completed in 4340ms
2313 timing reifyNode:node_modules/object-hash Completed in 4346ms
2314 http fetch GET 200 https://registry.npmjs.org/locate-path/-/locate-path-5.0.0.tgz 3441ms (cache miss)
2315 timing reifyNode:node_modules/locate-path Completed in 4343ms
2316 timing reifyNode:node_modules/workbox-expiration Completed in 4392ms
2317 http fetch GET 200 https://registry.npmjs.org/jsonpath/-/jsonpath-1.1.1.tgz 3974ms (cache miss)
2318 http fetch GET 200 https://registry.npmjs.org/min-indent/-/min-indent-1.0.1.tgz 3469ms (cache miss)
2319 timing reifyNode:node_modules/min-indent Completed in 4353ms
2320 http fetch GET 200 https://registry.npmjs.org/picomatch/-/picomatch-2.3.1.tgz 3546ms (cache miss)
2321 http fetch GET 200 https://registry.npmjs.org/loader-utils/-/loader-utils-2.0.4.tgz 3449ms (cache miss)
2322 timing reifyNode:node_modules/postcss-convert-values Completed in 4362ms
2323 http fetch GET 200 https://registry.npmjs.org/mimic-fn/-/mimic-fn-2.1.0.tgz 3476ms (cache miss)
2324 timing reifyNode:node_modules/mimic-fn Completed in 4360ms
2325 timing reifyNode:node_modules/postcss-minify-font-values Completed in 4371ms
2326 http fetch GET 200 https://registry.npmjs.org/lru-cache/-/lru-cache-5.1.1.tgz 3463ms (cache miss)
2327 timing reifyNode:node_modules/lru-cache Completed in 4360ms
2328 http fetch GET 200 https://registry.npmjs.org/lodash.uniq/-/lodash.uniq-4.5.0.tgz 3461ms (cache miss)
2329 timing reifyNode:node_modules/lodash.uniq Completed in 4360ms
2330 http fetch GET 200 https://registry.npmjs.org/levn/-/levn-0.4.1.tgz 3452ms (cache miss)
2331 http fetch GET 200 https://registry.npmjs.org/leven/-/leven-3.1.0.tgz 3451ms (cache miss)
2332 timing reifyNode:node_modules/leven Completed in 4360ms
2333 http fetch GET 200 https://registry.npmjs.org/lines-and-columns/-/lines-and-columns-1.2.4.tgz 3457ms (cache miss)
2334 timing reifyNode:node_modules/lines-and-columns Completed in 4360ms
2335 timing reifyNode:node_modules/loose-envify Completed in 4361ms
2336 http fetch GET 200 https://registry.npmjs.org/workbox-range-requests/-/workbox-range-requests-6.6.0.tgz 3839ms (cache miss)
2337 timing reifyNode:node_modules/workbox-range-requests Completed in 4405ms
2338 http fetch GET 200 https://registry.npmjs.org/methods/-/methods-1.1.2.tgz 3483ms (cache miss)
2339 timing reifyNode:node_modules/methods Completed in 4371ms
2340 http fetch GET 200 https://registry.npmjs.org/loader-runner/-/loader-runner-4.3.0.tgz 3466ms (cache miss)
2341 timing reifyNode:node_modules/loader-runner Completed in 4370ms
2342 http fetch GET 200 https://registry.npmjs.org/launch-editor/-/launch-editor-2.10.0.tgz 3458ms (cache miss)
2343 http fetch GET 200 https://registry.npmjs.org/lodash.sortby/-/lodash.sortby-4.7.0.tgz 3471ms (cache miss)
2344 http fetch GET 200 https://registry.npmjs.org/lodash.merge/-/lodash.merge-4.6.2.tgz 3471ms (cache miss)
2345 timing reifyNode:node_modules/lodash.merge Completed in 4371ms
2346 timing reifyNode:node_modules/lodash.sortby Completed in 4371ms
2347 http fetch GET 200 https://registry.npmjs.org/merge-descriptors/-/merge-descriptors-1.0.3.tgz 3490ms (cache miss)
2348 timing reifyNode:node_modules/merge-descriptors Completed in 4379ms
2349 http fetch GET 200 https://registry.npmjs.org/lodash.memoize/-/lodash.memoize-4.1.2.tgz 3477ms (cache miss)
2350 timing reifyNode:node_modules/lodash.memoize Completed in 4378ms
2351 http fetch GET 200 https://registry.npmjs.org/lodash.debounce/-/lodash.debounce-4.0.8.tgz 3478ms (cache miss)
2352 timing reifyNode:node_modules/lodash.debounce Completed in 4379ms
2353 http fetch GET 200 https://registry.npmjs.org/lilconfig/-/lilconfig-2.1.0.tgz 3468ms (cache miss)
2354 http fetch GET 200 https://registry.npmjs.org/klona/-/klona-2.0.6.tgz 3466ms (cache miss)
2355 http fetch GET 200 https://registry.npmjs.org/media-typer/-/media-typer-0.3.0.tgz 3496ms (cache miss)
2356 timing reifyNode:node_modules/media-typer Completed in 4386ms
2357 timing reifyNode:node_modules/node-releases Completed in 4389ms
2358 timing reifyNode:node_modules/multicast-dns Completed in 4389ms
2359 http fetch GET 200 https://registry.npmjs.org/mime-types/-/mime-types-2.1.35.tgz 3509ms (cache miss)
2360 timing reifyNode:node_modules/mime-types Completed in 4395ms
2361 timing reifyNode:node_modules/mz Completed in 4397ms
2362 http fetch GET 200 https://registry.npmjs.org/kind-of/-/kind-of-6.0.3.tgz 3484ms (cache miss)
2363 timing reifyNode:node_modules/kind-of Completed in 4397ms
2364 http fetch GET 200 https://registry.npmjs.org/object-keys/-/object-keys-1.1.1.tgz 3546ms (cache miss)
2365 http fetch GET 200 https://registry.npmjs.org/json-stable-stringify-without-jsonify/-/json-stable-stringify-without-jsonify-1.0.1.tgz 3494ms (cache miss)
2366 timing reifyNode:node_modules/lilconfig Completed in 4415ms
2367 http fetch GET 200 https://registry.npmjs.org/json-schema/-/json-schema-0.4.0.tgz 3501ms (cache miss)
2368 timing reifyNode:node_modules/postcss-custom-properties Completed in 4429ms
2369 http fetch GET 200 https://registry.npmjs.org/source-map-js/-/source-map-js-1.2.1.tgz 3755ms (cache miss)
2370 http fetch GET 200 https://registry.npmjs.org/jsesc/-/jsesc-3.1.0.tgz 3509ms (cache miss)
2371 timing reifyNode:node_modules/levn Completed in 4428ms
2372 timing reifyNode:node_modules/postcss-initial Completed in 4441ms
2373 http fetch GET 200 https://registry.npmjs.org/jest-watcher/-/jest-watcher-27.5.1.tgz 3512ms (cache miss)
2374 timing reifyNode:node_modules/negotiator Completed in 4442ms
2375 http fetch GET 200 https://registry.npmjs.org/kleur/-/kleur-3.0.3.tgz 3527ms (cache miss)
2376 timing reifyNode:node_modules/kleur Completed in 4440ms
2377 http fetch GET 200 https://registry.npmjs.org/jest-watch-typeahead/-/jest-watch-typeahead-1.1.0.tgz 3517ms (cache miss)
2378 timing reifyNode:node_modules/json-schema Completed in 4442ms
2379 timing reifyNode:node_modules/postcss-discard-comments Completed in 4455ms
2380 timing reifyNode:node_modules/jsonpath Completed in 4444ms
2381 timing reifyNode:node_modules/picomatch Completed in 4462ms
2382 http fetch GET 200 https://registry.npmjs.org/jest-serializer/-/jest-serializer-27.5.1.tgz 3527ms (cache miss)
2383 timing reifyNode:node_modules/jest-serializer Completed in 4452ms
2384 http fetch GET 200 https://registry.npmjs.org/jest-validate/-/jest-validate-27.5.1.tgz 3530ms (cache miss)
2385 http fetch GET 200 https://registry.npmjs.org/js-tokens/-/js-tokens-4.0.0.tgz 3542ms (cache miss)
2386 timing reifyNode:node_modules/js-tokens Completed in 4461ms
2387 timing reifyNode:node_modules/launch-editor Completed in 4463ms
2388 http fetch GET 200 https://registry.npmjs.org/jest-runner/-/jest-runner-27.5.1.tgz 3534ms (cache miss)
2389 http fetch GET 200 https://registry.npmjs.org/jest-resolve-dependencies/-/jest-resolve-dependencies-27.5.1.tgz 3533ms (cache miss)
2390 timing reifyNode:node_modules/jest-resolve-dependencies Completed in 4461ms
2391 http fetch GET 200 https://registry.npmjs.org/nwsapi/-/nwsapi-2.2.20.tgz 3609ms (cache miss)
2392 http fetch GET 200 https://registry.npmjs.org/json-parse-even-better-errors/-/json-parse-even-better-errors-2.3.1.tgz 3552ms (cache miss)
2393 timing reifyNode:node_modules/json-parse-even-better-errors Completed in 4469ms
2394 http fetch GET 200 https://registry.npmjs.org/workbox-streams/-/workbox-streams-6.6.0.tgz 3955ms (cache miss)
2395 http fetch GET 200 https://registry.npmjs.org/jest-resolve/-/jest-resolve-27.5.1.tgz 3543ms (cache miss)
2396 http fetch GET 200 https://registry.npmjs.org/jest-regex-util/-/jest-regex-util-27.5.1.tgz 3542ms (cache miss)
2397 timing reifyNode:node_modules/jest-regex-util Completed in 4472ms
2398 http fetch GET 200 https://registry.npmjs.org/jest-pnp-resolver/-/jest-pnp-resolver-1.2.3.tgz 3543ms (cache miss)
2399 timing reifyNode:node_modules/jest-pnp-resolver Completed in 4472ms
2400 http fetch GET 200 https://registry.npmjs.org/jest-message-util/-/jest-message-util-27.5.1.tgz 3550ms (cache miss)
2401 http fetch GET 200 https://registry.npmjs.org/jest-leak-detector/-/jest-leak-detector-27.5.1.tgz 3549ms (cache miss)
2402 timing reifyNode:node_modules/jest-leak-detector Completed in 4480ms
2403 timing reifyNode:node_modules/object-keys Completed in 4496ms
2404 http fetch GET 200 https://registry.npmjs.org/iterator.prototype/-/iterator.prototype-1.1.5.tgz 3549ms (cache miss)
2405 http fetch GET 200 https://registry.npmjs.org/jest-get-type/-/jest-get-type-27.5.1.tgz 3551ms (cache miss)
2406 timing reifyNode:node_modules/jest-get-type Completed in 4487ms
2407 http fetch GET 200 https://registry.npmjs.org/jsonfile/-/jsonfile-6.1.0.tgz 3581ms (cache miss)
2408 timing reifyNode:node_modules/jsonfile Completed in 4494ms
2409 http fetch GET 200 https://registry.npmjs.org/language-tags/-/language-tags-1.0.9.tgz 3587ms (cache miss)
2410 timing reifyNode:node_modules/language-tags Completed in 4496ms
2411 http fetch GET 200 https://registry.npmjs.org/json-buffer/-/json-buffer-3.0.1.tgz 3590ms (cache miss)
2412 timing reifyNode:node_modules/json-buffer Completed in 4507ms
2413 http fetch GET 200 https://registry.npmjs.org/json-schema-traverse/-/json-schema-traverse-0.4.1.tgz 3593ms (cache miss)
2414 http fetch GET 200 https://registry.npmjs.org/undici-types/-/undici-types-6.21.0.tgz 3934ms (cache miss)
2415 http fetch GET 200 https://registry.npmjs.org/pascal-case/-/pascal-case-3.1.2.tgz 3696ms (cache miss)
2416 timing reifyNode:node_modules/object.fromentries Completed in 4516ms
2417 http fetch GET 200 https://registry.npmjs.org/jest-mock/-/jest-mock-27.5.1.tgz 3578ms (cache miss)
2418 timing reifyNode:node_modules/source-map-js Completed in 4544ms
2419 http fetch GET 200 https://registry.npmjs.org/istanbul-lib-report/-/istanbul-lib-report-3.0.1.tgz 3574ms (cache miss)
2420 http fetch GET 200 https://registry.npmjs.org/istanbul-lib-source-maps/-/istanbul-lib-source-maps-4.0.1.tgz 3584ms (cache miss)
2421 http fetch GET 200 https://registry.npmjs.org/isexe/-/isexe-2.0.0.tgz 3579ms (cache miss)
2422 http fetch GET 200 https://registry.npmjs.org/isarray/-/isarray-2.0.5.tgz 3579ms (cache miss)
2423 timing reifyNode:node_modules/isarray Completed in 4519ms
2424 timing reifyNode:node_modules/object.getownpropertydescriptors Completed in 4540ms
2425 http fetch GET 200 https://registry.npmjs.org/is-weakref/-/is-weakref-1.1.1.tgz 3585ms (cache miss)
2426 http fetch GET 200 https://registry.npmjs.org/is-typedarray/-/is-typedarray-1.0.0.tgz 3583ms (cache miss)
2427 timing reifyNode:node_modules/is-typedarray Completed in 4527ms
2428 timing reifyNode:node_modules/workbox-streams Completed in 4587ms
2429 timing reifyNode:node_modules/jest-message-util Completed in 4542ms
2430 timing reifyNode:node_modules/postcss-lab-function Completed in 4561ms
2431 timing reifyNode:node_modules/mime Completed in 4562ms
2432 timing reifyNode:node_modules/nwsapi Completed in 4566ms
2433 http fetch GET 200 https://registry.npmjs.org/pretty-error/-/pretty-error-4.0.0.tgz 3847ms (cache miss)
2434 http fetch GET 200 https://registry.npmjs.org/is-set/-/is-set-2.0.3.tgz 3608ms (cache miss)
2435 timing reifyNode:node_modules/performance-now Completed in 4576ms
2436 timing reifyNode:node_modules/jest-mock Completed in 4571ms
2437 http fetch GET 200 https://registry.npmjs.org/is-plain-obj/-/is-plain-obj-3.0.0.tgz 3611ms (cache miss)
2438 timing reifyNode:node_modules/is-plain-obj Completed in 4566ms
2439 http fetch GET 200 https://registry.npmjs.org/is-regexp/-/is-regexp-1.0.0.tgz 3614ms (cache miss)
2440 timing reifyNode:node_modules/is-regexp Completed in 4567ms
2441 http fetch GET 200 https://registry.npmjs.org/is-potential-custom-element-name/-/is-potential-custom-element-name-1.0.1.tgz 3613ms (cache miss)
2442 timing reifyNode:node_modules/is-potential-custom-element-name Completed in 4567ms
2443 timing reifyNode:node_modules/object.values Completed in 4585ms
2444 http fetch GET 200 https://registry.npmjs.org/istanbul-lib-coverage/-/istanbul-lib-coverage-3.2.2.tgz 3637ms (cache miss)
2445 timing reifyNode:node_modules/jsesc Completed in 4584ms
2446 timing reifyNode:node_modules/object.groupby Completed in 4593ms
2447 http fetch GET 200 https://registry.npmjs.org/is-wsl/-/is-wsl-2.2.0.tgz 3639ms (cache miss)
2448 timing reifyNode:node_modules/is-wsl Completed in 4580ms
2449 http fetch GET 200 https://registry.npmjs.org/is-weakmap/-/is-weakmap-2.0.2.tgz 3640ms (cache miss)
2450 http fetch GET 200 https://registry.npmjs.org/is-path-inside/-/is-path-inside-3.0.3.tgz 3633ms (cache miss)
2451 timing reifyNode:node_modules/is-path-inside Completed in 4590ms
2452 timing reifyNode:node_modules/json-schema-traverse Completed in 4598ms
2453 timing reifyNode:node_modules/undici-types Completed in 4637ms
2454 timing reifyNode:node_modules/pascal-case Completed in 4607ms
2455 http fetch GET 200 https://registry.npmjs.org/mime-db/-/mime-db-1.52.0.tgz 3722ms (cache miss)
2456 http fetch GET 200 https://registry.npmjs.org/jest-matcher-utils/-/jest-matcher-utils-27.5.1.tgz 3678ms (cache miss)
2457 http fetch GET 200 https://registry.npmjs.org/react-error-overlay/-/react-error-overlay-6.1.0.tgz 3917ms (cache miss)
2458 timing reifyNode:node_modules/react-error-overlay Completed in 4633ms
2459 timing reifyNode:node_modules/isexe Completed in 4610ms
2460 http fetch GET 200 https://registry.npmjs.org/is-number-object/-/is-number-object-1.1.1.tgz 3653ms (cache miss)
2461 http fetch GET 200 https://registry.npmjs.org/is-shared-array-buffer/-/is-shared-array-buffer-1.0.4.tgz 3664ms (cache miss)
2462 http fetch GET 200 https://registry.npmjs.org/is-generator-fn/-/is-generator-fn-2.1.0.tgz 3654ms (cache miss)
2463 timing reifyNode:node_modules/is-generator-fn Completed in 4614ms
2464 http fetch GET 200 https://registry.npmjs.org/is-fullwidth-code-point/-/is-fullwidth-code-point-3.0.0.tgz 3654ms (cache miss)
2465 timing reifyNode:node_modules/is-fullwidth-code-point Completed in 4614ms
2466 http fetch GET 200 https://registry.npmjs.org/is-finalizationregistry/-/is-finalizationregistry-1.1.1.tgz 3650ms (cache miss)
2467 http fetch GET 200 https://registry.npmjs.org/is-stream/-/is-stream-2.0.1.tgz 3668ms (cache miss)
2468 timing reifyNode:node_modules/is-stream Completed in 4619ms
2469 http fetch GET 200 https://registry.npmjs.org/is-docker/-/is-docker-2.2.1.tgz 3651ms (cache miss)
2470 timing reifyNode:node_modules/is-docker Completed in 4617ms
2471 timing reifyNode:node_modules/no-case Completed in 4634ms
2472 http fetch GET 200 https://registry.npmjs.org/is-root/-/is-root-2.1.0.tgz 3669ms (cache miss)
2473 timing reifyNode:node_modules/is-root Completed in 4621ms
2474 http fetch GET 200 https://registry.npmjs.org/is-date-object/-/is-date-object-1.1.0.tgz 3656ms (cache miss)
2475 timing reifyNode:node_modules/lower-case Completed in 4640ms
2476 http fetch GET 200 https://registry.npmjs.org/is-data-view/-/is-data-view-1.0.2.tgz 3661ms (cache miss)
2477 timing reifyNode:node_modules/iterator.prototype Completed in 4638ms
2478 http fetch GET 200 https://registry.npmjs.org/is-glob/-/is-glob-4.0.3.tgz 3689ms (cache miss)
2479 timing reifyNode:node_modules/is-glob Completed in 4648ms
2480 http fetch GET 200 https://registry.npmjs.org/is-binary-path/-/is-binary-path-2.1.0.tgz 3680ms (cache miss)
2481 timing reifyNode:node_modules/is-binary-path Completed in 4649ms
2482 timing reifyNode:node_modules/pretty-error Completed in 4681ms
2483 http fetch GET 200 https://registry.npmjs.org/source-map/-/source-map-0.7.4.tgz 4000ms (cache miss)
2484 timing reifyNode:node_modules/source-map Completed in 4692ms
2485 timing reifyNode:node_modules/mime-db Completed in 4674ms
2486 http fetch GET 200 https://registry.npmjs.org/object.entries/-/object.entries-1.1.9.tgz 3820ms (cache miss)
2487 http fetch GET 200 https://registry.npmjs.org/is-bigint/-/is-bigint-1.1.0.tgz 3692ms (cache miss)
2488 http fetch GET 200 https://registry.npmjs.org/is-array-buffer/-/is-array-buffer-3.0.5.tgz 3690ms (cache miss)
2489 http fetch GET 200 https://registry.npmjs.org/is-boolean-object/-/is-boolean-object-1.2.2.tgz 3694ms (cache miss)
2490 http fetch GET 200 https://registry.npmjs.org/is-arrayish/-/is-arrayish-0.2.1.tgz 3692ms (cache miss)
2491 http fetch GET 200 https://registry.npmjs.org/is-number/-/is-number-7.0.0.tgz 3708ms (cache miss)
2492 timing reifyNode:node_modules/is-number Completed in 4666ms
2493 http fetch GET 200 https://registry.npmjs.org/ipaddr.js/-/ipaddr.js-2.2.0.tgz 3693ms (cache miss)
2494 http fetch GET 200 https://registry.npmjs.org/inherits/-/inherits-2.0.4.tgz 3692ms (cache miss)
2495 timing reifyNode:node_modules/inherits Completed in 4667ms
2496 http fetch GET 200 https://registry.npmjs.org/jest-runtime/-/jest-runtime-27.5.1.tgz 3749ms (cache miss)
2497 http fetch GET 200 https://registry.npmjs.org/is-map/-/is-map-2.0.3.tgz 3712ms (cache miss)
2498 http fetch GET 200 https://registry.npmjs.org/inflight/-/inflight-1.0.6.tgz 3696ms (cache miss)
2499 warn deprecated inflight@1.0.6: This module is not supported, and leaks memory. Do not use it. Check out lru-cache if you want a good and tested way to coalesce async requests by a key value, which is much more comprehensive and powerful.
2500 timing reifyNode:node_modules/inflight Completed in 4671ms
2501 http fetch GET 200 https://registry.npmjs.org/is-extglob/-/is-extglob-2.1.1.tgz 3708ms (cache miss)
2502 timing reifyNode:node_modules/is-extglob Completed in 4674ms
2503 http fetch GET 200 https://registry.npmjs.org/is-regex/-/is-regex-1.2.1.tgz 3728ms (cache miss)
2504 timing reifyNode:node_modules/is-arrayish Completed in 4686ms
2505 http fetch GET 200 https://registry.npmjs.org/jake/-/jake-10.9.2.tgz 4314ms (cache miss)
2506 timing reifyNode:node_modules/jest-matcher-utils Completed in 4694ms
2507 http fetch GET 200 https://registry.npmjs.org/is-obj/-/is-obj-1.0.1.tgz 3734ms (cache miss)
2508 timing reifyNode:node_modules/is-obj Completed in 4690ms
2509 http fetch GET 200 https://registry.npmjs.org/import-local/-/import-local-3.2.0.tgz 3717ms (cache miss)
2510 timing reifyNode:node_modules/import-local Completed in 4698ms
2511 http fetch GET 200 https://registry.npmjs.org/identity-obj-proxy/-/identity-obj-proxy-3.0.0.tgz 3716ms (cache miss)
2512 http fetch GET 200 https://registry.npmjs.org/is-core-module/-/is-core-module-2.16.1.tgz 3734ms (cache miss)
2513 http fetch GET 200 https://registry.npmjs.org/pretty-format/-/pretty-format-27.5.1.tgz 4003ms (cache miss)
2514 timing reifyNode:node_modules/jest-runner Completed in 4714ms
2515 http fetch GET 200 https://registry.npmjs.org/is-string/-/is-string-1.1.1.tgz 3765ms (cache miss)
2516 timing reifyNode:node_modules/postcss-nesting Completed in 4742ms
2517 http fetch GET 200 https://registry.npmjs.org/ignore/-/ignore-5.3.2.tgz 3733ms (cache miss)
2518 http fetch GET 200 https://registry.npmjs.org/has-property-descriptors/-/has-property-descriptors-1.0.2.tgz 3732ms (cache miss)
2519 http fetch GET 200 https://registry.npmjs.org/import-fresh/-/import-fresh-3.3.1.tgz 3751ms (cache miss)
2520 timing reifyNode:node_modules/import-fresh Completed in 4732ms
2521 http fetch GET 200 https://registry.npmjs.org/has-bigints/-/has-bigints-1.1.0.tgz 3745ms (cache miss)
2522 http fetch GET 200 https://registry.npmjs.org/istanbul-lib-instrument/-/istanbul-lib-instrument-5.2.1.tgz 3798ms (cache miss)
2523 http fetch GET 200 https://registry.npmjs.org/ini/-/ini-1.3.8.tgz 3762ms (cache miss)
2524 timing reifyNode:node_modules/ini Completed in 4736ms
2525 http fetch GET 200 https://registry.npmjs.org/has-flag/-/has-flag-4.0.0.tgz 3748ms (cache miss)
2526 timing reifyNode:node_modules/has-flag Completed in 4734ms
2527 http fetch GET 200 https://registry.npmjs.org/is-module/-/is-module-1.0.0.tgz 3782ms (cache miss)
2528 timing reifyNode:node_modules/is-module Completed in 4740ms
2529 http fetch GET 200 https://registry.npmjs.org/is-weakset/-/is-weakset-2.0.4.tgz 3801ms (cache miss)
2530 http fetch GET 200 https://registry.npmjs.org/is-typed-array/-/is-typed-array-1.1.15.tgz 3799ms (cache miss)
2531 http fetch GET 200 https://registry.npmjs.org/handle-thing/-/handle-thing-2.0.1.tgz 3751ms (cache miss)
2532 http fetch GET 200 https://registry.npmjs.org/imurmurhash/-/imurmurhash-0.1.4.tgz 3769ms (cache miss)
2533 timing reifyNode:node_modules/imurmurhash Completed in 4749ms
2534 http fetch GET 200 https://registry.npmjs.org/indent-string/-/indent-string-4.0.0.tgz 3769ms (cache miss)
2535 timing reifyNode:node_modules/indent-string Completed in 4749ms
2536 http fetch GET 200 https://registry.npmjs.org/graceful-fs/-/graceful-fs-4.2.11.tgz 3755ms (cache miss)
2537 timing reifyNode:node_modules/graceful-fs Completed in 4747ms
2538 timing reifyNode:node_modules/object.entries Completed in 4774ms
2539 timing reifyNode:node_modules/jake Completed in 4764ms
2540 http fetch GET 200 https://registry.npmjs.org/gopd/-/gopd-1.2.0.tgz 3763ms (cache miss)
2541 timing reifyNode:node_modules/istanbul-lib-coverage Completed in 4764ms
2542 timing reifyNode:node_modules/istanbul-lib-source-maps Completed in 4768ms
2543 timing reifyNode:node_modules/jest-runtime Completed in 4771ms
2544 http fetch GET 200 https://registry.npmjs.org/gzip-size/-/gzip-size-6.0.0.tgz 3769ms (cache miss)
2545 timing reifyNode:node_modules/gzip-size Completed in 4761ms
2546 http fetch GET 200 https://registry.npmjs.org/globalthis/-/globalthis-1.0.4.tgz 3767ms (cache miss)
2547 http fetch GET 200 https://registry.npmjs.org/icss-utils/-/icss-utils-5.1.0.tgz 3781ms (cache miss)
2548 timing reifyNode:node_modules/is-weakref Completed in 4770ms
2549 timing reifyNode:node_modules/handle-thing Completed in 4765ms
2550 timing reifyNode:node_modules/is-regex Completed in 4774ms
2551 http fetch GET 200 https://registry.npmjs.org/glob-to-regexp/-/glob-to-regexp-0.4.1.tgz 3773ms (cache miss)
2552 timing reifyNode:node_modules/glob-to-regexp Completed in 4770ms
2553 http fetch GET 200 https://registry.npmjs.org/spdy-transport/-/spdy-transport-3.0.0.tgz 4124ms (cache miss)
2554 http fetch GET 200 https://registry.npmjs.org/is-async-function/-/is-async-function-2.1.1.tgz 3806ms (cache miss)
2555 timing reifyNode:node_modules/istanbul-lib-report Completed in 4786ms
2556 http fetch GET 200 https://registry.npmjs.org/globby/-/globby-11.1.0.tgz 3786ms (cache miss)
2557 http fetch GET 200 https://registry.npmjs.org/harmony-reflect/-/harmony-reflect-1.6.2.tgz 3794ms (cache miss)
2558 http fetch GET 200 https://registry.npmjs.org/is-symbol/-/is-symbol-1.1.1.tgz 3842ms (cache miss)
2559 http fetch GET 200 https://registry.npmjs.org/glob-parent/-/glob-parent-6.0.2.tgz 3784ms (cache miss)
2560 timing reifyNode:node_modules/glob-parent Completed in 4781ms
2561 timing reifyNode:node_modules/json-stable-stringify-without-jsonify Completed in 4799ms
2562 timing reifyNode:node_modules/pretty-format Completed in 4817ms
2563 timing reifyNode:node_modules/is-weakmap Completed in 4794ms
2564 timing reifyNode:node_modules/is-string Completed in 4794ms
2565 timing reifyNode:node_modules/is-shared-array-buffer Completed in 4793ms
2566 http fetch GET 200 https://registry.npmjs.org/get-symbol-description/-/get-symbol-description-1.1.0.tgz 3789ms (cache miss)
2567 http fetch GET 200 https://registry.npmjs.org/is-generator-function/-/is-generator-function-1.1.0.tgz 3836ms (cache miss)
2568 http fetch GET 200 https://registry.npmjs.org/schema-utils/-/schema-utils-4.3.2.tgz 4116ms (cache miss)
2569 http fetch GET 200 https://registry.npmjs.org/qs/-/qs-6.13.0.tgz 4100ms (cache miss)
2570 http fetch GET 200 https://registry.npmjs.org/get-proto/-/get-proto-1.0.1.tgz 3793ms (cache miss)
2571 http fetch GET 200 https://registry.npmjs.org/globals/-/globals-11.12.0.tgz 3799ms (cache miss)
2572 timing reifyNode:node_modules/globals Completed in 4795ms
2573 http fetch GET 200 https://registry.npmjs.org/get-stream/-/get-stream-6.0.1.tgz 3795ms (cache miss)
2574 timing reifyNode:node_modules/get-stream Completed in 4794ms
2575 http fetch GET 200 https://registry.npmjs.org/get-own-enumerable-property-symbols/-/get-own-enumerable-property-symbols-3.0.2.tgz 3793ms (cache miss)
2576 timing reifyNode:node_modules/istanbul-lib-instrument Completed in 4807ms
2577 timing reifyNode:node_modules/globby Completed in 4799ms
2578 http fetch GET 200 https://registry.npmjs.org/function.prototype.name/-/function.prototype.name-1.1.8.tgz 3792ms (cache miss)
2579 timing reifyNode:node_modules/ipaddr.js Completed in 4806ms
2580 http fetch GET 200 https://registry.npmjs.org/type-fest/-/type-fest-0.21.3.tgz 4239ms (cache miss)
2581 timing reifyNode:node_modules/is-weakset Completed in 4818ms
2582 timing reifyNode:node_modules/icss-utils Completed in 4814ms
2583 timing reifyNode:node_modules/is-typed-array Completed in 4818ms
2584 http fetch GET 200 https://registry.npmjs.org/global-prefix/-/global-prefix-3.0.0.tgz 3818ms (cache miss)
2585 timing reifyNode:node_modules/global-prefix Completed in 4812ms
2586 http fetch GET 200 https://registry.npmjs.org/gensync/-/gensync-1.0.0-beta.2.tgz 3804ms (cache miss)
2587 http fetch GET 200 https://registry.npmjs.org/is-callable/-/is-callable-1.2.7.tgz 3851ms (cache miss)
2588 http fetch GET 200 https://registry.npmjs.org/global-modules/-/global-modules-2.0.0.tgz 3825ms (cache miss)
2589 timing reifyNode:node_modules/global-modules Completed in 4821ms
2590 http fetch GET 200 https://registry.npmjs.org/get-package-type/-/get-package-type-0.1.0.tgz 3820ms (cache miss)
2591 timing reifyNode:node_modules/get-own-enumerable-property-symbols Completed in 4821ms
2592 http fetch GET 200 https://registry.npmjs.org/function-bind/-/function-bind-1.1.2.tgz 3813ms (cache miss)
2593 http fetch GET 200 https://registry.npmjs.org/functions-have-names/-/functions-have-names-1.2.3.tgz 3814ms (cache miss)
2594 http fetch GET 200 https://registry.npmjs.org/fs.realpath/-/fs.realpath-1.0.0.tgz 3812ms (cache miss)
2595 timing reifyNode:node_modules/fs.realpath Completed in 4820ms
2596 http fetch GET 200 https://registry.npmjs.org/fresh/-/fresh-0.5.2.tgz 3815ms (cache miss)
2597 timing reifyNode:node_modules/fresh Completed in 4826ms
2598 http fetch GET 200 https://registry.npmjs.org/fs-monkey/-/fs-monkey-1.0.6.tgz 3817ms (cache miss)
2599 http fetch GET 200 https://registry.npmjs.org/filesize/-/filesize-8.0.7.tgz 3795ms (cache miss)
2600 http fetch GET 200 https://registry.npmjs.org/glob/-/glob-7.2.3.tgz 3834ms (cache miss)
2601 http fetch GET 200 https://registry.npmjs.org/forwarded/-/forwarded-0.2.0.tgz 3819ms (cache miss)
2602 timing reifyNode:node_modules/forwarded Completed in 4831ms
2603 http fetch GET 200 https://registry.npmjs.org/fill-range/-/fill-range-7.1.1.tgz 3797ms (cache miss)
2604 timing reifyNode:node_modules/fill-range Completed in 4829ms
2605 timing reifyNode:node_modules/is-core-module Completed in 4839ms
2606 http fetch GET 200 https://registry.npmjs.org/gh-pages/-/gh-pages-6.3.0.tgz 3838ms (cache miss)
2607 timing reifyNode:node_modules/is-finalizationregistry Completed in 4843ms
2608 timing reifyNode:node_modules/klona Completed in 4854ms
2609 timing reifyNode:node_modules/schema-utils Completed in 4876ms
2610 timing reifyNode:node_modules/ignore Completed in 4843ms
2611 timing reifyNode:node_modules/is-set Completed in 4847ms
2612 http fetch GET 200 https://registry.npmjs.org/filename-reserved-regex/-/filename-reserved-regex-2.0.0.tgz 3803ms (cache miss)
2613 timing reifyNode:node_modules/filename-reserved-regex Completed in 4838ms
2614 timing reifyNode:node_modules/get-package-type Completed in 4843ms
2615 timing reifyNode:node_modules/spdy-transport Completed in 4886ms
2616 timing reifyNode:node_modules/is-async-function Completed in 4850ms
2617 http fetch GET 200 https://registry.npmjs.org/get-caller-file/-/get-caller-file-2.0.5.tgz 3841ms (cache miss)
2618 timing reifyNode:node_modules/get-caller-file Completed in 4846ms
2619 http fetch GET 200 https://registry.npmjs.org/internal-slot/-/internal-slot-1.1.0.tgz 3884ms (cache miss)
2620 timing reifyNode:node_modules/harmony-reflect Completed in 4855ms
2621 timing reifyNode:node_modules/is-symbol Completed in 4861ms
2622 timing reifyNode:node_modules/is-number-object Completed in 4861ms
2623 http fetch GET 200 https://registry.npmjs.org/file-loader/-/file-loader-6.2.0.tgz 3816ms (cache miss)
2624 http fetch GET 200 https://registry.npmjs.org/filelist/-/filelist-1.0.4.tgz 3817ms (cache miss)
2625 timing reifyNode:node_modules/filelist Completed in 4852ms
2626 http fetch GET 200 https://registry.npmjs.org/file-entry-cache/-/file-entry-cache-6.0.1.tgz 3816ms (cache miss)
2627 timing reifyNode:node_modules/file-entry-cache Completed in 4853ms
2628 http fetch GET 200 https://registry.npmjs.org/react/-/react-19.1.0.tgz 4176ms (cache miss)
2629 timing reifyNode:node_modules/is-generator-function Completed in 4867ms
2630 http fetch GET 200 https://registry.npmjs.org/fastq/-/fastq-1.19.1.tgz 3820ms (cache miss)
2631 http fetch GET 200 https://registry.npmjs.org/https-proxy-agent/-/https-proxy-agent-5.0.1.tgz 3881ms (cache miss)
2632 timing reifyNode:node_modules/qs Completed in 4897ms
2633 http fetch GET 200 https://registry.npmjs.org/fast-levenshtein/-/fast-levenshtein-2.0.6.tgz 3824ms (cache miss)
2634 timing reifyNode:node_modules/fast-levenshtein Completed in 4861ms
2635 timing reifyNode:node_modules/has-property-descriptors Completed in 4870ms
2636 timing reifyNode:node_modules/loader-utils Completed in 4891ms
2637 timing reifyNode:node_modules/is-date-object Completed in 4881ms
2638 timing reifyNode:node_modules/is-bigint Completed in 4881ms
2639 timing reifyNode:node_modules/is-array-buffer Completed in 4882ms
2640 timing reifyNode:node_modules/is-data-view Completed in 4889ms
2641 warn deprecated glob@7.2.3: Glob versions prior to v9 are no longer supported
2642 timing reifyNode:node_modules/glob Completed in 4886ms
2643 timing reifyNode:node_modules/is-map Completed in 4893ms
2644 http fetch GET 200 https://registry.npmjs.org/fb-watchman/-/fb-watchman-2.0.2.tgz 3846ms (cache miss)
2645 timing reifyNode:node_modules/fb-watchman Completed in 4884ms
2646 timing reifyNode:node_modules/type-fest Completed in 4940ms
2647 timing reifyNode:node_modules/gh-pages Completed in 4889ms
2648 http fetch GET 200 https://registry.npmjs.org/filenamify/-/filenamify-4.3.0.tgz 3853ms (cache miss)
2649 timing reifyNode:node_modules/filenamify Completed in 4886ms
2650 http fetch GET 200 https://registry.npmjs.org/exit/-/exit-0.1.2.tgz 3844ms (cache miss)
2651 timing reifyNode:node_modules/is-callable Completed in 4897ms
2652 timing reifyNode:node_modules/jest-watch-typeahead Completed in 4909ms
2653 http fetch GET 200 https://registry.npmjs.org/esutils/-/esutils-2.0.3.tgz 3849ms (cache miss)
2654 http fetch GET 200 https://registry.npmjs.org/esrecurse/-/esrecurse-4.3.0.tgz 3848ms (cache miss)
2655 timing reifyNode:node_modules/esrecurse Completed in 4899ms
2656 timing reifyNode:node_modules/gensync Completed in 4908ms
2657 http fetch GET 200 https://registry.npmjs.org/object.assign/-/object.assign-4.1.7.tgz 4068ms (cache miss)
2658 http fetch GET 200 https://registry.npmjs.org/faye-websocket/-/faye-websocket-0.11.4.tgz 3869ms (cache miss)
2659 http fetch GET 200 https://registry.npmjs.org/nanoid/-/nanoid-3.3.11.tgz 4059ms (cache miss)
2660 http fetch GET 200 https://registry.npmjs.org/fast-deep-equal/-/fast-deep-equal-3.1.3.tgz 3871ms (cache miss)
2661 timing reifyNode:node_modules/has-bigints Completed in 4919ms
2662 timing reifyNode:node_modules/internal-slot Completed in 4928ms
2663 http fetch GET 200 https://registry.npmjs.org/minimist/-/minimist-1.2.8.tgz 4060ms (cache miss)
2664 http fetch GET 200 https://registry.npmjs.org/eslint-visitor-keys/-/eslint-visitor-keys-3.4.3.tgz 3869ms (cache miss)
2665 timing reifyNode:node_modules/react Completed in 4963ms
2666 timing reifyNode:node_modules/nth-check Completed in 4956ms
2667 timing reifyNode:node_modules/https-proxy-agent Completed in 4939ms
2668 http fetch GET 200 https://registry.npmjs.org/postcss-calc/-/postcss-calc-8.2.4.tgz 4160ms (cache miss)
2669 http fetch GET 200 https://registry.npmjs.org/etag/-/etag-1.8.1.tgz 3890ms (cache miss)
2670 timing reifyNode:node_modules/etag Completed in 4936ms
2671 http fetch GET 200 https://registry.npmjs.org/estraverse/-/estraverse-5.3.0.tgz 3889ms (cache miss)
2672 timing reifyNode:node_modules/is-boolean-object Completed in 4949ms
2673 http fetch GET 200 https://registry.npmjs.org/estree-walker/-/estree-walker-1.0.1.tgz 3896ms (cache miss)
2674 http fetch GET 200 https://registry.npmjs.org/eslint-import-resolver-node/-/eslint-import-resolver-node-0.3.9.tgz 3883ms (cache miss)
2675 timing reifyNode:node_modules/eslint-import-resolver-node Completed in 4945ms
2676 http fetch GET 200 https://registry.npmjs.org/escape-string-regexp/-/escape-string-regexp-4.0.0.tgz 3887ms (cache miss)
2677 timing reifyNode:node_modules/escape-string-regexp Completed in 4950ms
2678 http fetch GET 200 https://registry.npmjs.org/eslint-config-react-app/-/eslint-config-react-app-7.0.1.tgz 3890ms (cache miss)
2679 timing reifyNode:node_modules/estraverse Completed in 4954ms
2680 timing reifyNode:node_modules/gopd Completed in 4962ms
2681 http fetch GET 200 https://registry.npmjs.org/get-intrinsic/-/get-intrinsic-1.3.0.tgz 3960ms (cache miss)
2682 http fetch GET 200 https://registry.npmjs.org/fraction.js/-/fraction.js-4.3.7.tgz 3953ms (cache miss)
2683 http fetch GET 200 https://registry.npmjs.org/eventemitter3/-/eventemitter3-4.0.7.tgz 3911ms (cache miss)
2684 http fetch GET 200 https://registry.npmjs.org/react-dev-utils/-/react-dev-utils-12.0.1.tgz 4283ms (cache miss)
2685 timing reifyNode:node_modules/file-loader Completed in 4963ms
2686 http fetch GET 200 https://registry.npmjs.org/escape-html/-/escape-html-1.0.3.tgz 3895ms (cache miss)
2687 timing reifyNode:node_modules/escape-html Completed in 4960ms
2688 http fetch GET 200 https://registry.npmjs.org/escalade/-/escalade-3.2.0.tgz 3896ms (cache miss)
2689 timing reifyNode:node_modules/object.assign Completed in 4990ms
2690 http fetch GET 200 https://registry.npmjs.org/es-to-primitive/-/es-to-primitive-1.3.0.tgz 3896ms (cache miss)
2691 http fetch GET 200 https://registry.npmjs.org/parse5/-/parse5-6.0.1.tgz 4642ms (cache miss)
2692 timing reifyNode:node_modules/nanoid Completed in 4993ms
2693 http fetch GET 200 https://registry.npmjs.org/es-set-tostringtag/-/es-set-tostringtag-2.1.0.tgz 3898ms (cache miss)
2694 http fetch GET 200 https://registry.npmjs.org/react-scripts/-/react-scripts-5.0.1.tgz 4297ms (cache miss)
2695 timing reifyNode:node_modules/functions-have-names Completed in 4976ms
2696 timing reifyNode:node_modules/eslint-config-react-app Completed in 4970ms
2697 http fetch GET 200 https://registry.npmjs.org/es-define-property/-/es-define-property-1.0.1.tgz 3901ms (cache miss)
2698 timing reifyNode:node_modules/minimist Completed in 5008ms
2699 timing reifyNode:node_modules/jest-watcher Completed in 5007ms
2700 http fetch GET 200 https://registry.npmjs.org/es-array-method-boxes-properly/-/es-array-method-boxes-properly-1.0.0.tgz 3916ms (cache miss)
2701 http fetch GET 200 https://registry.npmjs.org/es-errors/-/es-errors-1.3.0.tgz 3917ms (cache miss)
2702 http fetch GET 200 https://registry.npmjs.org/mini-css-extract-plugin/-/mini-css-extract-plugin-2.9.2.tgz 4134ms (cache miss)
2703 timing reifyNode:node_modules/postcss-calc Completed in 5029ms
2704 http fetch GET 200 https://registry.npmjs.org/encodeurl/-/encodeurl-2.0.0.tgz 3918ms (cache miss)
2705 timing reifyNode:node_modules/encodeurl Completed in 4994ms
2706 timing reifyNode:node_modules/react-dev-utils Completed in 5040ms
2707 http fetch GET 200 https://registry.npmjs.org/human-signals/-/human-signals-2.1.0.tgz 4028ms (cache miss)
2708 timing reifyNode:node_modules/get-symbol-description Completed in 5008ms
2709 http fetch GET 200 https://registry.npmjs.org/es-shim-unscopables/-/es-shim-unscopables-1.1.0.tgz 3935ms (cache miss)
2710 timing reifyNode:node_modules/fast-deep-equal Completed in 5011ms
2711 timing reifyNode:node_modules/get-intrinsic Completed in 5017ms
2712 timing reifyNode:node_modules/fraction.js Completed in 5017ms
2713 timing reifyNode:node_modules/fs-monkey Completed in 5017ms
2714 http fetch GET 200 https://registry.npmjs.org/milligram/-/milligram-1.4.1.tgz 4151ms (cache miss)
2715 timing reifyNode:node_modules/eventemitter3 Completed in 5016ms
2716 http fetch GET 200 https://registry.npmjs.org/emittery/-/emittery-0.8.1.tgz 3934ms (cache miss)
2717 http fetch GET 200 https://registry.npmjs.org/workbox-background-sync/-/workbox-background-sync-6.6.0.tgz 4511ms (cache miss)
2718 timing reifyNode:node_modules/estree-walker Completed in 5018ms
2719 http fetch GET 200 https://registry.npmjs.org/eslint-plugin-react-hooks/-/eslint-plugin-react-hooks-4.6.2.tgz 3964ms (cache miss)
2720 timing reifyNode:node_modules/es-array-method-boxes-properly Completed in 5017ms
2721 timing reifyNode:node_modules/parse5 Completed in 5051ms
2722 timing reifyNode:node_modules/jest-resolve Completed in 5043ms
2723 timing reifyNode:node_modules/react-scripts Completed in 5067ms
2724 timing reifyNode:node_modules/stylehacks Completed in 5080ms
2725 timing reifyNode:node_modules/esutils Completed in 5039ms
2726 http fetch GET 200 https://registry.npmjs.org/error-ex/-/error-ex-1.3.2.tgz 3962ms (cache miss)
2727 timing reifyNode:node_modules/error-ex Completed in 5037ms
2728 timing reifyNode:node_modules/globalthis Completed in 5057ms
2729 timing reifyNode:node_modules/emittery Completed in 5047ms
2730 timing reifyNode:node_modules/human-signals Completed in 5063ms
2731 http fetch GET 200 https://registry.npmjs.org/execa/-/execa-5.1.1.tgz 4012ms (cache miss)
2732 timing reifyNode:node_modules/get-proto Completed in 5065ms
2733 timing reifyNode:node_modules/mini-css-extract-plugin Completed in 5085ms
2734 http fetch GET 200 https://registry.npmjs.org/ee-first/-/ee-first-1.1.1.tgz 3976ms (cache miss)
2735 timing reifyNode:node_modules/ee-first Completed in 5056ms
2736 timing reifyNode:node_modules/function-bind Completed in 5077ms
2737 timing reifyNode:node_modules/postcss-ordered-values Completed in 5109ms
2738 timing reifyNode:node_modules/identity-obj-proxy Completed in 5091ms
2739 timing reifyNode:node_modules/milligram Completed in 5130ms
2740 http fetch GET 200 https://registry.npmjs.org/dunder-proto/-/dunder-proto-1.0.1.tgz 4022ms (cache miss)
2741 http fetch GET 200 https://registry.npmjs.org/eastasianwidth/-/eastasianwidth-0.2.0.tgz 4022ms (cache miss)
2742 timing reifyNode:node_modules/eastasianwidth Completed in 5104ms
2743 http fetch GET 200 https://registry.npmjs.org/duplexer/-/duplexer-0.1.2.tgz 4022ms (cache miss)
2744 timing reifyNode:node_modules/duplexer Completed in 5104ms
2745 http fetch GET 200 https://registry.npmjs.org/workbox-routing/-/workbox-routing-6.6.0.tgz 4612ms (cache miss)
2746 timing reifyNode:node_modules/jest-validate Completed in 5130ms
2747 timing reifyNode:node_modules/workbox-background-sync Completed in 5177ms
2748 http fetch GET 200 https://registry.npmjs.org/dotenv/-/dotenv-10.0.0.tgz 4025ms (cache miss)
2749 timing reifyNode:node_modules/escalade Completed in 5114ms
2750 timing reifyNode:node_modules/eslint-visitor-keys Completed in 5117ms
2751 timing reifyNode:node_modules/eslint-plugin-react-hooks Completed in 5116ms
2752 timing reifyNode:node_modules/execa Completed in 5120ms
2753 timing reifyNode:node_modules/es-set-tostringtag Completed in 5122ms
2754 http fetch GET 200 https://registry.npmjs.org/dotenv-expand/-/dotenv-expand-5.1.0.tgz 4037ms (cache miss)
2755 timing reifyNode:node_modules/dotenv-expand Completed in 5125ms
2756 http fetch GET 200 https://registry.npmjs.org/minipass/-/minipass-7.1.2.tgz 4280ms (cache miss)
2757 http fetch GET 200 https://registry.npmjs.org/domexception/-/domexception-2.0.1.tgz 4041ms (cache miss)
2758 timing reifyNode:node_modules/filesize Completed in 5142ms
2759 http fetch GET 200 https://registry.npmjs.org/dom-serializer/-/dom-serializer-1.4.1.tgz 4047ms (cache miss)
2760 http fetch GET 200 https://registry.npmjs.org/dom-converter/-/dom-converter-0.2.0.tgz 4050ms (cache miss)
2761 http fetch GET 200 https://registry.npmjs.org/dns-packet/-/dns-packet-5.6.1.tgz 4052ms (cache miss)
2762 http fetch GET 200 https://registry.npmjs.org/magic-string/-/magic-string-0.25.9.tgz 4279ms (cache miss)
2763 http fetch GET 200 https://registry.npmjs.org/lz-string/-/lz-string-1.5.0.tgz 4283ms (cache miss)
2764 http fetch GET 200 https://registry.npmjs.org/espree/-/espree-9.6.1.tgz 4109ms (cache miss)
2765 http fetch GET 200 https://registry.npmjs.org/domelementtype/-/domelementtype-2.3.0.tgz 4068ms (cache miss)
2766 timing reifyNode:node_modules/dom-converter Completed in 5166ms
2767 http fetch GET 200 https://registry.npmjs.org/dlv/-/dlv-1.1.3.tgz 4072ms (cache miss)
2768 timing reifyNode:node_modules/es-define-property Completed in 5170ms
2769 timing reifyNode:node_modules/minipass Completed in 5199ms
2770 timing reifyNode:node_modules/workbox-routing Completed in 5244ms
2771 timing reifyNode:node_modules/es-shim-unscopables Completed in 5180ms
2772 http fetch GET 200 https://registry.npmjs.org/fast-json-stable-stringify/-/fast-json-stable-stringify-2.1.0.tgz 4148ms (cache miss)
2773 http fetch GET 200 https://registry.npmjs.org/yargs/-/yargs-16.2.0.tgz 4704ms (cache miss)
2774 http fetch GET 200 https://registry.npmjs.org/postcss-selector-parser/-/postcss-selector-parser-6.1.2.tgz 4488ms (cache miss)
2775 http fetch GET 200 https://registry.npmjs.org/idb/-/idb-7.1.1.tgz 4215ms (cache miss)
2776 http fetch GET 200 https://registry.npmjs.org/jest-snapshot/-/jest-snapshot-27.5.1.tgz 4281ms (cache miss)
2777 http fetch GET 200 https://registry.npmjs.org/didyoumean/-/didyoumean-1.2.2.tgz 4085ms (cache miss)
2778 timing reifyNode:node_modules/didyoumean Completed in 5182ms
2779 http fetch GET 200 https://registry.npmjs.org/detect-newline/-/detect-newline-3.1.0.tgz 4084ms (cache miss)
2780 timing reifyNode:node_modules/detect-newline Completed in 5181ms
2781 timing reifyNode:node_modules/magic-string Completed in 5213ms
2782 http fetch GET 200 https://registry.npmjs.org/promise/-/promise-8.3.0.tgz 4503ms (cache miss)
2783 timing reifyNode:node_modules/espree Completed in 5195ms
2784 http fetch GET 200 https://registry.npmjs.org/jest-worker/-/jest-worker-27.5.1.tgz 4293ms (cache miss)
2785 http fetch GET 200 https://registry.npmjs.org/es-object-atoms/-/es-object-atoms-1.1.1.tgz 4135ms (cache miss)
2786 http fetch GET 200 https://registry.npmjs.org/delayed-stream/-/delayed-stream-1.0.0.tgz 4099ms (cache miss)
2787 timing reifyNode:node_modules/delayed-stream Completed in 5203ms
2788 timing reifyNode:node_modules/math-intrinsics Completed in 5235ms
2789 http fetch GET 200 https://registry.npmjs.org/dequal/-/dequal-2.0.3.tgz 4107ms (cache miss)
2790 http fetch GET 200 https://registry.npmjs.org/depd/-/depd-2.0.0.tgz 4106ms (cache miss)
2791 http fetch GET 200 https://registry.npmjs.org/json5/-/json5-2.2.3.tgz 4323ms (cache miss)
2792 timing reifyNode:node_modules/lz-string Completed in 5241ms
2793 http fetch GET 200 https://registry.npmjs.org/error-stack-parser/-/error-stack-parser-2.1.4.tgz 4131ms (cache miss)
2794 http fetch GET 200 https://registry.npmjs.org/object-inspect/-/object-inspect-1.13.4.tgz 4394ms (cache miss)
2795 timing reifyNode:node_modules/postcss-selector-parser Completed in 5264ms
2796 timing reifyNode:node_modules/jest-snapshot Completed in 5247ms
2797 http fetch GET 200 https://registry.npmjs.org/define-properties/-/define-properties-1.2.1.tgz 4118ms (cache miss)
2798 timing reifyNode:node_modules/dlv Completed in 5224ms
2799 http fetch GET 200 https://registry.npmjs.org/define-data-property/-/define-data-property-1.1.4.tgz 4119ms (cache miss)
2800 http fetch GET 200 https://registry.npmjs.org/domhandler/-/domhandler-4.3.1.tgz 4137ms (cache miss)
2801 warn deprecated domexception@2.0.1: Use your platform's native DOMException instead
2802 timing reifyNode:node_modules/domexception Completed in 5227ms
2803 timing reifyNode:node_modules/function.prototype.name Completed in 5237ms
2804 http fetch GET 200 https://registry.npmjs.org/detect-node/-/detect-node-2.1.0.tgz 4129ms (cache miss)
2805 timing reifyNode:node_modules/detect-node Completed in 5226ms
2806 timing reifyNode:node_modules/promise Completed in 5272ms
2807 http fetch GET 200 https://registry.npmjs.org/define-lazy-prop/-/define-lazy-prop-2.0.0.tgz 4124ms (cache miss)
2808 timing reifyNode:node_modules/define-lazy-prop Completed in 5229ms
2809 http fetch GET 200 https://registry.npmjs.org/destroy/-/destroy-1.2.0.tgz 4129ms (cache miss)
2810 timing reifyNode:node_modules/destroy Completed in 5231ms
2811 http fetch GET 200 https://registry.npmjs.org/default-gateway/-/default-gateway-6.0.3.tgz 4129ms (cache miss)
2812 http fetch GET 200 https://registry.npmjs.org/deep-is/-/deep-is-0.1.4.tgz 4127ms (cache miss)
2813 http fetch GET 200 https://registry.npmjs.org/uuid/-/uuid-8.3.2.tgz 4713ms (cache miss)
2814 timing reifyNode:node_modules/fast-json-stable-stringify Completed in 5247ms
2815 timing reifyNode:node_modules/yargs Completed in 5314ms
2816 timing reifyNode:node_modules/idb Completed in 5257ms
2817 timing reifyNode:node_modules/dns-packet Completed in 5241ms
2818 http fetch GET 200 https://registry.npmjs.org/dir-glob/-/dir-glob-3.0.1.tgz 4149ms (cache miss)
2819 timing reifyNode:node_modules/dir-glob Completed in 5246ms
2820 http fetch GET 200 https://registry.npmjs.org/eslint-scope/-/eslint-scope-7.2.2.tgz 4203ms (cache miss)
2821 timing reifyNode:node_modules/jest-worker Completed in 5277ms
2822 timing reifyNode:node_modules/faye-websocket Completed in 5260ms
2823 http fetch GET 200 https://registry.npmjs.org/dedent/-/dedent-0.7.0.tgz 4149ms (cache miss)
2824 timing reifyNode:node_modules/dedent Completed in 5257ms
2825 http fetch GET 200 https://registry.npmjs.org/workbox-strategies/-/workbox-strategies-6.6.0.tgz 4767ms (cache miss)
2826 timing reifyNode:node_modules/es-object-atoms Completed in 5271ms
2827 timing reifyNode:node_modules/depd Completed in 5270ms
2828 http fetch GET 200 https://registry.npmjs.org/diff-sequences/-/diff-sequences-27.5.1.tgz 4177ms (cache miss)
2829 http fetch GET 200 https://registry.npmjs.org/data-view-byte-offset/-/data-view-byte-offset-1.0.1.tgz 4161ms (cache miss)
2830 timing reifyNode:node_modules/json5 Completed in 5299ms
2831 http fetch GET 200 https://registry.npmjs.org/eslint-webpack-plugin/-/eslint-webpack-plugin-3.2.0.tgz 4226ms (cache miss)
2832 http fetch GET 200 https://registry.npmjs.org/es-module-lexer/-/es-module-lexer-1.7.0.tgz 4200ms (cache miss)
2833 http fetch GET 200 https://registry.npmjs.org/semver/-/semver-7.7.1.tgz 4617ms (cache miss)
2834 timing reifyNode:node_modules/error-stack-parser Completed in 5277ms
2835 timing reifyNode:node_modules/fastq Completed in 5284ms
2836 timing reifyNode:node_modules/object-inspect Completed in 5313ms
2837 http fetch GET 200 https://registry.npmjs.org/data-view-buffer/-/data-view-buffer-1.0.2.tgz 4168ms (cache miss)
2838 http fetch GET 200 https://registry.npmjs.org/debug/-/debug-4.4.0.tgz 4172ms (cache miss)
2839 http fetch GET 200 https://registry.npmjs.org/cross-spawn/-/cross-spawn-7.0.6.tgz 4170ms (cache miss)
2840 http fetch GET 200 https://registry.npmjs.org/core-util-is/-/core-util-is-1.0.3.tgz 4167ms (cache miss)
2841 timing reifyNode:node_modules/core-util-is Completed in 5283ms
2842 http fetch GET 200 https://registry.npmjs.org/workbox-window/-/workbox-window-6.6.0.tgz 4802ms (cache miss)
2843 timing reifyNode:node_modules/uuid Completed in 5359ms
2844 http fetch GET 200 https://registry.npmjs.org/data-view-byte-length/-/data-view-byte-length-1.0.2.tgz 4188ms (cache miss)
2845 http fetch GET 200 https://registry.npmjs.org/cookie/-/cookie-0.7.1.tgz 4176ms (cache miss)
2846 timing reifyNode:node_modules/cookie Completed in 5297ms
2847 http fetch GET 200 https://registry.npmjs.org/dot-case/-/dot-case-3.0.4.tgz 4216ms (cache miss)
2848 http fetch GET 200 https://registry.npmjs.org/content-type/-/content-type-1.0.5.tgz 4178ms (cache miss)
2849 timing reifyNode:node_modules/content-type Completed in 5300ms
2850 timing reifyNode:node_modules/dunder-proto Completed in 5305ms
2851 timing reifyNode:node_modules/eslint-scope Completed in 5312ms
2852 http fetch GET 200 https://registry.npmjs.org/emojis-list/-/emojis-list-3.0.0.tgz 4231ms (cache miss)
2853 http fetch GET 200 https://registry.npmjs.org/content-disposition/-/content-disposition-0.5.4.tgz 4181ms (cache miss)
2854 http fetch GET 200 https://registry.npmjs.org/confusing-browser-globals/-/confusing-browser-globals-1.0.11.tgz 4180ms (cache miss)
2855 timing reifyNode:node_modules/confusing-browser-globals Completed in 5302ms
2856 timing reifyNode:node_modules/content-disposition Completed in 5302ms
2857 http fetch GET 200 https://registry.npmjs.org/connect-history-api-fallback/-/connect-history-api-fallback-2.0.0.tgz 4182ms (cache miss)
2858 timing reifyNode:node_modules/connect-history-api-fallback Completed in 5303ms
2859 timing reifyNode:node_modules/deep-is Completed in 5311ms
2860 http fetch GET 200 https://registry.npmjs.org/concat-map/-/concat-map-0.0.1.tgz 4184ms (cache miss)
2861 timing reifyNode:node_modules/workbox-strategies Completed in 5387ms
2862 http fetch GET 200 https://registry.npmjs.org/electron-to-chromium/-/electron-to-chromium-1.5.151.tgz 4236ms (cache miss)
2863 timing reifyNode:node_modules/define-properties Completed in 5314ms
2864 timing reifyNode:node_modules/debug Completed in 5313ms
2865 http fetch GET 200 https://registry.npmjs.org/crypto-random-string/-/crypto-random-string-2.0.0.tgz 4204ms (cache miss)
2866 timing reifyNode:node_modules/crypto-random-string Completed in 5314ms
2867 http fetch GET 200 https://registry.npmjs.org/ejs/-/ejs-3.1.10.tgz 4240ms (cache miss)
2868 http fetch GET 200 https://registry.npmjs.org/esprima/-/esprima-4.0.1.tgz 4273ms (cache miss)
2869 timing reifyNode:node_modules/diff-sequences Completed in 5319ms
2870 http fetch GET 200 https://registry.npmjs.org/commondir/-/commondir-1.0.1.tgz 4190ms (cache miss)
2871 timing reifyNode:node_modules/eslint-webpack-plugin Completed in 5326ms
2872 timing reifyNode:node_modules/emojis-list Completed in 5322ms
2873 timing reifyNode:node_modules/es-module-lexer Completed in 5330ms
2874 timing reifyNode:node_modules/semver Completed in 5377ms
2875 timing reifyNode:node_modules/workbox-window Completed in 5401ms
2876 timing reifyNode:node_modules/dotenv Completed in 5329ms
2877 timing reifyNode:node_modules/domelementtype Completed in 5334ms
2878 http fetch GET 200 https://registry.npmjs.org/doctrine/-/doctrine-3.0.0.tgz 4243ms (cache miss)
2879 timing reifyNode:node_modules/default-gateway Completed in 5333ms
2880 http fetch GET 200 https://registry.npmjs.org/combined-stream/-/combined-stream-1.0.8.tgz 4204ms (cache miss)
2881 timing reifyNode:node_modules/combined-stream Completed in 5330ms
2882 http fetch GET 200 https://registry.npmjs.org/cookie-signature/-/cookie-signature-1.0.6.tgz 4215ms (cache miss)
2883 timing reifyNode:node_modules/cookie-signature Completed in 5334ms
2884 http fetch GET 200 https://registry.npmjs.org/jest-util/-/jest-util-27.5.1.tgz 4444ms (cache miss)
2885 http fetch GET 200 https://registry.npmjs.org/color-name/-/color-name-1.1.4.tgz 4206ms (cache miss)
2886 timing reifyNode:node_modules/color-name Completed in 5337ms
2887 http fetch GET 200 https://registry.npmjs.org/convert-source-map/-/convert-source-map-2.0.0.tgz 4221ms (cache miss)
2888 timing reifyNode:node_modules/convert-source-map Completed in 5342ms
2889 timing reifyNode:node_modules/commondir Completed in 5341ms
2890 http fetch GET 200 https://registry.npmjs.org/deepmerge/-/deepmerge-4.3.1.tgz 4240ms (cache miss)
2891 timing reifyNode:node_modules/exit Completed in 5359ms
2892 http fetch GET 200 https://registry.npmjs.org/email-addresses/-/email-addresses-5.0.0.tgz 4276ms (cache miss)
2893 timing reifyNode:node_modules/concat-map Completed in 5348ms
2894 http fetch GET 200 https://registry.npmjs.org/http-proxy-middleware/-/http-proxy-middleware-2.0.9.tgz 4385ms (cache miss)
2895 http fetch GET 200 https://registry.npmjs.org/colorette/-/colorette-2.0.20.tgz 4219ms (cache miss)
2896 timing reifyNode:node_modules/colorette Completed in 5351ms
2897 timing reifyNode:node_modules/cross-spawn Completed in 5353ms
2898 timing reifyNode:node_modules/dot-case Completed in 5359ms
2899 timing reifyNode:node_modules/dequal Completed in 5358ms
2900 http fetch GET 200 https://registry.npmjs.org/color-convert/-/color-convert-2.0.1.tgz 4220ms (cache miss)
2901 http fetch GET 200 https://registry.npmjs.org/collect-v8-coverage/-/collect-v8-coverage-1.0.2.tgz 4219ms (cache miss)
2902 timing reifyNode:node_modules/collect-v8-coverage Completed in 5353ms
2903 http fetch GET 200 https://registry.npmjs.org/path-scurry/-/path-scurry-1.11.1.tgz 4582ms (cache miss)
2904 http fetch GET 200 https://registry.npmjs.org/cssstyle/-/cssstyle-2.3.0.tgz 4963ms (cache miss)
2905 timing reifyNode:node_modules/electron-to-chromium Completed in 5369ms
2906 http fetch GET 200 https://registry.npmjs.org/detect-port-alt/-/detect-port-alt-1.1.6.tgz 4272ms (cache miss)
2907 http fetch GET 200 https://registry.npmjs.org/compression/-/compression-1.8.0.tgz 4242ms (cache miss)
2908 timing reifyNode:node_modules/ejs Completed in 5371ms
2909 timing reifyNode:node_modules/esprima Completed in 5377ms
2910 timing reifyNode:node_modules/compression Completed in 5366ms
2911 timing reifyNode:node_modules/domhandler Completed in 5373ms
2912 http fetch GET 200 https://registry.npmjs.org/co/-/co-4.6.0.tgz 4232ms (cache miss)
2913 timing reifyNode:node_modules/co Completed in 5365ms
2914 timing reifyNode:node_modules/doctrine Completed in 5383ms
2915 timing reifyNode:node_modules/es-errors Completed in 5385ms
2916 http fetch GET 200 https://registry.npmjs.org/memfs/-/memfs-3.5.3.tgz 4530ms (cache miss)
2917 timing reifyNode:node_modules/http-proxy-middleware Completed in 5407ms
2918 timing reifyNode:node_modules/jest-util Completed in 5417ms
2919 http fetch GET 200 https://registry.npmjs.org/ci-info/-/ci-info-3.9.0.tgz 4254ms (cache miss)
2920 http fetch GET 200 https://registry.npmjs.org/chrome-trace-event/-/chrome-trace-event-1.0.4.tgz 4255ms (cache miss)
2921 timing reifyNode:node_modules/chrome-trace-event Completed in 5391ms
2922 timing reifyNode:node_modules/deepmerge Completed in 5400ms
2923 timing reifyNode:node_modules/email-addresses Completed in 5405ms
2924 http fetch GET 200 https://registry.npmjs.org/cliui/-/cliui-7.0.4.tgz 4264ms (cache miss)
2925 timing reifyNode:node_modules/detect-port-alt Completed in 5408ms
2926 http fetch GET 200 https://registry.npmjs.org/psl/-/psl-1.15.0.tgz 4726ms (cache miss)
2927 http fetch GET 200 https://registry.npmjs.org/autoprefixer/-/autoprefixer-10.4.21.tgz 4985ms (cache miss)
2928 http fetch GET 200 https://registry.npmjs.org/entities/-/entities-2.2.0.tgz 4338ms (cache miss)
2929 http fetch GET 200 https://registry.npmjs.org/char-regex/-/char-regex-1.0.2.tgz 4263ms (cache miss)
2930 timing reifyNode:node_modules/char-regex Completed in 5402ms
2931 http fetch GET 200 https://registry.npmjs.org/case-sensitive-paths-webpack-plugin/-/case-sensitive-paths-webpack-plugin-2.4.0.tgz 4262ms (cache miss)
2932 timing reifyNode:node_modules/case-sensitive-paths-webpack-plugin Completed in 5402ms
2933 timing reifyNode:node_modules/define-data-property Completed in 5409ms
2934 http fetch GET 200 https://registry.npmjs.org/emoji-regex/-/emoji-regex-9.2.2.tgz 4335ms (cache miss)
2935 timing reifyNode:node_modules/data-view-byte-offset Completed in 5409ms
2936 timing reifyNode:node_modules/color-convert Completed in 5404ms
2937 http fetch GET 200 https://registry.npmjs.org/caniuse-api/-/caniuse-api-3.0.0.tgz 4260ms (cache miss)
2938 timing reifyNode:node_modules/path-scurry Completed in 5453ms
2939 timing reifyNode:node_modules/cssstyle Completed in 5417ms
2940 timing reifyNode:node_modules/memfs Completed in 5450ms
2941 timing reifyNode:node_modules/data-view-buffer Completed in 5418ms
2942 http fetch GET 200 https://registry.npmjs.org/camelcase-css/-/camelcase-css-2.0.1.tgz 4270ms (cache miss)
2943 timing reifyNode:node_modules/camelcase-css Completed in 5415ms
2944 http fetch GET 200 https://registry.npmjs.org/express/-/express-4.21.2.tgz 4405ms (cache miss)
2945 timing reifyNode:node_modules/ci-info Completed in 5432ms
2946 timing reifyNode:node_modules/caniuse-api Completed in 5446ms
2947 http fetch GET 200 https://registry.npmjs.org/csso/-/csso-4.2.0.tgz 5053ms (cache miss)
2948 http fetch GET 200 https://registry.npmjs.org/check-types/-/check-types-11.2.3.tgz 4340ms (cache miss)
2949 http fetch GET 200 https://registry.npmjs.org/camelcase/-/camelcase-6.3.0.tgz 4333ms (cache miss)
2950 timing reifyNode:node_modules/camelcase Completed in 5478ms
2951 timing reifyNode:node_modules/data-view-byte-length Completed in 5488ms
2952 http fetch GET 200 https://registry.npmjs.org/callsites/-/callsites-3.1.0.tgz 4339ms (cache miss)
2953 timing reifyNode:node_modules/callsites Completed in 5484ms
2954 timing reifyNode:node_modules/entities Completed in 5497ms
2955 http fetch GET 200 https://registry.npmjs.org/jest-haste-map/-/jest-haste-map-27.5.1.tgz 4582ms (cache miss)
2956 http fetch GET 200 https://registry.npmjs.org/call-bound/-/call-bound-1.0.4.tgz 4340ms (cache miss)
2957 http fetch GET 200 https://registry.npmjs.org/camel-case/-/camel-case-4.1.2.tgz 4343ms (cache miss)
2958 http fetch GET 200 https://registry.npmjs.org/call-bind-apply-helpers/-/call-bind-apply-helpers-1.0.2.tgz 4341ms (cache miss)
2959 http fetch GET 200 https://registry.npmjs.org/builtin-modules/-/builtin-modules-3.3.0.tgz 4342ms (cache miss)
2960 timing reifyNode:node_modules/dom-serializer Completed in 5499ms
2961 http fetch GET 200 https://registry.npmjs.org/bser/-/bser-2.1.1.tgz 4345ms (cache miss)
2962 timing reifyNode:node_modules/bser Completed in 5494ms
2963 http fetch GET 200 https://registry.npmjs.org/buffer-from/-/buffer-from-1.1.2.tgz 4346ms (cache miss)
2964 timing reifyNode:node_modules/buffer-from Completed in 5496ms
2965 timing reifyNode:node_modules/psl Completed in 5551ms
2966 timing reifyNode:node_modules/autoprefixer Completed in 5496ms
2967 timing reifyNode:node_modules/emoji-regex Completed in 5510ms
2968 http fetch GET 200 https://registry.npmjs.org/web-vitals/-/web-vitals-2.1.4.tgz 4992ms (cache miss)
2969 http fetch GET 200 https://registry.npmjs.org/uri-js/-/uri-js-4.4.1.tgz 4972ms (cache miss)
2970 timing reifyNode:node_modules/csso Completed in 5509ms
2971 timing reifyNode:node_modules/builtin-modules Completed in 5503ms
2972 http fetch GET 200 https://registry.npmjs.org/eslint-module-utils/-/eslint-module-utils-2.12.0.tgz 4455ms (cache miss)
2973 timing reifyNode:node_modules/es-to-primitive Completed in 5515ms
2974 http fetch GET 200 https://registry.npmjs.org/browser-process-hrtime/-/browser-process-hrtime-1.0.0.tgz 4354ms (cache miss)
2975 timing reifyNode:node_modules/browser-process-hrtime Completed in 5503ms
2976 timing reifyNode:node_modules/check-types Completed in 5507ms
2977 timing reifyNode:node_modules/express Completed in 5526ms
2978 http fetch GET 200 https://registry.npmjs.org/brace-expansion/-/brace-expansion-1.1.11.tgz 4361ms (cache miss)
2979 timing reifyNode:node_modules/brace-expansion Completed in 5512ms
2980 http fetch GET 200 https://registry.npmjs.org/boolbase/-/boolbase-1.0.0.tgz 4363ms (cache miss)
2981 timing reifyNode:node_modules/boolbase Completed in 5515ms
2982 http fetch GET 200 https://registry.npmjs.org/fast-uri/-/fast-uri-3.0.6.tgz 4501ms (cache miss)
2983 timing reifyNode:node_modules/cliui Completed in 5524ms
2984 http fetch GET 200 https://registry.npmjs.org/events/-/events-3.3.0.tgz 4499ms (cache miss)
2985 timing reifyNode:node_modules/jest-haste-map Completed in 5556ms
2986 http fetch GET 200 https://registry.npmjs.org/binary-extensions/-/binary-extensions-2.3.0.tgz 4386ms (cache miss)
2987 timing reifyNode:node_modules/binary-extensions Completed in 5541ms
2988 timing reifyNode:node_modules/web-vitals Completed in 5621ms
2989 timing reifyNode:node_modules/uri-js Completed in 5622ms
2990 timing reifyNode:node_modules/eslint-module-utils Completed in 5561ms
2991 http fetch GET 200 https://registry.npmjs.org/babel-preset-react-app/-/babel-preset-react-app-10.1.0.tgz 4385ms (cache miss)
2992 http fetch GET 200 https://registry.npmjs.org/balanced-match/-/balanced-match-1.0.2.tgz 4390ms (cache miss)
2993 timing reifyNode:node_modules/balanced-match Completed in 5550ms
2994 http fetch GET 200 https://registry.npmjs.org/batch/-/batch-0.6.1.tgz 4390ms (cache miss)
2995 http fetch GET 200 https://registry.npmjs.org/babel-preset-current-node-syntax/-/babel-preset-current-node-syntax-1.1.0.tgz 4388ms (cache miss)
2996 http fetch GET 200 https://registry.npmjs.org/babel-preset-jest/-/babel-preset-jest-27.5.1.tgz 4388ms (cache miss)
2997 timing reifyNode:node_modules/babel-preset-jest Completed in 5550ms
2998 http fetch GET 200 https://registry.npmjs.org/domutils/-/domutils-2.8.0.tgz 4475ms (cache miss)
2999 http fetch GET 200 https://registry.npmjs.org/yaml/-/yaml-1.10.2.tgz 5087ms (cache miss)
3000 http fetch GET 200 https://registry.npmjs.org/compressible/-/compressible-2.0.18.tgz 4437ms (cache miss)
3001 timing reifyNode:node_modules/compressible Completed in 5562ms
3002 http fetch GET 200 https://registry.npmjs.org/babel-plugin-polyfill-regenerator/-/babel-plugin-polyfill-regenerator-0.6.4.tgz 4392ms (cache miss)
3003 http fetch GET 200 https://registry.npmjs.org/cjs-module-lexer/-/cjs-module-lexer-1.4.3.tgz 4424ms (cache miss)
3004 http fetch GET 200 https://registry.npmjs.org/chokidar/-/chokidar-3.6.0.tgz 4423ms (cache miss)
3005 timing reifyNode:node_modules/fast-uri Completed in 5577ms
3006 timing reifyNode:node_modules/batch Completed in 5560ms
3007 timing reifyNode:node_modules/events Completed in 5580ms
3008 timing reifyNode:node_modules/call-bound Completed in 5565ms
3009 http fetch GET 200 https://registry.npmjs.org/expect/-/expect-27.5.1.tgz 4542ms (cache miss)
3010 timing reifyNode:node_modules/babel-plugin-polyfill-regenerator Completed in 5565ms
3011 http fetch GET 200 https://registry.npmjs.org/chalk/-/chalk-4.1.2.tgz 4434ms (cache miss)
3012 timing reifyNode:node_modules/babel-preset-current-node-syntax Completed in 5571ms
3013 http fetch GET 200 https://registry.npmjs.org/babel-plugin-named-asset-import/-/babel-plugin-named-asset-import-0.3.8.tgz 4414ms (cache miss)
3014 timing reifyNode:node_modules/babel-plugin-named-asset-import Completed in 5579ms
3015 http fetch GET 200 https://registry.npmjs.org/braces/-/braces-3.0.3.tgz 4440ms (cache miss)
3016 http fetch GET 200 https://registry.npmjs.org/big.js/-/big.js-5.2.2.tgz 4433ms (cache miss)
3017 timing reifyNode:node_modules/chokidar Completed in 5595ms
3018 http fetch GET 200 https://registry.npmjs.org/babel-plugin-jest-hoist/-/babel-plugin-jest-hoist-27.5.1.tgz 4426ms (cache miss)
3019 http fetch GET 200 https://registry.npmjs.org/babel-plugin-istanbul/-/babel-plugin-istanbul-6.1.1.tgz 4425ms (cache miss)
3020 http fetch GET 200 https://registry.npmjs.org/acorn-jsx/-/acorn-jsx-5.3.2.tgz 4424ms (cache miss)
3021 http fetch GET 200 https://registry.npmjs.org/decimal.js/-/decimal.js-10.5.0.tgz 4498ms (cache miss)
3022 http fetch GET 200 https://registry.npmjs.org/babel-plugin-transform-react-remove-prop-types/-/babel-plugin-transform-react-remove-prop-types-0.4.24.tgz 4435ms (cache miss)
3023 http fetch GET 200 https://registry.npmjs.org/acorn-globals/-/acorn-globals-6.0.0.tgz 4429ms (cache miss)
3024 timing reifyNode:node_modules/acorn-globals Completed in 5594ms
3025 timing reifyNode:node_modules/domutils Completed in 5611ms
3026 http fetch GET 200 https://registry.npmjs.org/postcss-merge-longhand/-/postcss-merge-longhand-5.1.7.tgz 4872ms (cache miss)
3027 timing reifyNode:node_modules/yaml Completed in 5688ms
3028 timing reifyNode:node_modules/cjs-module-lexer Completed in 5608ms
3029 timing reifyNode:node_modules/babel-plugin-jest-hoist Completed in 5606ms
3030 http fetch GET 200 https://registry.npmjs.org/babel-plugin-macros/-/babel-plugin-macros-3.1.0.tgz 4440ms (cache miss)
3031 timing reifyNode:node_modules/babel-plugin-macros Completed in 5607ms
3032 timing reifyNode:node_modules/acorn-jsx Completed in 5604ms
3033 timing reifyNode:node_modules/chalk Completed in 5611ms
3034 http fetch GET 200 https://registry.npmjs.org/coa/-/coa-2.0.2.tgz 4480ms (cache miss)
3035 timing reifyNode:node_modules/expect Completed in 5633ms
3036 timing reifyNode:node_modules/babel-preset-react-app Completed in 5615ms
3037 timing reifyNode:node_modules/babel-plugin-istanbul Completed in 5615ms
3038 http fetch GET 200 https://registry.npmjs.org/accepts/-/accepts-1.3.8.tgz 4444ms (cache miss)
3039 timing reifyNode:node_modules/accepts Completed in 5615ms
3040 timing reifyNode:node_modules/decimal.js Completed in 5629ms
3041 http fetch GET 200 https://registry.npmjs.org/abab/-/abab-2.0.6.tgz 4446ms (cache miss)
3042 timing reifyNode:node_modules/braces Completed in 5623ms
3043 timing reifyNode:node_modules/big.js Completed in 5623ms
3044 http fetch GET 200 https://registry.npmjs.org/@webassemblyjs/wasm-opt/-/wasm-opt-1.14.1.tgz 4443ms (cache miss)
3045 http fetch GET 200 https://registry.npmjs.org/@webassemblyjs/wast-printer/-/wast-printer-1.14.1.tgz 4446ms (cache miss)
3046 http fetch GET 200 https://registry.npmjs.org/@webassemblyjs/wasm-gen/-/wasm-gen-1.14.1.tgz 4445ms (cache miss)
3047 http fetch GET 200 https://registry.npmjs.org/@webassemblyjs/utf8/-/utf8-1.13.2.tgz 4443ms (cache miss)
3048 http fetch GET 200 https://registry.npmjs.org/browserslist/-/browserslist-4.24.5.tgz 4475ms (cache miss)
3049 http fetch GET 200 https://registry.npmjs.org/commander/-/commander-8.3.0.tgz 4504ms (cache miss)
3050 timing reifyNode:node_modules/postcss-merge-longhand Completed in 5681ms
3051 warn deprecated abab@2.0.6: Use your platform's native atob() and btoa() methods instead
3052 timing reifyNode:node_modules/abab Completed in 5627ms
3053 http fetch GET 200 https://registry.npmjs.org/@webassemblyjs/helper-wasm-section/-/helper-wasm-section-1.14.1.tgz 4430ms (cache miss)
3054 http fetch GET 200 https://registry.npmjs.org/@webassemblyjs/ieee754/-/ieee754-1.13.2.tgz 4432ms (cache miss)
3055 timing reifyNode:node_modules/coa Completed in 5638ms
3056 timing reifyNode:node_modules/camel-case Completed in 5640ms
3057 http fetch GET 200 https://registry.npmjs.org/@xtuc/ieee754/-/ieee754-1.2.0.tgz 4462ms (cache miss)
3058 timing reifyNode:node_modules/@xtuc/ieee754 Completed in 5634ms
3059 timing reifyNode:node_modules/browserslist Completed in 5640ms
3060 timing reifyNode:node_modules/@webassemblyjs/ieee754 Completed in 5635ms
3061 timing reifyNode:node_modules/commander Completed in 5646ms
3062 http fetch GET 200 https://registry.npmjs.org/mdn-data/-/mdn-data-2.0.4.tgz 4798ms (cache miss)
3063 timing reifyNode:node_modules/mdn-data Completed in 5690ms
3064 http fetch GET 200 https://registry.npmjs.org/@webassemblyjs/leb128/-/leb128-1.13.2.tgz 4448ms (cache miss)
3065 timing reifyNode:node_modules/@webassemblyjs/wasm-opt Completed in 5651ms
3066 http fetch GET 200 https://registry.npmjs.org/@webassemblyjs/wasm-edit/-/wasm-edit-1.14.1.tgz 4476ms (cache miss)
3067 http fetch GET 200 https://registry.npmjs.org/body-parser/-/body-parser-1.20.3.tgz 4505ms (cache miss)
3068 http fetch GET 200 https://registry.npmjs.org/@webassemblyjs/helper-wasm-bytecode/-/helper-wasm-bytecode-1.13.2.tgz 4454ms (cache miss)
3069 http fetch GET 200 https://registry.npmjs.org/@webassemblyjs/floating-point-hex-parser/-/floating-point-hex-parser-1.13.2.tgz 4451ms (cache miss)
3070 timing reifyNode:node_modules/@webassemblyjs/floating-point-hex-parser Completed in 5653ms
3071 http fetch GET 200 https://registry.npmjs.org/@webassemblyjs/helper-api-error/-/helper-api-error-1.13.2.tgz 4453ms (cache miss)
3072 timing reifyNode:node_modules/@webassemblyjs/helper-api-error Completed in 5653ms
3073 http fetch GET 200 https://registry.npmjs.org/@webassemblyjs/helper-numbers/-/helper-numbers-1.13.2.tgz 4454ms (cache miss)
3074 http fetch GET 200 https://registry.npmjs.org/@webassemblyjs/helper-buffer/-/helper-buffer-1.14.1.tgz 4454ms (cache miss)
3075 http fetch GET 200 https://registry.npmjs.org/@ungap/structured-clone/-/structured-clone-1.3.0.tgz 4453ms (cache miss)
3076 timing reifyNode:node_modules/@webassemblyjs/wast-printer Completed in 5657ms
3077 timing reifyNode:node_modules/@webassemblyjs/helper-buffer Completed in 5660ms
3078 timing reifyNode:node_modules/@webassemblyjs/helper-numbers Completed in 5661ms
3079 http fetch GET 200 https://registry.npmjs.org/@typescript-eslint/visitor-keys/-/visitor-keys-5.62.0.tgz 4458ms (cache miss)
3080 http fetch GET 200 https://registry.npmjs.org/postcss/-/postcss-8.5.3.tgz 4913ms (cache miss)
3081 http fetch GET 200 https://registry.npmjs.org/webpack-dev-server/-/webpack-dev-server-4.15.2.tgz 5172ms (cache miss)
3082 http fetch GET 200 https://registry.npmjs.org/babel-plugin-polyfill-corejs2/-/babel-plugin-polyfill-corejs2-0.4.13.tgz 4510ms (cache miss)
3083 timing reifyNode:node_modules/@webassemblyjs/wasm-edit Completed in 5671ms
3084 timing reifyNode:node_modules/@webassemblyjs/helper-wasm-section Completed in 5671ms
3085 timing reifyNode:node_modules/body-parser Completed in 5678ms
3086 http fetch GET 200 https://registry.npmjs.org/@typescript-eslint/parser/-/parser-5.62.0.tgz 4476ms (cache miss)
3087 http fetch GET 200 https://registry.npmjs.org/@types/ws/-/ws-8.18.1.tgz 4475ms (cache miss)
3088 http fetch GET 200 https://registry.npmjs.org/tsconfig-paths/-/tsconfig-paths-3.15.0.tgz 5125ms (cache miss)
3089 timing reifyNode:node_modules/call-bind-apply-helpers Completed in 5697ms
3090 http fetch GET 200 https://registry.npmjs.org/@types/yargs-parser/-/yargs-parser-21.0.3.tgz 4477ms (cache miss)
3091 timing reifyNode:node_modules/@types/yargs-parser Completed in 5690ms
3092 http fetch GET 200 https://registry.npmjs.org/@typescript-eslint/experimental-utils/-/experimental-utils-5.62.0.tgz 4483ms (cache miss)
3093 timing reifyNode:node_modules/@webassemblyjs/helper-wasm-bytecode Completed in 5692ms
3094 http fetch GET 200 https://registry.npmjs.org/fs-extra/-/fs-extra-10.1.0.tgz 4713ms (cache miss)
3095 http fetch GET 200 https://registry.npmjs.org/@types/trusted-types/-/trusted-types-2.0.7.tgz 4480ms (cache miss)
3096 timing reifyNode:node_modules/@types/trusted-types Completed in 5693ms
3097 timing reifyNode:node_modules/postcss Completed in 5749ms
3098 timing reifyNode:node_modules/webpack-dev-server Completed in 5780ms
3099 timing reifyNode:node_modules/babel-plugin-polyfill-corejs2 Completed in 5705ms
3100 timing reifyNode:node_modules/@webassemblyjs/wasm-gen Completed in 5702ms
3101 timing reifyNode:node_modules/@webassemblyjs/utf8 Completed in 5702ms
3102 timing reifyNode:node_modules/@types/ws Completed in 5704ms
3103 timing reifyNode:node_modules/tsconfig-paths Completed in 5785ms
3104 timing reifyNode:node_modules/@webassemblyjs/leb128 Completed in 5714ms
3105 timing reifyNode:node_modules/fs-extra Completed in 5741ms
3106 timing reifyNode:node_modules/babel-plugin-transform-react-remove-prop-types Completed in 5721ms
3107 http fetch GET 200 https://registry.npmjs.org/js-yaml/-/js-yaml-3.14.1.tgz 4847ms (cache miss)
3108 timing reifyNode:node_modules/@typescript-eslint/experimental-utils Completed in 5727ms
3109 http fetch GET 200 https://registry.npmjs.org/@types/sockjs/-/sockjs-0.3.36.tgz 4524ms (cache miss)
3110 timing reifyNode:node_modules/@types/sockjs Completed in 5740ms
3111 http fetch GET 200 https://registry.npmjs.org/@types/serve-index/-/serve-index-1.9.4.tgz 4524ms (cache miss)
3112 timing reifyNode:node_modules/@types/serve-index Completed in 5741ms
3113 timing reifyNode:node_modules/js-yaml Completed in 5787ms
3114 http fetch GET 200 https://registry.npmjs.org/@types/send/-/send-0.17.4.tgz 4531ms (cache miss)
3115 timing reifyNode:node_modules/@types/send Completed in 5747ms
3116 http fetch GET 200 https://registry.npmjs.org/@types/stack-utils/-/stack-utils-2.0.3.tgz 4546ms (cache miss)
3117 timing reifyNode:node_modules/@types/stack-utils Completed in 5761ms
3118 http fetch GET 200 https://registry.npmjs.org/serve-index/-/serve-index-1.9.1.tgz 5127ms (cache miss)
3119 timing reifyNode:node_modules/@typescript-eslint/parser Completed in 5771ms
3120 http fetch GET 200 https://registry.npmjs.org/@xtuc/long/-/long-4.2.2.tgz 4600ms (cache miss)
3121 timing reifyNode:node_modules/serve-index Completed in 5848ms
3122 http fetch GET 200 https://registry.npmjs.org/@types/semver/-/semver-7.7.0.tgz 4562ms (cache miss)
3123 http fetch GET 200 https://registry.npmjs.org/@types/retry/-/retry-0.12.0.tgz 4562ms (cache miss)
3124 timing reifyNode:node_modules/@types/retry Completed in 5780ms
3125 http fetch GET 200 https://registry.npmjs.org/graphemer/-/graphemer-1.4.0.tgz 4822ms (cache miss)
3126 timing reifyNode:node_modules/@xtuc/long Completed in 5786ms
3127 http fetch GET 200 https://registry.npmjs.org/@types/resolve/-/resolve-1.17.1.tgz 4566ms (cache miss)
3128 timing reifyNode:node_modules/@types/resolve Completed in 5785ms
3129 http fetch GET 200 https://registry.npmjs.org/@types/range-parser/-/range-parser-1.2.7.tgz 4566ms (cache miss)
3130 timing reifyNode:node_modules/@types/range-parser Completed in 5785ms
3131 timing reifyNode:node_modules/@typescript-eslint/visitor-keys Completed in 5786ms
3132 timing reifyNode:node_modules/@ungap/structured-clone Completed in 5790ms
3133 http fetch GET 200 https://registry.npmjs.org/@types/qs/-/qs-6.9.18.tgz 4574ms (cache miss)
3134 timing reifyNode:node_modules/@types/qs Completed in 5795ms
3135 http fetch GET 200 https://registry.npmjs.org/jest-jasmine2/-/jest-jasmine2-27.5.1.tgz 4909ms (cache miss)
3136 timing reifyNode:node_modules/jest-jasmine2 Completed in 5844ms
3137 http fetch GET 200 https://registry.npmjs.org/svgo/-/svgo-1.3.2.tgz 5228ms (cache miss)
3138 http fetch GET 200 https://registry.npmjs.org/iconv-lite/-/iconv-lite-0.6.3.tgz 4858ms (cache miss)
3139 http fetch GET 200 https://registry.npmjs.org/@types/q/-/q-1.5.8.tgz 4587ms (cache miss)
3140 timing reifyNode:node_modules/@types/q Completed in 5809ms
3141 timing reifyNode:node_modules/graphemer Completed in 5840ms
3142 http fetch GET 200 https://registry.npmjs.org/@webassemblyjs/wasm-parser/-/wasm-parser-1.14.1.tgz 4647ms (cache miss)
3143 http fetch GET 200 https://registry.npmjs.org/@types/parse-json/-/parse-json-4.0.2.tgz 4601ms (cache miss)
3144 timing reifyNode:node_modules/@types/parse-json Completed in 5822ms
3145 http fetch GET 200 https://registry.npmjs.org/cosmiconfig/-/cosmiconfig-7.1.0.tgz 4728ms (cache miss)
3146 http fetch GET 200 https://registry.npmjs.org/tsutils/-/tsutils-3.21.0.tgz 5291ms (cache miss)
3147 http fetch GET 200 https://registry.npmjs.org/babel-plugin-polyfill-corejs3/-/babel-plugin-polyfill-corejs3-0.11.1.tgz 4675ms (cache miss)
3148 warn deprecated svgo@1.3.2: This SVGO version is no longer supported. Upgrade to v2.x.x.
3149 timing reifyNode:node_modules/svgo Completed in 5914ms
3150 timing reifyNode:node_modules/iconv-lite Completed in 5873ms
3151 http fetch GET 200 https://registry.npmjs.org/@types/mime/-/mime-1.3.5.tgz 4613ms (cache miss)
3152 timing reifyNode:node_modules/@types/mime Completed in 5840ms
3153 http fetch GET 200 https://registry.npmjs.org/@types/istanbul-reports/-/istanbul-reports-3.0.4.tgz 4612ms (cache miss)
3154 timing reifyNode:node_modules/@types/istanbul-reports Completed in 5841ms
3155 timing reifyNode:node_modules/@webassemblyjs/wasm-parser Completed in 5847ms
3156 timing reifyNode:node_modules/tsutils Completed in 5929ms
3157 timing reifyNode:node_modules/cosmiconfig Completed in 5865ms
3158 http fetch GET 200 https://registry.npmjs.org/@types/node-forge/-/node-forge-1.3.11.tgz 4627ms (cache miss)
3159 timing reifyNode:node_modules/babel-plugin-polyfill-corejs3 Completed in 5862ms
3160 http fetch GET 200 https://registry.npmjs.org/@types/yargs/-/yargs-16.0.9.tgz 4644ms (cache miss)
3161 http fetch GET 200 https://registry.npmjs.org/axobject-query/-/axobject-query-4.1.0.tgz 5452ms (cache miss)
3162 http fetch GET 200 https://registry.npmjs.org/@types/json-schema/-/json-schema-7.0.15.tgz 4629ms (cache miss)
3163 timing reifyNode:node_modules/@types/json-schema Completed in 5858ms
3164 http fetch GET 200 https://registry.npmjs.org/@types/istanbul-lib-coverage/-/istanbul-lib-coverage-2.0.6.tgz 4628ms (cache miss)
3165 timing reifyNode:node_modules/@types/istanbul-lib-coverage Completed in 5859ms
3166 timing reifyNode:node_modules/@types/yargs Completed in 5866ms
3167 http fetch GET 200 https://registry.npmjs.org/prompts/-/prompts-2.4.2.tgz 5200ms (cache miss)
3168 timing reifyNode:node_modules/@types/node-forge Completed in 5872ms
3169 timing reifyNode:node_modules/axobject-query Completed in 5886ms
3170 http fetch GET 200 https://registry.npmjs.org/@types/istanbul-lib-report/-/istanbul-lib-report-3.0.3.tgz 4653ms (cache miss)
3171 timing reifyNode:node_modules/@types/istanbul-lib-report Completed in 5884ms
3172 http fetch GET 200 https://registry.npmjs.org/@types/html-minifier-terser/-/html-minifier-terser-6.1.0.tgz 4653ms (cache miss)
3173 timing reifyNode:node_modules/@types/html-minifier-terser Completed in 5884ms
3174 http fetch GET 200 https://registry.npmjs.org/eslint-plugin-testing-library/-/eslint-plugin-testing-library-5.11.1.tgz 4856ms (cache miss)
3175 timing reifyNode:node_modules/prompts Completed in 5949ms
3176 http fetch GET 200 https://registry.npmjs.org/@types/serve-static/-/serve-static-1.15.7.tgz 4680ms (cache miss)
3177 timing reifyNode:node_modules/@types/serve-static Completed in 5894ms
3178 http fetch GET 200 https://registry.npmjs.org/@types/express-serve-static-core/-/express-serve-static-core-5.0.6.tgz 4665ms (cache miss)
3179 timing reifyNode:node_modules/@types/express-serve-static-core Completed in 5897ms
3180 http fetch GET 200 https://registry.npmjs.org/jsx-ast-utils/-/jsx-ast-utils-3.3.5.tgz 5574ms (cache miss)
3181 http fetch GET 200 https://registry.npmjs.org/colord/-/colord-2.9.3.tgz 4783ms (cache miss)
3182 http fetch GET 200 https://registry.npmjs.org/@types/graceful-fs/-/graceful-fs-4.1.9.tgz 4668ms (cache miss)
3183 timing reifyNode:node_modules/@types/graceful-fs Completed in 5900ms
3184 http fetch GET 200 https://registry.npmjs.org/enhanced-resolve/-/enhanced-resolve-5.18.1.tgz 4848ms (cache miss)
3185 http fetch GET 200 https://registry.npmjs.org/@types/express/-/express-4.17.21.tgz 4669ms (cache miss)
3186 timing reifyNode:node_modules/@types/express Completed in 5902ms
3187 timing reifyNode:node_modules/eslint-plugin-testing-library Completed in 5928ms
3188 http fetch GET 200 https://registry.npmjs.org/fast-glob/-/fast-glob-3.3.3.tgz 4893ms (cache miss)
3189 http fetch GET 200 https://registry.npmjs.org/@types/http-errors/-/http-errors-2.0.4.tgz 4676ms (cache miss)
3190 timing reifyNode:node_modules/@types/http-errors Completed in 5912ms
3191 http fetch GET 200 https://registry.npmjs.org/@types/eslint-scope/-/eslint-scope-3.7.7.tgz 4677ms (cache miss)
3192 timing reifyNode:node_modules/@types/eslint-scope Completed in 5911ms
3193 timing reifyNode:node_modules/jsx-ast-utils Completed in 5962ms
3194 http fetch GET 200 https://registry.npmjs.org/@types/connect-history-api-fallback/-/connect-history-api-fallback-1.5.4.tgz 4679ms (cache miss)
3195 timing reifyNode:node_modules/@types/connect-history-api-fallback Completed in 5914ms
3196 timing reifyNode:node_modules/colord Completed in 5929ms
3197 http fetch GET 200 https://registry.npmjs.org/workbox-precaching/-/workbox-precaching-6.6.0.tgz 5443ms (cache miss)
3198 timing reifyNode:node_modules/enhanced-resolve Completed in 5940ms
3199 http fetch GET 200 https://registry.npmjs.org/@types/bonjour/-/bonjour-3.5.13.tgz 4677ms (cache miss)
3200 timing reifyNode:node_modules/@types/bonjour Completed in 5917ms
3201 http fetch GET 200 https://registry.npmjs.org/@types/connect/-/connect-3.4.38.tgz 4682ms (cache miss)
3202 timing reifyNode:node_modules/@types/connect Completed in 5918ms
3203 http fetch GET 200 https://registry.npmjs.org/@types/prettier/-/prettier-2.7.3.tgz 4701ms (cache miss)
3204 timing reifyNode:node_modules/fast-glob Completed in 5948ms
3205 http fetch GET 200 https://registry.npmjs.org/@types/body-parser/-/body-parser-1.19.5.tgz 4683ms (cache miss)
3206 timing reifyNode:node_modules/@types/body-parser Completed in 5924ms
3207 http fetch GET 200 https://registry.npmjs.org/@types/babel__template/-/babel__template-7.4.4.tgz 4684ms (cache miss)
3208 timing reifyNode:node_modules/@types/babel__template Completed in 5927ms
3209 timing reifyNode:node_modules/workbox-precaching Completed in 6021ms
3210 timing reifyNode:node_modules/@types/prettier Completed in 5943ms
3211 http fetch GET 200 https://registry.npmjs.org/bonjour-service/-/bonjour-service-1.3.0.tgz 4807ms (cache miss)
3212 http fetch GET 200 https://registry.npmjs.org/@types/babel__generator/-/babel__generator-7.27.0.tgz 4708ms (cache miss)
3213 timing reifyNode:node_modules/@types/babel__generator Completed in 5952ms
3214 http fetch GET 200 https://registry.npmjs.org/@types/aria-query/-/aria-query-5.0.4.tgz 4707ms (cache miss)
3215 timing reifyNode:node_modules/@types/aria-query Completed in 5951ms
3216 http fetch GET 200 https://registry.npmjs.org/@babel/parser/-/parser-7.27.2.tgz 5448ms (cache miss)
3217 http fetch GET 200 https://registry.npmjs.org/esquery/-/esquery-1.6.0.tgz 4933ms (cache miss)
3218 http fetch GET 200 https://registry.npmjs.org/acorn/-/acorn-8.14.1.tgz 4798ms (cache miss)
3219 http fetch GET 200 https://registry.npmjs.org/@types/babel__core/-/babel__core-7.20.5.tgz 4715ms (cache miss)
3220 timing reifyNode:node_modules/@types/babel__core Completed in 5958ms
3221 http fetch GET 200 https://registry.npmjs.org/@tootallnate/once/-/once-1.1.2.tgz 4713ms (cache miss)
3222 timing reifyNode:node_modules/@tootallnate/once Completed in 5959ms
3223 http fetch GET 200 https://registry.npmjs.org/@types/json5/-/json5-0.0.29.tgz 4739ms (cache miss)
3224 timing reifyNode:node_modules/@types/json5 Completed in 5968ms
3225 timing reifyNode:node_modules/@babel/parser Completed in 5950ms
3226 timing reifyNode:node_modules/bonjour-service Completed in 5987ms
3227 timing reifyNode:node_modules/acorn Completed in 5986ms
3228 http fetch GET 200 https://registry.npmjs.org/core-js-compat/-/core-js-compat-3.42.0.tgz 4883ms (cache miss)
3229 http fetch GET 200 https://registry.npmjs.org/@trysound/sax/-/sax-0.2.0.tgz 4736ms (cache miss)
3230 timing reifyNode:node_modules/@trysound/sax Completed in 5982ms
3231 timing reifyNode:node_modules/esquery Completed in 6017ms
3232 http fetch GET 200 https://registry.npmjs.org/renderkid/-/renderkid-3.0.0.tgz 5714ms (cache miss)
3233 timing reifyNode:node_modules/renderkid Completed in 6063ms
3234 timing reifyNode:node_modules/core-js-compat Completed in 6020ms
3235 http fetch GET 200 https://registry.npmjs.org/@types/http-proxy/-/http-proxy-1.17.16.tgz 4793ms (cache miss)
3236 timing reifyNode:node_modules/@types/http-proxy Completed in 6024ms
3237 http fetch GET 200 https://registry.npmjs.org/@svgr/plugin-jsx/-/plugin-jsx-5.5.0.tgz 4775ms (cache miss)
3238 timing reifyNode:node_modules/@svgr/plugin-jsx Completed in 6025ms
3239 http fetch GET 200 https://registry.npmjs.org/@svgr/plugin-svgo/-/plugin-svgo-5.5.0.tgz 4778ms (cache miss)
3240 timing reifyNode:node_modules/@svgr/plugin-svgo Completed in 6027ms
3241 http fetch GET 200 https://registry.npmjs.org/@typescript-eslint/types/-/types-5.62.0.tgz 4849ms (cache miss)
3242 http fetch GET 200 https://registry.npmjs.org/@svgr/core/-/core-5.5.0.tgz 4800ms (cache miss)
3243 http fetch GET 200 https://registry.npmjs.org/@types/estree/-/estree-1.0.7.tgz 4820ms (cache miss)
3244 timing reifyNode:node_modules/@types/estree Completed in 6053ms
3245 http fetch GET 200 https://registry.npmjs.org/@svgr/babel-plugin-svg-em-dimensions/-/babel-plugin-svg-em-dimensions-5.4.0.tgz 4798ms (cache miss)
3246 timing reifyNode:node_modules/@svgr/babel-plugin-svg-em-dimensions Completed in 6056ms
3247 http fetch GET 200 https://registry.npmjs.org/@svgr/babel-plugin-transform-react-native-svg/-/babel-plugin-transform-react-native-svg-5.4.0.tgz 4796ms (cache miss)
3248 timing reifyNode:node_modules/@svgr/babel-plugin-transform-react-native-svg Completed in 6057ms
3249 http fetch GET 200 https://registry.npmjs.org/@svgr/babel-preset/-/babel-preset-5.5.0.tgz 4805ms (cache miss)
3250 timing reifyNode:node_modules/@svgr/babel-preset Completed in 6062ms
3251 http fetch GET 200 https://registry.npmjs.org/@svgr/babel-plugin-transform-svg-component/-/babel-plugin-transform-svg-component-5.5.0.tgz 4805ms (cache miss)
3252 timing reifyNode:node_modules/@typescript-eslint/types Completed in 6076ms
3253 http fetch GET 200 https://registry.npmjs.org/@svgr/babel-plugin-svg-dynamic-title/-/babel-plugin-svg-dynamic-title-5.4.0.tgz 4808ms (cache miss)
3254 timing reifyNode:node_modules/@svgr/babel-plugin-svg-dynamic-title Completed in 6072ms
3255 http fetch GET 200 https://registry.npmjs.org/language-subtag-registry/-/language-subtag-registry-0.3.23.tgz 5214ms (cache miss)
3256 http fetch GET 200 https://registry.npmjs.org/@svgr/hast-util-to-babel-ast/-/hast-util-to-babel-ast-5.5.0.tgz 4825ms (cache miss)
3257 timing reifyNode:node_modules/@svgr/babel-plugin-transform-svg-component Completed in 6087ms
3258 http fetch GET 200 https://registry.npmjs.org/escodegen/-/escodegen-2.1.0.tgz 5053ms (cache miss)
3259 timing reifyNode:node_modules/escodegen Completed in 6116ms
3260 timing reifyNode:node_modules/@svgr/core Completed in 6094ms
3261 http fetch GET 200 https://registry.npmjs.org/bfj/-/bfj-7.1.0.tgz 4947ms (cache miss)
3262 http fetch GET 200 https://registry.npmjs.org/workbox-core/-/workbox-core-6.6.0.tgz 5623ms (cache miss)
3263 timing reifyNode:node_modules/language-subtag-registry Completed in 6151ms
3264 timing reifyNode:node_modules/@svgr/hast-util-to-babel-ast Completed in 6100ms
3265 http fetch GET 200 https://registry.npmjs.org/@svgr/babel-plugin-add-jsx-attribute/-/babel-plugin-add-jsx-attribute-5.4.0.tgz 4832ms (cache miss)
3266 timing reifyNode:node_modules/@svgr/babel-plugin-add-jsx-attribute Completed in 6101ms
3267 http fetch GET 200 https://registry.npmjs.org/@types/babel__traverse/-/babel__traverse-7.20.7.tgz 4862ms (cache miss)
3268 http fetch GET 200 https://registry.npmjs.org/@svgr/babel-plugin-replace-jsx-attribute-value/-/babel-plugin-replace-jsx-attribute-value-5.0.1.tgz 4831ms (cache miss)
3269 timing reifyNode:node_modules/@svgr/babel-plugin-replace-jsx-attribute-value Completed in 6103ms
3270 timing reifyNode:node_modules/workbox-core Completed in 6205ms
3271 http fetch GET 200 https://registry.npmjs.org/@svgr/babel-plugin-remove-jsx-empty-expression/-/babel-plugin-remove-jsx-empty-expression-5.0.1.tgz 4845ms (cache miss)
3272 timing reifyNode:node_modules/@svgr/babel-plugin-remove-jsx-empty-expression Completed in 6112ms
3273 http fetch GET 200 https://registry.npmjs.org/dom-accessibility-api/-/dom-accessibility-api-0.5.16.tgz 5042ms (cache miss)
3274 timing reifyNode:node_modules/bfj Completed in 6128ms
3275 timing reifyNode:node_modules/@types/babel__traverse Completed in 6119ms
3276 http fetch GET 200 https://registry.npmjs.org/istanbul-reports/-/istanbul-reports-3.1.7.tgz 5224ms (cache miss)
3277 http fetch GET 200 https://registry.npmjs.org/@types/eslint/-/eslint-8.56.12.tgz 4890ms (cache miss)
3278 timing reifyNode:node_modules/@types/semver Completed in 6133ms
3279 timing reifyNode:node_modules/dom-accessibility-api Completed in 6165ms
3280 http fetch GET 200 https://registry.npmjs.org/@rollup/plugin-replace/-/plugin-replace-2.4.2.tgz 4858ms (cache miss)
3281 http fetch GET 200 https://registry.npmjs.org/@rtsao/scc/-/scc-1.1.0.tgz 4862ms (cache miss)
3282 timing reifyNode:node_modules/@rtsao/scc Completed in 6147ms
3283 timing reifyNode:node_modules/istanbul-reports Completed in 6193ms
3284 timing reifyNode:node_modules/@types/eslint Completed in 6157ms
3285 http fetch GET 200 https://registry.npmjs.org/@nodelib/fs.walk/-/fs.walk-1.2.8.tgz 4876ms (cache miss)
3286 timing reifyNode:node_modules/@rollup/plugin-replace Completed in 6168ms
3287 http fetch GET 200 https://registry.npmjs.org/@nodelib/fs.scandir/-/fs.scandir-2.1.5.tgz 4879ms (cache miss)
3288 http fetch GET 200 https://registry.npmjs.org/@svgr/webpack/-/webpack-5.5.0.tgz 4922ms (cache miss)
3289 timing reifyNode:node_modules/@svgr/webpack Completed in 6172ms
3290 http fetch GET 200 https://registry.npmjs.org/@nodelib/fs.stat/-/fs.stat-2.0.5.tgz 4885ms (cache miss)
3291 http fetch GET 200 https://registry.npmjs.org/ajv/-/ajv-6.12.6.tgz 5752ms (cache miss)
3292 http fetch GET 200 https://registry.npmjs.org/@rollup/plugin-babel/-/plugin-babel-5.3.1.tgz 4908ms (cache miss)
3293 http fetch GET 200 https://registry.npmjs.org/@nicolo-ribaudo/eslint-scope-5-internals/-/eslint-scope-5-internals-5.1.1-v1.tgz 4910ms (cache miss)
3294 timing reifyNode:node_modules/@nicolo-ribaudo/eslint-scope-5-internals Completed in 6200ms
3295 http fetch GET 200 https://registry.npmjs.org/neo-async/-/neo-async-2.6.2.tgz 5386ms (cache miss)
3296 http fetch GET 200 https://registry.npmjs.org/@jridgewell/set-array/-/set-array-1.2.1.tgz 4907ms (cache miss)
3297 timing reifyNode:node_modules/ajv Completed in 6212ms
3298 http fetch GET 200 https://registry.npmjs.org/@rollup/pluginutils/-/pluginutils-3.1.0.tgz 4919ms (cache miss)
3299 http fetch GET 200 https://registry.npmjs.org/@jridgewell/gen-mapping/-/gen-mapping-0.3.8.tgz 4913ms (cache miss)
3300 timing reifyNode:node_modules/@rollup/plugin-babel Completed in 6213ms
3301 timing reifyNode:node_modules/neo-async Completed in 6270ms
3302 http fetch GET 200 https://registry.npmjs.org/@jest/types/-/types-27.5.1.tgz 4920ms (cache miss)
3303 http fetch GET 200 https://registry.npmjs.org/workbox-build/-/workbox-build-6.6.0.tgz 5743ms (cache miss)
3304 timing reifyNode:node_modules/workbox-build Completed in 6315ms
3305 http fetch GET 200 https://registry.npmjs.org/@jest/test-sequencer/-/test-sequencer-27.5.1.tgz 4922ms (cache miss)
3306 timing reifyNode:node_modules/@jest/test-sequencer Completed in 6219ms
3307 http fetch GET 200 https://registry.npmjs.org/aria-query/-/aria-query-5.3.2.tgz 5804ms (cache miss)
3308 timing reifyNode:node_modules/@rollup/pluginutils Completed in 6224ms
3309 http fetch GET 200 https://registry.npmjs.org/@rollup/plugin-node-resolve/-/plugin-node-resolve-11.2.1.tgz 4946ms (cache miss)
3310 timing reifyNode:node_modules/aria-query Completed in 6251ms
3311 timing reifyNode:node_modules/@jridgewell/set-array Completed in 6240ms
3312 http fetch GET 200 https://registry.npmjs.org/@webassemblyjs/ast/-/ast-1.14.1.tgz 5051ms (cache miss)
3313 timing reifyNode:node_modules/@rollup/plugin-node-resolve Completed in 6246ms
3314 http fetch GET 200 https://registry.npmjs.org/@jridgewell/resolve-uri/-/resolve-uri-3.1.2.tgz 4952ms (cache miss)
3315 http fetch GET 200 https://registry.npmjs.org/@jest/source-map/-/source-map-27.5.1.tgz 4948ms (cache miss)
3316 http fetch GET 200 https://registry.npmjs.org/@jest/transform/-/transform-27.5.1.tgz 4950ms (cache miss)
3317 http fetch GET 200 https://registry.npmjs.org/@jest/schemas/-/schemas-28.1.3.tgz 4951ms (cache miss)
3318 timing reifyNode:node_modules/@jest/schemas Completed in 6249ms
3319 http fetch GET 200 https://registry.npmjs.org/@pkgjs/parseargs/-/parseargs-0.11.0.tgz 4965ms (cache miss)
3320 http fetch GET 200 https://registry.npmjs.org/@jest/test-result/-/test-result-27.5.1.tgz 4955ms (cache miss)
3321 timing reifyNode:node_modules/@jest/source-map Completed in 6256ms
3322 timing reifyNode:node_modules/@webassemblyjs/ast Completed in 6268ms
3323 http fetch GET 200 https://registry.npmjs.org/@svgr/babel-plugin-remove-jsx-attribute/-/babel-plugin-remove-jsx-attribute-5.4.0.tgz 4999ms (cache miss)
3324 timing reifyNode:node_modules/@svgr/babel-plugin-remove-jsx-attribute Completed in 6265ms
3325 timing reifyNode:node_modules/@jridgewell/resolve-uri Completed in 6263ms
3326 timing reifyNode:node_modules/@pkgjs/parseargs Completed in 6276ms
3327 http fetch GET 200 https://registry.npmjs.org/bluebird/-/bluebird-3.7.2.tgz 5137ms (cache miss)
3328 http fetch GET 200 https://registry.npmjs.org/@jest/environment/-/environment-27.5.1.tgz 4974ms (cache miss)
3329 timing reifyNode:node_modules/@jest/environment Completed in 6276ms
3330 timing reifyNode:node_modules/@jest/test-result Completed in 6279ms
3331 timing reifyNode:node_modules/@jest/types Completed in 6282ms
3332 timing reifyNode:node_modules/bluebird Completed in 6301ms
3333 http fetch GET 200 https://registry.npmjs.org/@jest/globals/-/globals-27.5.1.tgz 4992ms (cache miss)
3334 timing reifyNode:node_modules/@jest/globals Completed in 6293ms
3335 timing reifyNode:node_modules/@nodelib/fs.stat Completed in 6297ms
3336 timing reifyNode:node_modules/@jridgewell/gen-mapping Completed in 6302ms
3337 http fetch GET 200 https://registry.npmjs.org/@isaacs/cliui/-/cliui-8.0.2.tgz 5000ms (cache miss)
3338 http fetch GET 200 https://registry.npmjs.org/@humanwhocodes/object-schema/-/object-schema-2.0.3.tgz 4999ms (cache miss)
3339 http fetch GET 200 https://registry.npmjs.org/@humanwhocodes/module-importer/-/module-importer-1.0.1.tgz 4995ms (cache miss)
3340 http fetch GET 200 https://registry.npmjs.org/@jridgewell/source-map/-/source-map-0.3.6.tgz 5012ms (cache miss)
3341 http fetch GET 200 https://registry.npmjs.org/eslint-plugin-flowtype/-/eslint-plugin-flowtype-8.0.3.tgz 5279ms (cache miss)
3342 http fetch GET 200 https://registry.npmjs.org/jiti/-/jiti-1.21.7.tgz 5450ms (cache miss)
3343 http fetch GET 200 https://registry.npmjs.org/@testing-library/react/-/react-16.3.0.tgz 5075ms (cache miss)
3344 http fetch GET 200 https://registry.npmjs.org/async/-/async-3.2.6.tgz 5917ms (cache miss)
3345 http fetch GET 200 https://registry.npmjs.org/eslint-plugin-jest/-/eslint-plugin-jest-25.7.0.tgz 5292ms (cache miss)
3346 http fetch GET 200 https://registry.npmjs.org/@eslint/js/-/js-8.57.1.tgz 5010ms (cache miss)
3347 timing reifyNode:node_modules/eslint-plugin-flowtype Completed in 6352ms
3348 http fetch GET 200 https://registry.npmjs.org/@jest/fake-timers/-/fake-timers-27.5.1.tgz 5022ms (cache miss)
3349 timing reifyNode:node_modules/@jridgewell/source-map Completed in 6326ms
3350 timing reifyNode:node_modules/@jest/transform Completed in 6326ms
3351 timing reifyNode:node_modules/@jest/fake-timers Completed in 6329ms
3352 warn deprecated @humanwhocodes/object-schema@2.0.3: Use @eslint/object-schema instead
3353 timing reifyNode:node_modules/@humanwhocodes/object-schema Completed in 6328ms
3354 timing reifyNode:node_modules/async Completed in 6344ms
3355 timing reifyNode:node_modules/@isaacs/cliui Completed in 6333ms
3356 http fetch GET 200 https://registry.npmjs.org/@jridgewell/trace-mapping/-/trace-mapping-0.3.25.tgz 5043ms (cache miss)
3357 timing reifyNode:node_modules/jiti Completed in 6387ms
3358 timing reifyNode:node_modules/@testing-library/react Completed in 6340ms
3359 timing reifyNode:node_modules/@nodelib/fs.scandir Completed in 6338ms
3360 timing reifyNode:node_modules/eslint-plugin-jest Completed in 6368ms
3361 timing reifyNode:node_modules/@eslint/js Completed in 6335ms
3362 http fetch GET 200 https://registry.npmjs.org/resolve/-/resolve-1.22.10.tgz 6074ms (cache miss)
3363 timing reifyNode:node_modules/@humanwhocodes/module-importer Completed in 6346ms
3364 http fetch GET 200 https://registry.npmjs.org/@humanwhocodes/config-array/-/config-array-0.13.0.tgz 5044ms (cache miss)
3365 warn deprecated @humanwhocodes/config-array@0.13.0: Use @eslint/config-array instead
3366 timing reifyNode:node_modules/@humanwhocodes/config-array Completed in 6352ms
3367 timing reifyNode:node_modules/@jridgewell/trace-mapping Completed in 6356ms
3368 http fetch GET 200 https://registry.npmjs.org/@leichtgewicht/ip-codec/-/ip-codec-2.0.5.tgz 5076ms (cache miss)
3369 timing reifyNode:node_modules/@nodelib/fs.walk Completed in 6369ms
3370 timing reifyNode:node_modules/resolve Completed in 6442ms
3371 http fetch GET 200 https://registry.npmjs.org/@csstools/postcss-text-decoration-shorthand/-/postcss-text-decoration-shorthand-1.0.0.tgz 5035ms (cache miss)
3372 timing reifyNode:node_modules/@leichtgewicht/ip-codec Completed in 6375ms
3373 http fetch GET 200 https://registry.npmjs.org/@csstools/selector-specificity/-/selector-specificity-2.2.0.tgz 5042ms (cache miss)
3374 http fetch GET 200 https://registry.npmjs.org/@csstools/postcss-progressive-custom-properties/-/postcss-progressive-custom-properties-1.3.0.tgz 5040ms (cache miss)
3375 http fetch GET 200 https://registry.npmjs.org/@csstools/postcss-unset-value/-/postcss-unset-value-1.0.2.tgz 5043ms (cache miss)
3376 timing reifyNode:node_modules/@csstools/postcss-text-decoration-shorthand Completed in 6380ms
3377 timing reifyNode:node_modules/@csstools/selector-specificity Completed in 6384ms
3378 timing reifyNode:node_modules/@csstools/postcss-unset-value Completed in 6393ms
3379 http fetch GET 200 https://registry.npmjs.org/@csstools/postcss-stepped-value-functions/-/postcss-stepped-value-functions-1.0.1.tgz 5057ms (cache miss)
3380 http fetch GET 200 https://registry.npmjs.org/@typescript-eslint/type-utils/-/type-utils-5.62.0.tgz 5211ms (cache miss)
3381 http fetch GET 200 https://registry.npmjs.org/@csstools/postcss-nested-calc/-/postcss-nested-calc-1.0.0.tgz 5067ms (cache miss)
3382 timing reifyNode:node_modules/@csstools/postcss-stepped-value-functions Completed in 6412ms
3383 timing reifyNode:node_modules/@csstools/postcss-nested-calc Completed in 6417ms
3384 http fetch GET 200 https://registry.npmjs.org/@csstools/normalize.css/-/normalize.css-12.1.1.tgz 5076ms (cache miss)
3385 timing reifyNode:node_modules/@csstools/normalize.css Completed in 6419ms
3386 timing reifyNode:node_modules/@csstools/postcss-progressive-custom-properties Completed in 6422ms
3387 http fetch GET 200 https://registry.npmjs.org/@csstools/postcss-trigonometric-functions/-/postcss-trigonometric-functions-1.0.2.tgz 5087ms (cache miss)
3388 timing reifyNode:node_modules/@typescript-eslint/type-utils Completed in 6435ms
3389 http fetch GET 200 https://registry.npmjs.org/@csstools/postcss-ic-unit/-/postcss-ic-unit-1.0.1.tgz 5084ms (cache miss)
3390 http fetch GET 200 https://registry.npmjs.org/immer/-/immer-9.0.21.tgz 5495ms (cache miss)
3391 timing reifyNode:node_modules/@csstools/postcss-trigonometric-functions Completed in 6432ms
3392 timing reifyNode:node_modules/@csstools/postcss-ic-unit Completed in 6438ms
3393 timing reifyNode:node_modules/immer Completed in 6487ms
3394 http fetch GET 200 https://registry.npmjs.org/terser/-/terser-5.39.0.tgz 5889ms (cache miss)
3395 http fetch GET 200 https://registry.npmjs.org/@sinonjs/commons/-/commons-1.8.6.tgz 5181ms (cache miss)
3396 timing reifyNode:node_modules/terser Completed in 6552ms
3397 timing reifyNode:node_modules/@sinonjs/commons Completed in 6473ms
3398 http fetch GET 200 https://registry.npmjs.org/@babel/preset-react/-/preset-react-7.27.1.tgz 5122ms (cache miss)
3399 timing reifyNode:node_modules/@babel/preset-react Completed in 6468ms
3400 http fetch GET 200 https://registry.npmjs.org/@sinonjs/fake-timers/-/fake-timers-8.1.0.tgz 5202ms (cache miss)
3401 timing reifyNode:node_modules/@sinonjs/fake-timers Completed in 6480ms
3402 http fetch GET 200 https://registry.npmjs.org/@jridgewell/sourcemap-codec/-/sourcemap-codec-1.5.0.tgz 5187ms (cache miss)
3403 timing reifyNode:node_modules/@jridgewell/sourcemap-codec Completed in 6480ms
3404 http fetch GET 200 https://registry.npmjs.org/@testing-library/jest-dom/-/jest-dom-6.6.3.tgz 5240ms (cache miss)
3405 http fetch GET 200 https://registry.npmjs.org/@jest/reporters/-/reporters-27.5.1.tgz 5187ms (cache miss)
3406 timing reifyNode:node_modules/@testing-library/jest-dom Completed in 6500ms
3407 http fetch GET 200 https://registry.npmjs.org/axe-core/-/axe-core-4.10.3.tgz 6101ms (cache miss)
3408 timing reifyNode:node_modules/@jest/reporters Completed in 6502ms
3409 http fetch GET 200 https://registry.npmjs.org/@babel/preset-typescript/-/preset-typescript-7.27.1.tgz 5157ms (cache miss)
3410 http fetch GET 200 https://registry.npmjs.org/@eslint-community/regexpp/-/regexpp-4.12.1.tgz 5199ms (cache miss)
3411 timing reifyNode:node_modules/@babel/preset-typescript Completed in 6509ms
3412 http fetch GET 200 https://registry.npmjs.org/@csstools/postcss-color-function/-/postcss-color-function-1.1.1.tgz 5172ms (cache miss)
3413 timing reifyNode:node_modules/axe-core Completed in 6532ms
3414 http fetch GET 200 https://registry.npmjs.org/@babel/preset-modules/-/preset-modules-0.1.6-no-external-plugins.tgz 5165ms (cache miss)
3415 timing reifyNode:node_modules/@eslint-community/regexpp Completed in 6521ms
3416 http fetch GET 200 https://registry.npmjs.org/@babel/plugin-transform-unicode-sets-regex/-/plugin-transform-unicode-sets-regex-7.27.1.tgz 5166ms (cache miss)
3417 timing reifyNode:node_modules/@babel/plugin-transform-unicode-sets-regex Completed in 6518ms
3418 http fetch GET 200 https://registry.npmjs.org/@eslint-community/eslint-utils/-/eslint-utils-4.7.0.tgz 5222ms (cache miss)
3419 timing reifyNode:node_modules/@csstools/postcss-color-function Completed in 6532ms
3420 http fetch GET 200 https://registry.npmjs.org/node-forge/-/node-forge-1.3.1.tgz 5727ms (cache miss)
3421 http fetch GET 200 https://registry.npmjs.org/@babel/plugin-transform-unicode-regex/-/plugin-transform-unicode-regex-7.27.1.tgz 5184ms (cache miss)
3422 timing reifyNode:node_modules/@babel/plugin-transform-unicode-regex Completed in 6536ms
3423 timing reifyNode:node_modules/@eslint-community/eslint-utils Completed in 6544ms
3424 timing reifyNode:node_modules/node-forge Completed in 6605ms
3425 http fetch GET 200 https://registry.npmjs.org/@babel/plugin-transform-unicode-property-regex/-/plugin-transform-unicode-property-regex-7.27.1.tgz 5193ms (cache miss)
3426 timing reifyNode:node_modules/@babel/plugin-transform-unicode-property-regex Completed in 6546ms
3427 http fetch GET 200 https://registry.npmjs.org/@sinclair/typebox/-/typebox-0.24.51.tgz 5283ms (cache miss)
3428 http fetch GET 200 https://registry.npmjs.org/resolve/-/resolve-2.0.0-next.5.tgz 5965ms (cache miss)
3429 http fetch GET 200 https://registry.npmjs.org/@csstools/postcss-is-pseudo-class/-/postcss-is-pseudo-class-2.0.7.tgz 5232ms (cache miss)
3430 http fetch GET 200 https://registry.npmjs.org/@babel/plugin-transform-unicode-escapes/-/plugin-transform-unicode-escapes-7.27.1.tgz 5216ms (cache miss)
3431 timing reifyNode:node_modules/@babel/plugin-transform-unicode-escapes Completed in 6570ms
3432 http fetch GET 200 https://registry.npmjs.org/@babel/plugin-transform-typeof-symbol/-/plugin-transform-typeof-symbol-7.27.1.tgz 5219ms (cache miss)
3433 timing reifyNode:node_modules/@babel/plugin-transform-typeof-symbol Completed in 6576ms
3434 http fetch GET 200 https://registry.npmjs.org/@babel/template/-/template-7.27.2.tgz 5237ms (cache miss)
3435 timing reifyNode:node_modules/@sinclair/typebox Completed in 6589ms
3436 http fetch GET 200 https://registry.npmjs.org/@babel/plugin-transform-template-literals/-/plugin-transform-template-literals-7.27.1.tgz 5234ms (cache miss)
3437 timing reifyNode:node_modules/@babel/plugin-transform-template-literals Completed in 6589ms
3438 http fetch GET 200 https://registry.npmjs.org/@csstools/postcss-oklab-function/-/postcss-oklab-function-1.1.1.tgz 5258ms (cache miss)
3439 timing reifyNode:node_modules/eslint-plugin-react/node_modules/resolve Completed in 6629ms
3440 http fetch GET 200 https://registry.npmjs.org/@csstools/postcss-normalize-display-values/-/postcss-normalize-display-values-1.0.1.tgz 5259ms (cache miss)
3441 http fetch GET 200 https://registry.npmjs.org/@babel/plugin-transform-sticky-regex/-/plugin-transform-sticky-regex-7.27.1.tgz 5241ms (cache miss)
3442 timing reifyNode:node_modules/@babel/plugin-transform-sticky-regex Completed in 6597ms
3443 http fetch GET 200 https://registry.npmjs.org/@csstools/postcss-cascade-layers/-/postcss-cascade-layers-1.1.1.tgz 5262ms (cache miss)
3444 http fetch GET 200 https://registry.npmjs.org/@csstools/postcss-hwb-function/-/postcss-hwb-function-1.0.2.tgz 5265ms (cache miss)
3445 timing reifyNode:node_modules/@babel/template Completed in 6604ms
3446 http fetch GET 200 https://registry.npmjs.org/@babel/plugin-transform-shorthand-properties/-/plugin-transform-shorthand-properties-7.27.1.tgz 5251ms (cache miss)
3447 timing reifyNode:node_modules/@babel/plugin-transform-shorthand-properties Completed in 6608ms
3448 http fetch GET 200 https://registry.npmjs.org/es-iterator-helpers/-/es-iterator-helpers-1.2.1.tgz 5578ms (cache miss)
3449 timing reifyNode:node_modules/@csstools/postcss-normalize-display-values Completed in 6616ms
3450 http fetch GET 200 https://registry.npmjs.org/@babel/plugin-transform-regexp-modifiers/-/plugin-transform-regexp-modifiers-7.27.1.tgz 5259ms (cache miss)
3451 timing reifyNode:node_modules/@babel/plugin-transform-regexp-modifiers Completed in 6622ms
3452 http fetch GET 200 https://registry.npmjs.org/@babel/plugin-transform-reserved-words/-/plugin-transform-reserved-words-7.27.1.tgz 5264ms (cache miss)
3453 timing reifyNode:node_modules/@babel/plugin-transform-reserved-words Completed in 6623ms
3454 timing reifyNode:node_modules/es-iterator-helpers Completed in 6670ms
3455 http fetch GET 200 https://registry.npmjs.org/@babel/plugin-transform-react-pure-annotations/-/plugin-transform-react-pure-annotations-7.27.1.tgz 5272ms (cache miss)
3456 timing reifyNode:node_modules/@babel/plugin-transform-react-pure-annotations Completed in 6637ms
3457 http fetch GET 200 https://registry.npmjs.org/@csstools/postcss-font-format-keywords/-/postcss-font-format-keywords-1.0.1.tgz 5301ms (cache miss)
3458 http fetch GET 200 https://registry.npmjs.org/@babel/plugin-transform-react-jsx-development/-/plugin-transform-react-jsx-development-7.27.1.tgz 5276ms (cache miss)
3459 timing reifyNode:node_modules/@babel/plugin-transform-react-jsx-development Completed in 6642ms
3460 http fetch GET 200 https://registry.npmjs.org/@babel/plugin-transform-property-literals/-/plugin-transform-property-literals-7.27.1.tgz 5284ms (cache miss)
3461 timing reifyNode:node_modules/@babel/plugin-transform-property-literals Completed in 6650ms
3462 http fetch GET 200 https://registry.npmjs.org/@babel/plugin-transform-private-property-in-object/-/plugin-transform-private-property-in-object-7.27.1.tgz 5283ms (cache miss)
3463 timing reifyNode:node_modules/@csstools/postcss-hwb-function Completed in 6656ms
3464 http fetch GET 200 https://registry.npmjs.org/@babel/plugin-transform-private-methods/-/plugin-transform-private-methods-7.27.1.tgz 5285ms (cache miss)
3465 timing reifyNode:node_modules/@babel/plugin-transform-private-methods Completed in 6653ms
3466 timing reifyNode:node_modules/@csstools/postcss-font-format-keywords Completed in 6659ms
3467 timing reifyNode:node_modules/@babel/plugin-transform-private-property-in-object Completed in 6655ms
3468 http fetch GET 200 https://registry.npmjs.org/@babel/plugin-transform-spread/-/plugin-transform-spread-7.27.1.tgz 5310ms (cache miss)
3469 timing reifyNode:node_modules/@babel/plugin-transform-spread Completed in 6666ms
3470 http fetch GET 200 https://registry.npmjs.org/@babel/plugin-transform-optional-catch-binding/-/plugin-transform-optional-catch-binding-7.27.1.tgz 5296ms (cache miss)
3471 timing reifyNode:node_modules/@babel/plugin-transform-optional-catch-binding Completed in 6666ms
3472 http fetch GET 200 https://registry.npmjs.org/@babel/plugin-transform-optional-chaining/-/plugin-transform-optional-chaining-7.27.1.tgz 5298ms (cache miss)
3473 http fetch GET 200 https://registry.npmjs.org/@babel/plugin-transform-react-constant-elements/-/plugin-transform-react-constant-elements-7.27.1.tgz 5301ms (cache miss)
3474 timing reifyNode:node_modules/@csstools/postcss-is-pseudo-class Completed in 6677ms
3475 http fetch GET 200 https://registry.npmjs.org/@babel/plugin-transform-object-super/-/plugin-transform-object-super-7.27.1.tgz 5306ms (cache miss)
3476 timing reifyNode:node_modules/@babel/plugin-transform-object-super Completed in 6677ms
3477 timing reifyNode:node_modules/@babel/plugin-transform-react-constant-elements Completed in 6679ms
3478 http fetch GET 200 https://registry.npmjs.org/@babel/plugin-transform-react-jsx/-/plugin-transform-react-jsx-7.27.1.tgz 5319ms (cache miss)
3479 http fetch GET 200 https://registry.npmjs.org/@babel/plugin-transform-typescript/-/plugin-transform-typescript-7.27.1.tgz 5331ms (cache miss)
3480 timing reifyNode:node_modules/@babel/plugin-transform-optional-chaining Completed in 6685ms
3481 http fetch GET 200 https://registry.npmjs.org/@babel/plugin-transform-named-capturing-groups-regex/-/plugin-transform-named-capturing-groups-regex-7.27.1.tgz 5316ms (cache miss)
3482 timing reifyNode:node_modules/@babel/plugin-transform-named-capturing-groups-regex Completed in 6690ms
3483 http fetch GET 200 https://registry.npmjs.org/@babel/plugin-transform-numeric-separator/-/plugin-transform-numeric-separator-7.27.1.tgz 5323ms (cache miss)
3484 timing reifyNode:node_modules/@babel/plugin-transform-numeric-separator Completed in 6696ms
3485 http fetch GET 200 https://registry.npmjs.org/@babel/plugin-transform-nullish-coalescing-operator/-/plugin-transform-nullish-coalescing-operator-7.27.1.tgz 5324ms (cache miss)
3486 timing reifyNode:node_modules/@babel/plugin-transform-nullish-coalescing-operator Completed in 6698ms
3487 timing reifyNode:node_modules/@babel/plugin-transform-react-jsx Completed in 6700ms
3488 timing reifyNode:node_modules/@babel/plugin-transform-typescript Completed in 6703ms
3489 http fetch GET 200 https://registry.npmjs.org/@babel/plugin-transform-modules-systemjs/-/plugin-transform-modules-systemjs-7.27.1.tgz 5328ms (cache miss)
3490 http fetch GET 200 https://registry.npmjs.org/@babel/plugin-transform-modules-commonjs/-/plugin-transform-modules-commonjs-7.27.1.tgz 5324ms (cache miss)
3491 http fetch GET 200 https://registry.npmjs.org/@babel/plugin-transform-member-expression-literals/-/plugin-transform-member-expression-literals-7.27.1.tgz 5322ms (cache miss)
3492 timing reifyNode:node_modules/@babel/plugin-transform-member-expression-literals Completed in 6704ms
3493 http fetch GET 200 https://registry.npmjs.org/@babel/plugin-transform-modules-amd/-/plugin-transform-modules-amd-7.27.1.tgz 5331ms (cache miss)
3494 timing reifyNode:node_modules/@babel/plugin-transform-modules-amd Completed in 6712ms
3495 http fetch GET 200 https://registry.npmjs.org/@babel/plugin-transform-logical-assignment-operators/-/plugin-transform-logical-assignment-operators-7.27.1.tgz 5331ms (cache miss)
3496 timing reifyNode:node_modules/@babel/plugin-transform-logical-assignment-operators Completed in 6713ms
3497 http fetch GET 200 https://registry.npmjs.org/@babel/plugin-transform-json-strings/-/plugin-transform-json-strings-7.27.1.tgz 5335ms (cache miss)
3498 timing reifyNode:node_modules/@babel/plugin-transform-json-strings Completed in 6718ms
3499 http fetch GET 200 https://registry.npmjs.org/@babel/plugin-transform-literals/-/plugin-transform-literals-7.27.1.tgz 5343ms (cache miss)
3500 timing reifyNode:node_modules/@babel/plugin-transform-literals Completed in 6725ms
3501 timing reifyNode:node_modules/@csstools/postcss-oklab-function Completed in 6730ms
3502 timing reifyNode:node_modules/@babel/plugin-transform-modules-systemjs Completed in 6728ms
3503 http fetch GET 200 https://registry.npmjs.org/@babel/plugin-transform-function-name/-/plugin-transform-function-name-7.27.1.tgz 5352ms (cache miss)
3504 timing reifyNode:node_modules/@babel/plugin-transform-function-name Completed in 6736ms
3505 timing reifyNode:node_modules/@csstools/postcss-cascade-layers Completed in 6743ms
3506 http fetch GET 200 https://registry.npmjs.org/@babel/plugin-transform-flow-strip-types/-/plugin-transform-flow-strip-types-7.27.1.tgz 5354ms (cache miss)
3507 timing reifyNode:node_modules/@babel/plugin-transform-flow-strip-types Completed in 6745ms
3508 http fetch GET 200 https://registry.npmjs.org/@babel/plugin-transform-parameters/-/plugin-transform-parameters-7.27.1.tgz 5379ms (cache miss)
3509 http fetch GET 200 https://registry.npmjs.org/css-tree/-/css-tree-1.0.0-alpha.37.tgz 6371ms (cache miss)
3510 http fetch GET 200 https://registry.npmjs.org/@babel/plugin-transform-duplicate-named-capturing-groups-regex/-/plugin-transform-duplicate-named-capturing-groups-regex-7.27.1.tgz 5375ms (cache miss)
3511 timing reifyNode:node_modules/@babel/plugin-transform-duplicate-named-capturing-groups-regex Completed in 6760ms
3512 http fetch GET 200 https://registry.npmjs.org/@babel/plugin-transform-modules-umd/-/plugin-transform-modules-umd-7.27.1.tgz 5387ms (cache miss)
3513 http fetch GET 200 https://registry.npmjs.org/@babel/plugin-transform-for-of/-/plugin-transform-for-of-7.27.1.tgz 5384ms (cache miss)
3514 http fetch GET 200 https://registry.npmjs.org/@babel/plugin-transform-duplicate-keys/-/plugin-transform-duplicate-keys-7.27.1.tgz 5382ms (cache miss)
3515 timing reifyNode:node_modules/@babel/plugin-transform-duplicate-keys Completed in 6769ms
3516 timing reifyNode:node_modules/@babel/plugin-transform-modules-umd Completed in 6771ms
3517 http fetch GET 200 https://registry.npmjs.org/@babel/plugin-transform-export-namespace-from/-/plugin-transform-export-namespace-from-7.27.1.tgz 5386ms (cache miss)
3518 timing reifyNode:node_modules/@babel/plugin-transform-export-namespace-from Completed in 6772ms
3519 http fetch GET 200 https://registry.npmjs.org/@babel/plugin-transform-dotall-regex/-/plugin-transform-dotall-regex-7.27.1.tgz 5389ms (cache miss)
3520 timing reifyNode:node_modules/@babel/plugin-transform-dotall-regex Completed in 6776ms
3521 timing reifyNode:node_modules/@babel/plugin-transform-parameters Completed in 6780ms
3522 timing reifyNode:node_modules/css-tree Completed in 6810ms
3523 http fetch GET 200 https://registry.npmjs.org/@babel/plugin-transform-runtime/-/plugin-transform-runtime-7.27.1.tgz 5419ms (cache miss)
3524 http fetch GET 200 https://registry.npmjs.org/@babel/plugin-transform-computed-properties/-/plugin-transform-computed-properties-7.27.1.tgz 5392ms (cache miss)
3525 timing reifyNode:node_modules/@babel/plugin-transform-modules-commonjs Completed in 6783ms
3526 timing reifyNode:node_modules/@babel/plugin-transform-computed-properties Completed in 6783ms
3527 timing reifyNode:node_modules/@babel/plugin-transform-for-of Completed in 6787ms
3528 timing reifyNode:node_modules/@babel/plugin-transform-runtime Completed in 6794ms
3529 http fetch GET 200 https://registry.npmjs.org/@babel/plugin-transform-class-properties/-/plugin-transform-class-properties-7.27.1.tgz 5398ms (cache miss)
3530 timing reifyNode:node_modules/@babel/plugin-transform-class-properties Completed in 6793ms
3531 http fetch GET 200 https://registry.npmjs.org/@babel/plugin-transform-block-scoped-functions/-/plugin-transform-block-scoped-functions-7.27.1.tgz 5407ms (cache miss)
3532 timing reifyNode:node_modules/@babel/plugin-transform-block-scoped-functions Completed in 6803ms
3533 http fetch GET 200 https://registry.npmjs.org/@eslint/eslintrc/-/eslintrc-2.1.4.tgz 5503ms (cache miss)
3534 http fetch GET 200 https://registry.npmjs.org/@babel/plugin-transform-regenerator/-/plugin-transform-regenerator-7.27.1.tgz 5445ms (cache miss)
3535 http fetch GET 200 https://registry.npmjs.org/@babel/plugin-transform-class-static-block/-/plugin-transform-class-static-block-7.27.1.tgz 5412ms (cache miss)
3536 timing reifyNode:node_modules/@babel/plugin-transform-class-static-block Completed in 6805ms
3537 http fetch GET 200 https://registry.npmjs.org/@pmmmwh/react-refresh-webpack-plugin/-/react-refresh-webpack-plugin-0.5.16.tgz 5536ms (cache miss)
3538 http fetch GET 200 https://registry.npmjs.org/@babel/plugin-transform-arrow-functions/-/plugin-transform-arrow-functions-7.27.1.tgz 5419ms (cache miss)
3539 timing reifyNode:node_modules/@babel/plugin-transform-arrow-functions Completed in 6815ms
3540 http fetch GET 200 https://registry.npmjs.org/@babel/plugin-transform-destructuring/-/plugin-transform-destructuring-7.27.1.tgz 5424ms (cache miss)
3541 timing reifyNode:node_modules/@eslint/eslintrc Completed in 6826ms
3542 http fetch GET 200 https://registry.npmjs.org/@babel/plugin-transform-async-to-generator/-/plugin-transform-async-to-generator-7.27.1.tgz 5434ms (cache miss)
3543 timing reifyNode:node_modules/@babel/plugin-transform-async-to-generator Completed in 6830ms
3544 timing reifyNode:node_modules/@babel/plugin-transform-regenerator Completed in 6835ms
3545 http fetch GET 200 https://registry.npmjs.org/@babel/plugin-transform-react-display-name/-/plugin-transform-react-display-name-7.27.1.tgz 5469ms (cache miss)
3546 timing reifyNode:node_modules/@babel/plugin-transform-react-display-name Completed in 6836ms
3547 http fetch GET 200 https://registry.npmjs.org/@babel/plugin-syntax-unicode-sets-regex/-/plugin-syntax-unicode-sets-regex-7.18.6.tgz 5435ms (cache miss)
3548 timing reifyNode:node_modules/@babel/plugin-syntax-unicode-sets-regex Completed in 6832ms
3549 http fetch GET 200 https://registry.npmjs.org/@babel/plugin-syntax-typescript/-/plugin-syntax-typescript-7.27.1.tgz 5435ms (cache miss)
3550 timing reifyNode:node_modules/@babel/plugin-syntax-typescript Completed in 6832ms
3551 timing reifyNode:node_modules/@pmmmwh/react-refresh-webpack-plugin Completed in 6849ms
3552 timing reifyNode:node_modules/@babel/plugin-transform-destructuring Completed in 6838ms
3553 http fetch GET 200 https://registry.npmjs.org/@babel/plugin-syntax-top-level-await/-/plugin-syntax-top-level-await-7.14.5.tgz 5439ms (cache miss)
3554 timing reifyNode:node_modules/@babel/plugin-syntax-top-level-await Completed in 6837ms
3555 http fetch GET 200 https://registry.npmjs.org/@babel/plugin-transform-new-target/-/plugin-transform-new-target-7.27.1.tgz 5468ms (cache miss)
3556 timing reifyNode:node_modules/@babel/plugin-transform-new-target Completed in 6841ms
3557 http fetch GET 200 https://registry.npmjs.org/@babel/plugin-syntax-private-property-in-object/-/plugin-syntax-private-property-in-object-7.14.5.tgz 5439ms (cache miss)
3558 timing reifyNode:node_modules/@babel/plugin-syntax-private-property-in-object Completed in 6838ms
3559 http fetch GET 200 https://registry.npmjs.org/@babel/plugin-syntax-optional-catch-binding/-/plugin-syntax-optional-catch-binding-7.8.3.tgz 5442ms (cache miss)
3560 timing reifyNode:node_modules/@babel/plugin-syntax-optional-catch-binding Completed in 6842ms
3561 http fetch GET 200 https://registry.npmjs.org/@babel/plugin-transform-classes/-/plugin-transform-classes-7.27.1.tgz 5452ms (cache miss)
3562 http fetch GET 200 https://registry.npmjs.org/@babel/plugin-syntax-numeric-separator/-/plugin-syntax-numeric-separator-7.10.4.tgz 5452ms (cache miss)
3563 timing reifyNode:node_modules/@babel/plugin-syntax-numeric-separator Completed in 6854ms
3564 timing reifyNode:node_modules/@babel/plugin-transform-classes Completed in 6860ms
3565 http fetch GET 200 https://registry.npmjs.org/@babel/plugin-syntax-jsx/-/plugin-syntax-jsx-7.27.1.tgz 5465ms (cache miss)
3566 timing reifyNode:node_modules/@babel/plugin-syntax-jsx Completed in 6869ms
3567 http fetch GET 200 https://registry.npmjs.org/@babel/plugin-syntax-logical-assignment-operators/-/plugin-syntax-logical-assignment-operators-7.10.4.tgz 5468ms (cache miss)
3568 timing reifyNode:node_modules/@babel/plugin-syntax-logical-assignment-operators Completed in 6869ms
3569 http fetch GET 200 https://registry.npmjs.org/@babel/plugin-syntax-json-strings/-/plugin-syntax-json-strings-7.8.3.tgz 5473ms (cache miss)
3570 timing reifyNode:node_modules/@babel/plugin-syntax-json-strings Completed in 6875ms
3571 http fetch GET 200 https://registry.npmjs.org/@babel/plugin-transform-block-scoping/-/plugin-transform-block-scoping-7.27.1.tgz 5487ms (cache miss)
3572 http fetch GET 200 https://registry.npmjs.org/@babel/plugin-transform-object-rest-spread/-/plugin-transform-object-rest-spread-7.27.2.tgz 5513ms (cache miss)
3573 http fetch GET 200 https://registry.npmjs.org/@babel/plugin-syntax-import-meta/-/plugin-syntax-import-meta-7.10.4.tgz 5477ms (cache miss)
3574 timing reifyNode:node_modules/@babel/plugin-syntax-import-meta Completed in 6880ms
3575 http fetch GET 200 https://registry.npmjs.org/@babel/plugin-syntax-import-assertions/-/plugin-syntax-import-assertions-7.27.1.tgz 5472ms (cache miss)
3576 timing reifyNode:node_modules/@babel/plugin-syntax-import-assertions Completed in 6881ms
3577 http fetch GET 200 https://registry.npmjs.org/@babel/plugin-syntax-nullish-coalescing-operator/-/plugin-syntax-nullish-coalescing-operator-7.8.3.tgz 5481ms (cache miss)
3578 timing reifyNode:node_modules/@babel/plugin-syntax-nullish-coalescing-operator Completed in 6883ms
3579 http fetch GET 200 https://registry.npmjs.org/@babel/plugin-syntax-import-attributes/-/plugin-syntax-import-attributes-7.27.1.tgz 5475ms (cache miss)
3580 timing reifyNode:node_modules/@babel/plugin-syntax-import-attributes Completed in 6882ms
3581 http fetch GET 200 https://registry.npmjs.org/@babel/plugin-transform-exponentiation-operator/-/plugin-transform-exponentiation-operator-7.27.1.tgz 5482ms (cache miss)
3582 timing reifyNode:node_modules/@babel/plugin-transform-exponentiation-operator Completed in 6895ms
3583 http fetch GET 200 https://registry.npmjs.org/@babel/plugin-transform-dynamic-import/-/plugin-transform-dynamic-import-7.27.1.tgz 5511ms (cache miss)
3584 timing reifyNode:node_modules/@babel/plugin-transform-dynamic-import Completed in 6896ms
3585 http fetch GET 200 https://registry.npmjs.org/common-tags/-/common-tags-1.8.2.tgz 5804ms (cache miss)
3586 timing reifyNode:node_modules/@babel/plugin-transform-block-scoping Completed in 6898ms
3587 http fetch GET 200 https://registry.npmjs.org/@babel/plugin-syntax-optional-chaining/-/plugin-syntax-optional-chaining-7.8.3.tgz 5488ms (cache miss)
3588 timing reifyNode:node_modules/@babel/plugin-syntax-optional-chaining Completed in 6898ms
3589 timing reifyNode:node_modules/@babel/plugin-transform-object-rest-spread Completed in 6902ms
3590 http fetch GET 200 https://registry.npmjs.org/@babel/preset-env/-/preset-env-7.27.2.tgz 5554ms (cache miss)
3591 http fetch GET 200 https://registry.npmjs.org/clean-css/-/clean-css-5.3.3.tgz 5794ms (cache miss)
3592 timing reifyNode:node_modules/@babel/preset-modules Completed in 6909ms
3593 http fetch GET 200 https://registry.npmjs.org/@babel/plugin-syntax-flow/-/plugin-syntax-flow-7.27.1.tgz 5493ms (cache miss)
3594 timing reifyNode:node_modules/@babel/plugin-syntax-flow Completed in 6903ms
3595 http fetch GET 200 https://registry.npmjs.org/@babel/plugin-syntax-class-properties/-/plugin-syntax-class-properties-7.12.13.tgz 5491ms (cache miss)
3596 timing reifyNode:node_modules/@babel/plugin-syntax-class-properties Completed in 6904ms
3597 timing reifyNode:node_modules/common-tags Completed in 6937ms
3598 http fetch GET 200 https://registry.npmjs.org/@rushstack/eslint-patch/-/eslint-patch-1.11.0.tgz 5635ms (cache miss)
3599 timing reifyNode:node_modules/@babel/preset-env Completed in 6913ms
3600 http fetch GET 200 https://registry.npmjs.org/@babel/plugin-syntax-bigint/-/plugin-syntax-bigint-7.8.3.tgz 5494ms (cache miss)
3601 timing reifyNode:node_modules/@babel/plugin-syntax-bigint Completed in 6907ms
3602 timing reifyNode:node_modules/clean-css Completed in 6940ms
3603 http fetch GET 200 https://registry.npmjs.org/@babel/plugin-syntax-class-static-block/-/plugin-syntax-class-static-block-7.14.5.tgz 5506ms (cache miss)
3604 timing reifyNode:node_modules/@babel/plugin-syntax-class-static-block Completed in 6917ms
3605 timing reifyNode:node_modules/@rushstack/eslint-patch Completed in 6933ms
3606 http fetch GET 200 https://registry.npmjs.org/@babel/plugin-proposal-private-property-in-object/-/plugin-proposal-private-property-in-object-7.21.0-placeholder-for-preset-env.2.tgz 5515ms (cache miss)
3607 http fetch GET 200 https://registry.npmjs.org/@babel/plugin-proposal-nullish-coalescing-operator/-/plugin-proposal-nullish-coalescing-operator-7.18.6.tgz 5514ms (cache miss)
3608 warn deprecated @babel/plugin-proposal-nullish-coalescing-operator@7.18.6: This proposal has been merged to the ECMAScript standard and thus this plugin is no longer maintained. Please use @babel/plugin-transform-nullish-coalescing-operator instead.
3609 timing reifyNode:node_modules/@babel/plugin-proposal-nullish-coalescing-operator Completed in 6930ms
3610 http fetch GET 200 https://registry.npmjs.org/@babel/plugin-proposal-optional-chaining/-/plugin-proposal-optional-chaining-7.21.0.tgz 5515ms (cache miss)
3611 warn deprecated @babel/plugin-proposal-optional-chaining@7.21.0: This proposal has been merged to the ECMAScript standard and thus this plugin is no longer maintained. Please use @babel/plugin-transform-optional-chaining instead.
3612 timing reifyNode:node_modules/@babel/plugin-proposal-optional-chaining Completed in 6932ms
3613 timing reifyNode:node_modules/@babel/plugin-proposal-private-property-in-object Completed in 6932ms
3614 http fetch GET 200 https://registry.npmjs.org/@testing-library/user-event/-/user-event-13.5.0.tgz 5709ms (cache miss)
3615 http fetch GET 200 https://registry.npmjs.org/@babel/plugin-proposal-numeric-separator/-/plugin-proposal-numeric-separator-7.18.6.tgz 5524ms (cache miss)
3616 warn deprecated @babel/plugin-proposal-numeric-separator@7.18.6: This proposal has been merged to the ECMAScript standard and thus this plugin is no longer maintained. Please use @babel/plugin-transform-numeric-separator instead.
3617 timing reifyNode:node_modules/@babel/plugin-proposal-numeric-separator Completed in 6940ms
3618 http fetch GET 200 https://registry.npmjs.org/@babel/plugin-proposal-class-properties/-/plugin-proposal-class-properties-7.18.6.tgz 5525ms (cache miss)
3619 warn deprecated @babel/plugin-proposal-class-properties@7.18.6: This proposal has been merged to the ECMAScript standard and thus this plugin is no longer maintained. Please use @babel/plugin-transform-class-properties instead.
3620 timing reifyNode:node_modules/@babel/plugin-proposal-class-properties Completed in 6942ms
3621 http fetch GET 200 https://registry.npmjs.org/fork-ts-checker-webpack-plugin/-/fork-ts-checker-webpack-plugin-6.5.3.tgz 6605ms (cache miss)
3622 http fetch GET 200 https://registry.npmjs.org/@babel/plugin-transform-async-generator-functions/-/plugin-transform-async-generator-functions-7.27.1.tgz 5556ms (cache miss)
3623 http fetch GET 200 https://registry.npmjs.org/@babel/plugin-bugfix-v8-static-class-fields-redefine-readonly/-/plugin-bugfix-v8-static-class-fields-redefine-readonly-7.27.1.tgz 5528ms (cache miss)
3624 timing reifyNode:node_modules/@testing-library/user-event Completed in 6968ms
3625 timing reifyNode:node_modules/@babel/plugin-transform-async-generator-functions Completed in 6954ms
3626 timing reifyNode:node_modules/@babel/plugin-bugfix-v8-static-class-fields-redefine-readonly Completed in 6953ms
3627 http fetch GET 200 https://registry.npmjs.org/@babel/plugin-proposal-decorators/-/plugin-proposal-decorators-7.27.1.tgz 5538ms (cache miss)
3628 timing reifyNode:node_modules/fork-ts-checker-webpack-plugin Completed in 7009ms
3629 http fetch GET 200 https://registry.npmjs.org/@babel/plugin-bugfix-safari-id-destructuring-collision-in-function-expression/-/plugin-bugfix-safari-id-destructuring-collision-in-function-expression-7.27.1.tgz 5550ms (cache miss)
3630 timing reifyNode:node_modules/@babel/plugin-bugfix-safari-id-destructuring-collision-in-function-expression Completed in 6974ms
3631 timing reifyNode:node_modules/@babel/plugin-proposal-decorators Completed in 6975ms
3632 http fetch GET 200 https://registry.npmjs.org/@babel/plugin-bugfix-safari-class-field-initializer-scope/-/plugin-bugfix-safari-class-field-initializer-scope-7.27.1.tgz 5556ms (cache miss)
3633 timing reifyNode:node_modules/@babel/plugin-bugfix-safari-class-field-initializer-scope Completed in 6980ms
3634 http fetch GET 200 https://registry.npmjs.org/@babel/helper-validator-option/-/helper-validator-option-7.27.1.tgz 5545ms (cache miss)
3635 http fetch GET 200 https://registry.npmjs.org/@babel/plugin-bugfix-firefox-class-in-computed-class-key/-/plugin-bugfix-firefox-class-in-computed-class-key-7.27.1.tgz 5546ms (cache miss)
3636 timing reifyNode:node_modules/@babel/plugin-bugfix-firefox-class-in-computed-class-key Completed in 6982ms
3637 http fetch GET 200 https://registry.npmjs.org/@jest/core/-/core-27.5.1.tgz 5698ms (cache miss)
3638 http fetch GET 200 https://registry.npmjs.org/@babel/plugin-bugfix-v8-spread-parameters-in-optional-chaining/-/plugin-bugfix-v8-spread-parameters-in-optional-chaining-7.27.1.tgz 5568ms (cache miss)
3639 timing reifyNode:node_modules/@babel/plugin-bugfix-v8-spread-parameters-in-optional-chaining Completed in 6990ms
3640 http fetch GET 200 https://registry.npmjs.org/@babel/helper-validator-identifier/-/helper-validator-identifier-7.27.1.tgz 5553ms (cache miss)
3641 http fetch GET 200 https://registry.npmjs.org/@babel/plugin-syntax-object-rest-spread/-/plugin-syntax-object-rest-spread-7.8.3.tgz 5592ms (cache miss)
3642 timing reifyNode:node_modules/@babel/plugin-syntax-object-rest-spread Completed in 6993ms
3643 http fetch GET 200 https://registry.npmjs.org/@babel/helper-string-parser/-/helper-string-parser-7.27.1.tgz 5553ms (cache miss)
3644 http fetch GET 200 https://registry.npmjs.org/@babel/helper-skip-transparent-expression-wrappers/-/helper-skip-transparent-expression-wrappers-7.27.1.tgz 5554ms (cache miss)
3645 timing reifyNode:node_modules/@babel/helper-skip-transparent-expression-wrappers Completed in 6992ms
3646 http fetch GET 200 https://registry.npmjs.org/@bcoe/v8-coverage/-/v8-coverage-0.2.3.tgz 5659ms (cache miss)
3647 http fetch GET 200 https://registry.npmjs.org/@babel/helper-replace-supers/-/helper-replace-supers-7.27.1.tgz 5557ms (cache miss)
3648 timing reifyNode:node_modules/@babel/helper-replace-supers Completed in 6994ms
3649 timing reifyNode:node_modules/@babel/helper-string-parser Completed in 6996ms
3650 timing reifyNode:node_modules/@jest/core Completed in 7011ms
3651 timing reifyNode:node_modules/@babel/helper-validator-option Completed in 7001ms
3652 http fetch GET 200 https://registry.npmjs.org/@babel/helpers/-/helpers-7.27.1.tgz 6513ms (cache miss)
3653 http fetch GET 200 https://registry.npmjs.org/@babel/helper-remap-async-to-generator/-/helper-remap-async-to-generator-7.27.1.tgz 5563ms (cache miss)
3654 timing reifyNode:node_modules/@babel/helper-remap-async-to-generator Completed in 7002ms
3655 timing reifyNode:node_modules/@bcoe/v8-coverage Completed in 7016ms
3656 timing reifyNode:node_modules/@babel/helper-validator-identifier Completed in 7008ms
3657 timing reifyNode:node_modules/@babel/helpers Completed in 7013ms
3658 http fetch GET 200 https://registry.npmjs.org/@babel/helper-plugin-utils/-/helper-plugin-utils-7.27.1.tgz 5574ms (cache miss)
3659 timing reifyNode:node_modules/@babel/helper-plugin-utils Completed in 7014ms
3660 http fetch GET 200 https://registry.npmjs.org/@babel/helper-optimise-call-expression/-/helper-optimise-call-expression-7.27.1.tgz 5574ms (cache miss)
3661 timing reifyNode:node_modules/@babel/helper-optimise-call-expression Completed in 7014ms
3662 http fetch GET 200 https://registry.npmjs.org/@babel/helper-compilation-targets/-/helper-compilation-targets-7.27.2.tgz 5581ms (cache miss)
3663 http fetch GET 200 https://registry.npmjs.org/@babel/helper-annotate-as-pure/-/helper-annotate-as-pure-7.27.1.tgz 5596ms (cache miss)
3664 timing reifyNode:node_modules/@babel/helper-annotate-as-pure Completed in 7045ms
3665 http fetch GET 200 https://registry.npmjs.org/@babel/plugin-proposal-private-methods/-/plugin-proposal-private-methods-7.18.6.tgz 5637ms (cache miss)
3666 warn deprecated @babel/plugin-proposal-private-methods@7.18.6: This proposal has been merged to the ECMAScript standard and thus this plugin is no longer maintained. Please use @babel/plugin-transform-private-methods instead.
3667 timing reifyNode:node_modules/@babel/plugin-proposal-private-methods Completed in 7053ms
3668 http fetch GET 200 https://registry.npmjs.org/@babel/plugin-syntax-async-generators/-/plugin-syntax-async-generators-7.8.4.tgz 5640ms (cache miss)
3669 timing reifyNode:node_modules/@babel/plugin-syntax-async-generators Completed in 7053ms
3670 http fetch GET 200 https://registry.npmjs.org/@babel/plugin-syntax-decorators/-/plugin-syntax-decorators-7.27.1.tgz 5648ms (cache miss)
3671 timing reifyNode:node_modules/@babel/plugin-syntax-decorators Completed in 7059ms
3672 http fetch GET 200 https://registry.npmjs.org/@babel/compat-data/-/compat-data-7.27.2.tgz 5619ms (cache miss)
3673 http fetch GET 200 https://registry.npmjs.org/@babel/code-frame/-/code-frame-7.27.1.tgz 5631ms (cache miss)
3674 timing reifyNode:node_modules/@babel/code-frame Completed in 7087ms
3675 http fetch GET 200 https://registry.npmjs.org/eslint-plugin-import/-/eslint-plugin-import-2.31.0.tgz 6077ms (cache miss)
3676 timing reifyNode:node_modules/@babel/helper-compilation-targets Completed in 7094ms
3677 timing reifyNode:node_modules/eslint-plugin-import Completed in 7152ms
3678 http fetch GET 200 https://registry.npmjs.org/@ampproject/remapping/-/remapping-2.3.0.tgz 5657ms (cache miss)
3679 http fetch GET 200 https://registry.npmjs.org/webpack-sources/-/webpack-sources-1.4.3.tgz 5658ms (cache miss)
3680 http fetch GET 200 https://registry.npmjs.org/@alloc/quick-lru/-/quick-lru-5.2.0.tgz 5663ms (cache miss)
3681 timing reifyNode:node_modules/@alloc/quick-lru Completed in 7115ms
3682 http fetch GET 200 https://registry.npmjs.org/@babel/helper-module-transforms/-/helper-module-transforms-7.27.1.tgz 5679ms (cache miss)
3683 timing reifyNode:node_modules/@babel/helper-module-transforms Completed in 7136ms
3684 http fetch GET 200 https://registry.npmjs.org/webidl-conversions/-/webidl-conversions-4.0.2.tgz 5685ms (cache miss)
3685 timing reifyNode:node_modules/workbox-build/node_modules/webidl-conversions Completed in 7253ms
3686 timing reifyNode:node_modules/@babel/compat-data Completed in 7146ms
3687 timing reifyNode:node_modules/workbox-webpack-plugin/node_modules/webpack-sources Completed in 7281ms
3688 http fetch GET 200 https://registry.npmjs.org/webpack-sources/-/webpack-sources-2.3.1.tgz 5704ms (cache miss)
3689 http fetch GET 200 https://registry.npmjs.org/@babel/traverse/-/traverse-7.27.1.tgz 5842ms (cache miss)
3690 http fetch GET 200 https://registry.npmjs.org/@babel/helper-module-imports/-/helper-module-imports-7.27.1.tgz 5743ms (cache miss)
3691 timing reifyNode:node_modules/@babel/helper-module-imports Completed in 7185ms
3692 timing reifyNode:node_modules/@ampproject/remapping Completed in 7193ms
3693 http fetch GET 200 https://registry.npmjs.org/whatwg-url/-/whatwg-url-7.1.0.tgz 5738ms (cache miss)
3694 timing reifyNode:node_modules/@babel/traverse Completed in 7208ms
3695 http fetch GET 200 https://registry.npmjs.org/@babel/helper-create-regexp-features-plugin/-/helper-create-regexp-features-plugin-7.27.1.tgz 5753ms (cache miss)
3696 http fetch GET 200 https://registry.npmjs.org/@babel/helper-member-expression-to-functions/-/helper-member-expression-to-functions-7.27.1.tgz 5759ms (cache miss)
3697 http fetch GET 200 https://registry.npmjs.org/@adobe/css-tools/-/css-tools-4.4.2.tgz 5752ms (cache miss)
3698 http fetch GET 200 https://registry.npmjs.org/json-schema-traverse/-/json-schema-traverse-1.0.0.tgz 5744ms (cache miss)
3699 http fetch GET 200 https://registry.npmjs.org/tslib/-/tslib-1.14.1.tgz 5742ms (cache miss)
3700 timing reifyNode:node_modules/workbox-build/node_modules/whatwg-url Completed in 7325ms
3701 http fetch GET 200 https://registry.npmjs.org/strip-bom/-/strip-bom-3.0.0.tgz 5744ms (cache miss)
3702 timing reifyNode:node_modules/tsconfig-paths/node_modules/strip-bom Completed in 7319ms
3703 http fetch GET 200 https://registry.npmjs.org/@babel/helper-define-polyfill-provider/-/helper-define-polyfill-provider-0.6.4.tgz 5773ms (cache miss)
3704 http fetch GET 200 https://registry.npmjs.org/convert-source-map/-/convert-source-map-1.9.0.tgz 5749ms (cache miss)
3705 timing reifyNode:node_modules/v8-to-istanbul/node_modules/convert-source-map Completed in 7325ms
3706 timing reifyNode:node_modules/@babel/helper-member-expression-to-functions Completed in 7220ms
3707 http fetch GET 200 https://registry.npmjs.org/@typescript-eslint/typescript-estree/-/typescript-estree-5.62.0.tgz 6047ms (cache miss)
3708 http fetch GET 200 https://registry.npmjs.org/estraverse/-/estraverse-4.3.0.tgz 5758ms (cache miss)
3709 timing reifyNode:node_modules/webpack/node_modules/estraverse Completed in 7336ms
3710 timing reifyNode:node_modules/@adobe/css-tools Completed in 7235ms
3711 timing reifyNode:node_modules/workbox-build/node_modules/json-schema-traverse Completed in 7349ms
3712 timing reifyNode:node_modules/@babel/helper-define-polyfill-provider Completed in 7246ms
3713 timing reifyNode:node_modules/@babel/helper-create-regexp-features-plugin Completed in 7247ms
3714 http fetch GET 200 https://registry.npmjs.org/universalify/-/universalify-0.2.0.tgz 5777ms (cache miss)
3715 timing reifyNode:node_modules/tough-cookie/node_modules/universalify Completed in 7354ms
3716 http fetch GET 200 https://registry.npmjs.org/escape-string-regexp/-/escape-string-regexp-1.0.5.tgz 5781ms (cache miss)
3717 timing reifyNode:node_modules/trim-repeated/node_modules/escape-string-regexp Completed in 7357ms
3718 timing reifyNode:node_modules/@typescript-eslint/typescript-estree Completed in 7279ms
3719 http fetch GET 200 https://registry.npmjs.org/@babel/helper-create-class-features-plugin/-/helper-create-class-features-plugin-7.27.1.tgz 5820ms (cache miss)
3720 http fetch GET 200 https://registry.npmjs.org/lilconfig/-/lilconfig-3.1.3.tgz 5790ms (cache miss)
3721 timing reifyNode:node_modules/tailwindcss/node_modules/lilconfig Completed in 7369ms
3722 http fetch GET 200 https://registry.npmjs.org/nth-check/-/nth-check-1.0.2.tgz 5797ms (cache miss)
3723 timing reifyNode:node_modules/svgo/node_modules/nth-check Completed in 7378ms
3724 http fetch GET 200 https://registry.npmjs.org/has-flag/-/has-flag-3.0.0.tgz 5797ms (cache miss)
3725 timing reifyNode:node_modules/svgo/node_modules/has-flag Completed in 7379ms
3726 http fetch GET 200 https://registry.npmjs.org/supports-color/-/supports-color-5.5.0.tgz 5799ms (cache miss)
3727 timing reifyNode:node_modules/svgo/node_modules/supports-color Completed in 7380ms
3728 timing reifyNode:node_modules/tsutils/node_modules/tslib Completed in 7413ms
3729 http fetch GET 200 https://registry.npmjs.org/eslint-scope/-/eslint-scope-5.1.1.tgz 5842ms (cache miss)
3730 http fetch GET 200 https://registry.npmjs.org/commander/-/commander-2.20.3.tgz 5837ms (cache miss)
3731 timing reifyNode:node_modules/@babel/helper-create-class-features-plugin Completed in 7317ms
3732 http fetch GET 200 https://registry.npmjs.org/dom-serializer/-/dom-serializer-0.2.2.tgz 5842ms (cache miss)
3733 timing reifyNode:node_modules/svgo/node_modules/dom-serializer Completed in 7424ms
3734 http fetch GET 200 https://registry.npmjs.org/domutils/-/domutils-1.7.0.tgz 5844ms (cache miss)
3735 http fetch GET 200 https://registry.npmjs.org/tr46/-/tr46-1.0.1.tgz 5867ms (cache miss)
3736 http fetch GET 200 https://registry.npmjs.org/escape-string-regexp/-/escape-string-regexp-1.0.5.tgz 5846ms (cache miss)
3737 timing reifyNode:node_modules/svgo/node_modules/escape-string-regexp Completed in 7428ms
3738 http fetch GET 200 https://registry.npmjs.org/domelementtype/-/domelementtype-1.3.1.tgz 5866ms (cache miss)
3739 timing reifyNode:node_modules/svgo/node_modules/domutils/node_modules/domelementtype Completed in 7449ms
3740 http fetch GET 200 https://registry.npmjs.org/json5/-/json5-1.0.2.tgz 5878ms (cache miss)
3741 timing reifyNode:node_modules/webpack-manifest-plugin/node_modules/webpack-sources Completed in 7460ms
3742 timing reifyNode:node_modules/webpack/node_modules/eslint-scope Completed in 7478ms
3743 timing reifyNode:node_modules/terser/node_modules/commander Completed in 7473ms
3744 http fetch GET 200 https://registry.npmjs.org/color-name/-/color-name-1.1.3.tgz 5905ms (cache miss)
3745 timing reifyNode:node_modules/svgo/node_modules/color-name Completed in 7491ms
3746 timing reifyNode:node_modules/tsconfig-paths/node_modules/json5 Completed in 7496ms
3747 timing reifyNode:node_modules/workbox-build/node_modules/tr46 Completed in 7512ms
3748 http fetch GET 200 https://registry.npmjs.org/color-convert/-/color-convert-1.9.3.tgz 5916ms (cache miss)
3749 http fetch GET 200 https://registry.npmjs.org/chalk/-/chalk-2.4.2.tgz 5932ms (cache miss)
3750 http fetch GET 200 https://registry.npmjs.org/ansi-styles/-/ansi-styles-3.2.1.tgz 5932ms (cache miss)
3751 timing reifyNode:node_modules/svgo/node_modules/ansi-styles Completed in 7519ms
3752 http fetch GET 200 https://registry.npmjs.org/brace-expansion/-/brace-expansion-2.0.1.tgz 5950ms (cache miss)
3753 timing reifyNode:node_modules/sucrase/node_modules/brace-expansion Completed in 7538ms
3754 timing reifyNode:node_modules/svgo/node_modules/color-convert Completed in 7546ms
3755 http fetch GET 200 https://registry.npmjs.org/emoji-regex/-/emoji-regex-8.0.0.tgz 5955ms (cache miss)
3756 http fetch GET 200 https://registry.npmjs.org/escape-string-regexp/-/escape-string-regexp-1.0.5.tgz 5975ms (cache miss)
3757 timing reifyNode:node_modules/strip-outer/node_modules/escape-string-regexp Completed in 7567ms
3758 timing reifyNode:node_modules/svgo/node_modules/chalk Completed in 7571ms
3759 http fetch GET 200 https://registry.npmjs.org/commander/-/commander-4.1.1.tgz 5999ms (cache miss)
3760 http fetch GET 200 https://registry.npmjs.org/type-check/-/type-check-0.3.2.tgz 5992ms (cache miss)
3761 http fetch GET 200 https://registry.npmjs.org/emoji-regex/-/emoji-regex-8.0.0.tgz 6000ms (cache miss)
3762 http fetch GET 200 https://registry.npmjs.org/css-what/-/css-what-3.4.2.tgz 6016ms (cache miss)
3763 timing reifyNode:node_modules/static-eval/node_modules/type-check Completed in 7599ms
3764 http fetch GET 200 https://registry.npmjs.org/optionator/-/optionator-0.8.3.tgz 6015ms (cache miss)
3765 http fetch GET 200 https://registry.npmjs.org/prelude-ls/-/prelude-ls-1.1.2.tgz 6016ms (cache miss)
3766 http fetch GET 200 https://registry.npmjs.org/statuses/-/statuses-1.5.0.tgz 6015ms (cache miss)
3767 http fetch GET 200 https://registry.npmjs.org/setprototypeof/-/setprototypeof-1.1.0.tgz 6014ms (cache miss)
3768 timing reifyNode:node_modules/serve-index/node_modules/setprototypeof Completed in 7607ms
3769 http fetch GET 200 https://registry.npmjs.org/ms/-/ms-2.0.0.tgz 6016ms (cache miss)
3770 timing reifyNode:node_modules/serve-index/node_modules/ms Completed in 7608ms
3771 http fetch GET 200 https://registry.npmjs.org/inherits/-/inherits-2.0.3.tgz 5981ms (cache miss)
3772 timing reifyNode:node_modules/serve-index/node_modules/inherits Completed in 7608ms
3773 http fetch GET 200 https://registry.npmjs.org/sucrase/-/sucrase-3.35.0.tgz 6955ms (cache miss)
3774 http fetch GET 200 https://registry.npmjs.org/css-select/-/css-select-2.1.0.tgz 6044ms (cache miss)
3775 http fetch GET 200 https://registry.npmjs.org/http-errors/-/http-errors-1.6.3.tgz 5994ms (cache miss)
3776 timing reifyNode:node_modules/serve-index/node_modules/http-errors Completed in 7623ms
3777 http fetch GET 200 https://registry.npmjs.org/depd/-/depd-1.1.2.tgz 5994ms (cache miss)
3778 http fetch GET 200 https://registry.npmjs.org/encodeurl/-/encodeurl-1.0.2.tgz 5992ms (cache miss)
3779 timing reifyNode:node_modules/send/node_modules/encodeurl Completed in 7623ms
3780 timing reifyNode:node_modules/string-width-cjs/node_modules/emoji-regex Completed in 7642ms
3781 timing reifyNode:node_modules/sucrase/node_modules/commander Completed in 7646ms
3782 timing reifyNode:node_modules/serve-index/node_modules/statuses Completed in 7647ms
3783 http fetch GET 200 https://registry.npmjs.org/@apideck/better-ajv-errors/-/better-ajv-errors-0.3.6.tgz 6090ms (cache miss)
3784 http fetch GET 200 https://registry.npmjs.org/source-map/-/source-map-0.8.0-beta.0.tgz 6098ms (cache miss)
3785 timing reifyNode:node_modules/string-width/node_modules/emoji-regex Completed in 7652ms
3786 timing reifyNode:node_modules/svgo/node_modules/css-what Completed in 7671ms
3787 http fetch GET 200 https://registry.npmjs.org/serialize-javascript/-/serialize-javascript-4.0.0.tgz 6026ms (cache miss)
3788 timing reifyNode:node_modules/rollup-plugin-terser/node_modules/serialize-javascript Completed in 7662ms
3789 timing reifyNode:node_modules/svgo/node_modules/domutils Completed in 7683ms
3790 http fetch GET 200 https://registry.npmjs.org/picocolors/-/picocolors-0.2.1.tgz 6036ms (cache miss)
3791 timing reifyNode:node_modules/resolve-url-loader/node_modules/picocolors Completed in 7674ms
3792 timing reifyNode:node_modules/sucrase Completed in 7685ms
3793 timing reifyNode:node_modules/svgo/node_modules/css-select Completed in 7696ms
3794 http fetch GET 200 https://registry.npmjs.org/p-locate/-/p-locate-5.0.0.tgz 6049ms (cache miss)
3795 timing reifyNode:node_modules/react-dev-utils/node_modules/p-locate Completed in 7685ms
3796 http fetch GET 200 https://registry.npmjs.org/p-limit/-/p-limit-3.1.0.tgz 6047ms (cache miss)
3797 timing reifyNode:node_modules/react-dev-utils/node_modules/p-limit Completed in 7686ms
3798 http fetch GET 200 https://registry.npmjs.org/find-up/-/find-up-5.0.0.tgz 6064ms (cache miss)
3799 timing reifyNode:node_modules/react-dev-utils/node_modules/find-up Completed in 7703ms
3800 http fetch GET 200 https://registry.npmjs.org/locate-path/-/locate-path-6.0.0.tgz 6063ms (cache miss)
3801 timing reifyNode:node_modules/react-dev-utils/node_modules/locate-path Completed in 7704ms
3802 http fetch GET 200 https://registry.npmjs.org/ms/-/ms-2.0.0.tgz 6079ms (cache miss)
3803 timing reifyNode:node_modules/send/node_modules/debug/node_modules/ms Completed in 7710ms
3804 http fetch GET 200 https://registry.npmjs.org/ipaddr.js/-/ipaddr.js-1.9.1.tgz 6083ms (cache miss)
3805 timing reifyNode:node_modules/static-eval/node_modules/optionator Completed in 7735ms
3806 timing reifyNode:node_modules/workbox-build/node_modules/@apideck/better-ajv-errors Completed in 7752ms
3807 timing reifyNode:node_modules/workbox-build/node_modules/source-map Completed in 7752ms
3808 http fetch GET 200 https://registry.npmjs.org/jest-worker/-/jest-worker-26.6.2.tgz 6095ms (cache miss)
3809 http fetch GET 200 https://registry.npmjs.org/convert-source-map/-/convert-source-map-1.9.0.tgz 6092ms (cache miss)
3810 timing reifyNode:node_modules/resolve-url-loader/node_modules/convert-source-map Completed in 7731ms
3811 http fetch GET 200 https://registry.npmjs.org/react-is/-/react-is-16.13.1.tgz 6102ms (cache miss)
3812 http fetch GET 200 https://registry.npmjs.org/jsesc/-/jsesc-3.0.2.tgz 6116ms (cache miss)
3813 http fetch GET 200 https://registry.npmjs.org/@babel/eslint-parser/-/eslint-parser-7.27.1.tgz 6216ms (cache miss)
3814 http fetch GET 200 https://registry.npmjs.org/@testing-library/dom/-/dom-10.4.0.tgz 6459ms (cache miss)
3815 http fetch GET 200 https://registry.npmjs.org/ansi-styles/-/ansi-styles-5.2.0.tgz 6132ms (cache miss)
3816 timing reifyNode:node_modules/pretty-format/node_modules/ansi-styles Completed in 7774ms
3817 timing reifyNode:node_modules/static-eval/node_modules/prelude-ls Completed in 7840ms
3818 timing reifyNode:node_modules/regjsparser/node_modules/jsesc Completed in 7862ms
3819 timing reifyNode:node_modules/@babel/eslint-parser Completed in 7775ms
3820 http fetch GET 200 https://registry.npmjs.org/path-exists/-/path-exists-3.0.0.tgz 6211ms (cache miss)
3821 timing reifyNode:node_modules/pkg-up/node_modules/path-exists Completed in 7856ms
3822 timing reifyNode:node_modules/proxy-addr/node_modules/ipaddr.js Completed in 7863ms
3823 http fetch GET 200 https://registry.npmjs.org/p-locate/-/p-locate-3.0.0.tgz 6232ms (cache miss)
3824 timing reifyNode:node_modules/pkg-up/node_modules/p-locate Completed in 7876ms
3825 timing reifyNode:node_modules/@testing-library/dom Completed in 7818ms
3826 timing reifyNode:node_modules/prop-types/node_modules/react-is Completed in 7884ms
3827 http fetch GET 200 https://registry.npmjs.org/locate-path/-/locate-path-3.0.0.tgz 6244ms (cache miss)
3828 timing reifyNode:node_modules/pkg-up/node_modules/locate-path Completed in 7890ms
3829 http fetch GET 200 https://registry.npmjs.org/lilconfig/-/lilconfig-3.1.3.tgz 6247ms (cache miss)
3830 timing reifyNode:node_modules/postcss-load-config/node_modules/lilconfig Completed in 7893ms
3831 http fetch GET 200 https://registry.npmjs.org/supports-color/-/supports-color-8.1.1.tgz 6260ms (cache miss)
3832 timing reifyNode:node_modules/jest-worker/node_modules/supports-color Completed in 7898ms
3833 http fetch GET 200 https://registry.npmjs.org/strip-ansi/-/strip-ansi-7.1.0.tgz 6262ms (cache miss)
3834 timing reifyNode:node_modules/jest-watch-typeahead/node_modules/strip-ansi Completed in 7900ms
3835 http fetch GET 200 https://registry.npmjs.org/ansi-regex/-/ansi-regex-6.1.0.tgz 6270ms (cache miss)
3836 timing reifyNode:node_modules/jest-watch-typeahead/node_modules/strip-ansi/node_modules/ansi-regex Completed in 7909ms
3837 http fetch GET 200 https://registry.npmjs.org/string-length/-/string-length-5.0.1.tgz 6268ms (cache miss)
3838 timing reifyNode:node_modules/jest-watch-typeahead/node_modules/string-length Completed in 7910ms
3839 http fetch GET 200 https://registry.npmjs.org/slash/-/slash-4.0.0.tgz 6267ms (cache miss)
3840 timing reifyNode:node_modules/jest-watch-typeahead/node_modules/slash Completed in 7910ms
3841 http fetch GET 200 https://registry.npmjs.org/char-regex/-/char-regex-2.0.2.tgz 6269ms (cache miss)
3842 timing reifyNode:node_modules/jest-watch-typeahead/node_modules/string-length/node_modules/char-regex Completed in 7914ms
3843 http fetch GET 200 https://registry.npmjs.org/@types/node/-/node-22.15.17.tgz 6664ms (cache miss)
3844 timing reifyNode:node_modules/serve-index/node_modules/depd Completed in 7962ms
3845 http fetch GET 200 https://registry.npmjs.org/react-is/-/react-is-18.3.1.tgz 6333ms (cache miss)
3846 http fetch GET 200 https://registry.npmjs.org/pretty-format/-/pretty-format-28.1.3.tgz 6334ms (cache miss)
3847 http fetch GET 200 https://registry.npmjs.org/json-schema-traverse/-/json-schema-traverse-1.0.0.tgz 6373ms (cache miss)
3848 http fetch GET 200 https://registry.npmjs.org/jest-util/-/jest-util-28.1.3.tgz 6350ms (cache miss)
3849 http fetch GET 200 https://registry.npmjs.org/jest-regex-util/-/jest-regex-util-28.0.2.tgz 6350ms (cache miss)
3850 timing reifyNode:node_modules/jest-watch-typeahead/node_modules/jest-regex-util Completed in 7998ms
3851 http fetch GET 200 https://registry.npmjs.org/jest-message-util/-/jest-message-util-28.1.3.tgz 6356ms (cache miss)
3852 timing reifyNode:node_modules/jest-watch-typeahead/node_modules/jest-message-util Completed in 8004ms
3853 http fetch GET 200 https://registry.npmjs.org/semver/-/semver-6.3.1.tgz 6370ms (cache miss)
3854 http fetch GET 200 https://registry.npmjs.org/find-up/-/find-up-3.0.0.tgz 6361ms (cache miss)
3855 timing reifyNode:node_modules/pkg-up/node_modules/find-up Completed in 8024ms
3856 timing reifyNode:node_modules/@types/node Completed in 7972ms
3857 http fetch GET 200 https://registry.npmjs.org/debug/-/debug-2.6.9.tgz 6413ms (cache miss)
3858 http fetch GET 200 https://registry.npmjs.org/@jest/test-result/-/test-result-28.1.3.tgz 6370ms (cache miss)
3859 http fetch GET 200 https://registry.npmjs.org/emittery/-/emittery-0.10.2.tgz 6372ms (cache miss)
3860 timing reifyNode:node_modules/jest-watch-typeahead/node_modules/emittery Completed in 8023ms
3861 http fetch GET 200 https://registry.npmjs.org/commander/-/commander-7.2.0.tgz 6397ms (cache miss)
3862 http fetch GET 200 https://registry.npmjs.org/strip-ansi/-/strip-ansi-6.0.1.tgz 6386ms (cache miss)
3863 timing reifyNode:node_modules/jest-watch-typeahead/node_modules/jest-watcher/node_modules/strip-ansi Completed in 8033ms
3864 http fetch GET 200 https://registry.npmjs.org/@jest/console/-/console-28.1.3.tgz 6380ms (cache miss)
3865 http fetch GET 200 https://registry.npmjs.org/loader-utils/-/loader-utils-3.3.1.tgz 6425ms (cache miss)
3866 timing reifyNode:node_modules/schema-utils/node_modules/json-schema-traverse Completed in 8072ms
3867 http fetch GET 200 https://registry.npmjs.org/type-fest/-/type-fest-0.16.0.tgz 6507ms (cache miss)
3868 http fetch GET 200 https://registry.npmjs.org/make-dir/-/make-dir-4.0.0.tgz 6390ms (cache miss)
3869 timing reifyNode:node_modules/istanbul-lib-report/node_modules/make-dir Completed in 8047ms
3870 http fetch GET 200 https://registry.npmjs.org/resolve-from/-/resolve-from-4.0.0.tgz 6390ms (cache miss)
3871 timing reifyNode:node_modules/import-fresh/node_modules/resolve-from Completed in 8042ms
3872 http fetch GET 200 https://registry.npmjs.org/string_decoder/-/string_decoder-1.1.1.tgz 6389ms (cache miss)
3873 http fetch GET 200 https://registry.npmjs.org/@jest/types/-/types-28.1.3.tgz 6397ms (cache miss)
3874 timing reifyNode:node_modules/hpack.js/node_modules/string_decoder Completed in 8042ms
3875 http fetch GET 200 https://registry.npmjs.org/string-length/-/string-length-4.0.2.tgz 6406ms (cache miss)
3876 timing reifyNode:node_modules/jest-watch-typeahead/node_modules/jest-watcher/node_modules/string-length Completed in 8052ms
3877 http fetch GET 200 https://registry.npmjs.org/slash/-/slash-3.0.0.tgz 6404ms (cache miss)
3878 timing reifyNode:node_modules/jest-watch-typeahead/node_modules/jest-message-util/node_modules/slash Completed in 8053ms
3879 timing reifyNode:node_modules/make-dir/node_modules/semver Completed in 8058ms
3880 http fetch GET 200 https://registry.npmjs.org/debug/-/debug-2.6.9.tgz 6450ms (cache miss)
3881 http fetch GET 200 https://registry.npmjs.org/isarray/-/isarray-1.0.0.tgz 6393ms (cache miss)
3882 http fetch GET 200 https://registry.npmjs.org/safe-buffer/-/safe-buffer-5.1.2.tgz 6394ms (cache miss)
3883 timing reifyNode:node_modules/hpack.js/node_modules/safe-buffer Completed in 8047ms
3884 http fetch GET 200 https://registry.npmjs.org/ansi-styles/-/ansi-styles-5.2.0.tgz 6407ms (cache miss)
3885 timing reifyNode:node_modules/jest-watch-typeahead/node_modules/ansi-styles Completed in 8058ms
3886 timing reifyNode:node_modules/jest-watch-typeahead/node_modules/@jest/test-result Completed in 8068ms
3887 timing reifyNode:node_modules/postcss-svgo/node_modules/commander Completed in 8093ms
3888 http fetch GET 200 https://registry.npmjs.org/signal-exit/-/signal-exit-4.1.0.tgz 6409ms (cache miss)
3889 timing reifyNode:node_modules/hpack.js/node_modules/isarray Completed in 8070ms
3890 http fetch GET 200 https://registry.npmjs.org/which/-/which-1.3.1.tgz 6415ms (cache miss)
3891 http fetch GET 200 https://registry.npmjs.org/slash/-/slash-3.0.0.tgz 6421ms (cache miss)
3892 timing reifyNode:node_modules/jest-watch-typeahead/node_modules/@jest/console/node_modules/slash Completed in 8080ms
3893 timing reifyNode:node_modules/jest-watch-typeahead/node_modules/react-is Completed in 8092ms
3894 timing reifyNode:node_modules/serve-index/node_modules/debug Completed in 8120ms
3895 timing reifyNode:node_modules/send/node_modules/debug Completed in 8128ms
3896 http fetch GET 200 https://registry.npmjs.org/glob-parent/-/glob-parent-5.1.2.tgz 6417ms (cache miss)
3897 timing reifyNode:node_modules/fast-glob/node_modules/glob-parent Completed in 8086ms
3898 timing reifyNode:node_modules/global-prefix/node_modules/which Completed in 8103ms
3899 timing reifyNode:node_modules/jest-watch-typeahead/node_modules/@jest/console Completed in 8116ms
3900 http fetch GET 200 https://registry.npmjs.org/semver/-/semver-6.3.1.tgz 6455ms (cache miss)
3901 http fetch GET 200 https://registry.npmjs.org/@types/yargs/-/yargs-17.0.33.tgz 6466ms (cache miss)
3902 timing reifyNode:node_modules/react-dev-utils/node_modules/loader-utils Completed in 8140ms
3903 timing reifyNode:node_modules/tempy/node_modules/type-fest Completed in 8158ms
3904 http fetch GET 200 https://registry.npmjs.org/minimatch/-/minimatch-5.1.6.tgz 6449ms (cache miss)
3905 http fetch GET 200 https://registry.npmjs.org/ws/-/ws-8.18.2.tgz 6597ms (cache miss)
3906 http fetch GET 200 https://registry.npmjs.org/ms/-/ms-2.0.0.tgz 6470ms (cache miss)
3907 timing reifyNode:node_modules/finalhandler/node_modules/ms Completed in 8125ms
3908 http fetch GET 200 https://registry.npmjs.org/webidl-conversions/-/webidl-conversions-5.0.0.tgz 6441ms (cache miss)
3909 timing reifyNode:node_modules/domexception/node_modules/webidl-conversions Completed in 8116ms
3910 timing reifyNode:node_modules/filelist/node_modules/minimatch Completed in 8131ms
3911 http fetch GET 200 https://registry.npmjs.org/cssom/-/cssom-0.3.8.tgz 6444ms (cache miss)
3912 http fetch GET 200 https://registry.npmjs.org/ms/-/ms-2.0.0.tgz 6459ms (cache miss)
3913 timing reifyNode:node_modules/express/node_modules/ms Completed in 8129ms
3914 http fetch GET 200 https://registry.npmjs.org/supports-color/-/supports-color-8.1.1.tgz 6458ms (cache miss)
3915 timing reifyNode:node_modules/eslint-webpack-plugin/node_modules/supports-color Completed in 8129ms
3916 http fetch GET 200 https://registry.npmjs.org/iconv-lite/-/iconv-lite-0.4.24.tgz 6622ms (cache miss)
3917 http fetch GET 200 https://registry.npmjs.org/globals/-/globals-13.24.0.tgz 6456ms (cache miss)
3918 timing reifyNode:node_modules/istanbul-lib-instrument/node_modules/semver Completed in 8151ms
3919 http fetch GET 200 https://registry.npmjs.org/p-limit/-/p-limit-3.1.0.tgz 6474ms (cache miss)
3920 timing reifyNode:node_modules/eslint/node_modules/p-limit Completed in 8146ms
3921 http fetch GET 200 https://registry.npmjs.org/p-locate/-/p-locate-5.0.0.tgz 6475ms (cache miss)
3922 timing reifyNode:node_modules/eslint/node_modules/p-locate Completed in 8146ms
3923 http fetch GET 200 https://registry.npmjs.org/locate-path/-/locate-path-6.0.0.tgz 6475ms (cache miss)
3924 timing reifyNode:node_modules/eslint/node_modules/locate-path Completed in 8147ms
3925 http fetch GET 200 https://registry.npmjs.org/brace-expansion/-/brace-expansion-2.0.1.tgz 6483ms (cache miss)
3926 timing reifyNode:node_modules/filelist/node_modules/brace-expansion Completed in 8153ms
3927 timing reifyNode:node_modules/webpack-dev-server/node_modules/ws Completed in 8215ms
3928 http fetch GET 200 https://registry.npmjs.org/find-up/-/find-up-5.0.0.tgz 6476ms (cache miss)
3929 timing reifyNode:node_modules/eslint/node_modules/find-up Completed in 8153ms
3930 timing reifyNode:node_modules/jest-watch-typeahead/node_modules/@types/yargs Completed in 8179ms
3931 http fetch GET 200 https://registry.npmjs.org/ms/-/ms-2.0.0.tgz 6480ms (cache miss)
3932 timing reifyNode:node_modules/detect-port-alt/node_modules/ms Completed in 8156ms
3933 timing reifyNode:node_modules/jest-watch-typeahead/node_modules/@jest/types Completed in 8186ms
3934 timing reifyNode:node_modules/eslint/node_modules/globals Completed in 8172ms
3935 http fetch GET 200 https://registry.npmjs.org/ms/-/ms-2.0.0.tgz 6488ms (cache miss)
3936 timing reifyNode:node_modules/compression/node_modules/ms Completed in 8164ms
3937 http fetch GET 200 https://registry.npmjs.org/debug/-/debug-3.2.7.tgz 6506ms (cache miss)
3938 http fetch GET 200 https://registry.npmjs.org/escape-string-regexp/-/escape-string-regexp-1.0.5.tgz 6492ms (cache miss)
3939 timing reifyNode:node_modules/coa/node_modules/escape-string-regexp Completed in 8168ms
3940 http fetch GET 200 https://registry.npmjs.org/has-flag/-/has-flag-3.0.0.tgz 6492ms (cache miss)
3941 timing reifyNode:node_modules/coa/node_modules/has-flag Completed in 8169ms
3942 http fetch GET 200 https://registry.npmjs.org/supports-color/-/supports-color-5.5.0.tgz 6492ms (cache miss)
3943 timing reifyNode:node_modules/coa/node_modules/supports-color Completed in 8169ms
3944 http fetch GET 200 https://registry.npmjs.org/color-convert/-/color-convert-1.9.3.tgz 6496ms (cache miss)
3945 timing reifyNode:node_modules/coa/node_modules/color-convert Completed in 8174ms
3946 timing reifyNode:node_modules/whatwg-encoding/node_modules/iconv-lite Completed in 8251ms
3947 http fetch GET 200 https://registry.npmjs.org/color-name/-/color-name-1.1.3.tgz 6499ms (cache miss)
3948 timing reifyNode:node_modules/coa/node_modules/color-name Completed in 8181ms
3949 http fetch GET 200 https://registry.npmjs.org/negotiator/-/negotiator-0.6.3.tgz 6499ms (cache miss)
3950 http fetch GET 200 https://registry.npmjs.org/chalk/-/chalk-3.0.0.tgz 6497ms (cache miss)
3951 http fetch GET 200 https://registry.npmjs.org/@babel/plugin-proposal-private-property-in-object/-/plugin-proposal-private-property-in-object-7.21.11.tgz 6508ms (cache miss)
3952 warn deprecated @babel/plugin-proposal-private-property-in-object@7.21.11: This proposal has been merged to the ECMAScript standard and thus this plugin is no longer maintained. Please use @babel/plugin-transform-private-property-in-object instead.
3953 timing reifyNode:node_modules/babel-preset-react-app/node_modules/@babel/plugin-proposal-private-property-in-object Completed in 8191ms
3954 http fetch GET 200 https://registry.npmjs.org/ansi-styles/-/ansi-styles-3.2.1.tgz 6515ms (cache miss)
3955 timing reifyNode:node_modules/coa/node_modules/ansi-styles Completed in 8198ms
3956 http fetch GET 200 https://registry.npmjs.org/glob-parent/-/glob-parent-5.1.2.tgz 6518ms (cache miss)
3957 timing reifyNode:node_modules/chokidar/node_modules/glob-parent Completed in 8202ms
3958 http fetch GET 200 https://registry.npmjs.org/ms/-/ms-2.0.0.tgz 6518ms (cache miss)
3959 timing reifyNode:node_modules/body-parser/node_modules/ms Completed in 8201ms
3960 http fetch GET 200 https://registry.npmjs.org/chalk/-/chalk-2.4.2.tgz 6527ms (cache miss)
3961 timing reifyNode:node_modules/eslint-import-resolver-node/node_modules/debug Completed in 8223ms
3962 http fetch GET 200 https://registry.npmjs.org/estraverse/-/estraverse-4.3.0.tgz 6524ms (cache miss)
3963 http fetch GET 200 https://registry.npmjs.org/jest-watcher/-/jest-watcher-28.1.3.tgz 6603ms (cache miss)
3964 timing reifyNode:node_modules/@testing-library/jest-dom/node_modules/chalk Completed in 8204ms
3965 http fetch GET 200 https://registry.npmjs.org/semver/-/semver-6.3.1.tgz 6532ms (cache miss)
3966 http fetch GET 200 https://registry.npmjs.org/camelcase/-/camelcase-5.3.1.tgz 6518ms (cache miss)
3967 timing reifyNode:node_modules/@istanbuljs/load-nyc-config/node_modules/camelcase Completed in 8202ms
3968 http fetch GET 200 https://registry.npmjs.org/string-width/-/string-width-5.1.2.tgz 6521ms (cache miss)
3969 timing reifyNode:node_modules/@isaacs/cliui/node_modules/string-width Completed in 8207ms
3970 http fetch GET 200 https://registry.npmjs.org/@types/express-serve-static-core/-/express-serve-static-core-4.19.6.tgz 6529ms (cache miss)
3971 timing reifyNode:node_modules/@types/express/node_modules/@types/express-serve-static-core Completed in 8213ms
3972 timing reifyNode:node_modules/@typescript-eslint/utils/node_modules/estraverse Completed in 8217ms
3973 timing reifyNode:node_modules/coa/node_modules/chalk Completed in 8233ms
3974 http fetch GET 200 https://registry.npmjs.org/@types/estree/-/estree-0.0.39.tgz 6534ms (cache miss)
3975 timing reifyNode:node_modules/@rollup/pluginutils/node_modules/@types/estree Completed in 8219ms
3976 http fetch GET 200 https://registry.npmjs.org/wrap-ansi/-/wrap-ansi-8.1.0.tgz 6536ms (cache miss)
3977 timing reifyNode:node_modules/@isaacs/cliui/node_modules/wrap-ansi Completed in 8222ms
3978 http fetch GET 200 https://registry.npmjs.org/estraverse/-/estraverse-4.3.0.tgz 6542ms (cache miss)
3979 timing reifyNode:node_modules/jest-watch-typeahead/node_modules/jest-watcher Completed in 8276ms
3980 timing reifyNode:node_modules/babel-plugin-polyfill-corejs2/node_modules/semver Completed in 8243ms
3981 http fetch GET 200 https://registry.npmjs.org/ansi-styles/-/ansi-styles-6.2.1.tgz 6543ms (cache miss)
3982 timing reifyNode:node_modules/@isaacs/cliui/node_modules/ansi-styles Completed in 8230ms
3983 http fetch GET 200 https://registry.npmjs.org/convert-source-map/-/convert-source-map-1.9.0.tgz 6548ms (cache miss)
3984 timing reifyNode:node_modules/@jest/transform/node_modules/convert-source-map Completed in 8232ms
3985 timing reifyNode:node_modules/@nicolo-ribaudo/eslint-scope-5-internals/node_modules/estraverse Completed in 8239ms
3986 http fetch GET 200 https://registry.npmjs.org/eslint-visitor-keys/-/eslint-visitor-keys-2.1.0.tgz 6542ms (cache miss)
3987 http fetch GET 200 https://registry.npmjs.org/argparse/-/argparse-2.0.1.tgz 6598ms (cache miss)
3988 http fetch GET 200 https://registry.npmjs.org/ansi-regex/-/ansi-regex-6.1.0.tgz 6558ms (cache miss)
3989 timing reifyNode:node_modules/@isaacs/cliui/node_modules/ansi-regex Completed in 8247ms
3990 timing reifyNode:node_modules/accepts/node_modules/negotiator Completed in 8260ms
3991 http fetch GET 200 https://registry.npmjs.org/fs-extra/-/fs-extra-9.1.0.tgz 6774ms (cache miss)
3992 timing reifyNode:node_modules/rollup-plugin-terser/node_modules/jest-worker Completed in 8328ms
3993 http fetch GET 200 https://registry.npmjs.org/@tootallnate%2fonce 6200ms (cache miss)
3994 timing metavuln:packument:@tootallnate/once Completed in 6200ms
3995 timing metavuln:load:security-advisory:@tootallnate/once:1113977 Completed in 2ms
3996 http fetch GET 200 https://registry.npmjs.org/strip-ansi/-/strip-ansi-7.1.0.tgz 6574ms (cache miss)
3997 timing reifyNode:node_modules/@isaacs/cliui/node_modules/strip-ansi Completed in 8260ms
3998 http fetch GET 200 https://registry.npmjs.org/fast-uri 6207ms (cache miss)
3999 timing metavuln:packument:fast-uri Completed in 6208ms
4000 timing metavuln:load:security-advisory:fast-uri:1117884 Completed in 1ms
4001 timing metavuln:load:security-advisory:fast-uri:1117870 Completed in 1ms
4002 timing reifyNode:node_modules/@babel/eslint-parser/node_modules/eslint-visitor-keys Completed in 8254ms
4003 http fetch GET 200 https://registry.npmjs.org/brace-expansion 6212ms (cache miss)
4004 timing metavuln:packument:brace-expansion Completed in 6213ms
4005 timing metavuln:load:security-advisory:brace-expansion:1105443 Completed in 1ms
4006 timing metavuln:load:security-advisory:brace-expansion:1105444 Completed in 1ms
4007 timing metavuln:load:security-advisory:brace-expansion:1115540 Completed in 1ms
4008 timing metavuln:load:security-advisory:brace-expansion:1115541 Completed in 0ms
4009 http fetch GET 200 https://registry.npmjs.org/globals/-/globals-13.24.0.tgz 6582ms (cache miss)
4010 timing reifyNode:node_modules/@eslint/eslintrc/node_modules/globals Completed in 8275ms
4011 http fetch GET 200 https://registry.npmjs.org/semver/-/semver-6.3.1.tgz 6582ms (cache miss)
4012 http fetch GET 200 https://registry.npmjs.org/semver/-/semver-6.3.1.tgz 6582ms (cache miss)
4013 http fetch GET 200 https://registry.npmjs.org/semver/-/semver-6.3.1.tgz 6581ms (cache miss)
4014 http fetch GET 200 https://registry.npmjs.org/debug/-/debug-2.6.9.tgz 6656ms (cache miss)
4015 http fetch GET 200 https://registry.npmjs.org/semver/-/semver-6.3.1.tgz 6583ms (cache miss)
4016 http fetch GET 200 https://registry.npmjs.org/debug/-/debug-2.6.9.tgz 6644ms (cache miss)
4017 http fetch GET 200 https://registry.npmjs.org/semver/-/semver-6.3.1.tgz 6585ms (cache miss)
4018 http fetch GET 200 https://registry.npmjs.org/semver/-/semver-6.3.1.tgz 6585ms (cache miss)
4019 http fetch GET 200 https://registry.npmjs.org/semver/-/semver-6.3.1.tgz 6584ms (cache miss)
4020 timing reifyNode:node_modules/workbox-build/node_modules/fs-extra Completed in 8381ms
4021 http fetch GET 200 https://registry.npmjs.org/on-headers 6223ms (cache miss)
4022 timing metavuln:packument:on-headers Completed in 6223ms
4023 timing metavuln:load:security-advisory:on-headers:1106812 Completed in 0ms
4024 http fetch GET 200 https://registry.npmjs.org/nth-check 6223ms (cache miss)
4025 timing metavuln:packument:nth-check Completed in 6224ms
4026 timing metavuln:load:security-advisory:nth-check:1095141 Completed in 0ms
4027 timing reifyNode:node_modules/jest-watch-typeahead/node_modules/pretty-format Completed in 8341ms
4028 timing reifyNode:node_modules/eslint/node_modules/argparse Completed in 8320ms
4029 http fetch GET 200 https://registry.npmjs.org/tapable/-/tapable-1.1.3.tgz 6677ms (cache miss)
4030 timing reifyNode:node_modules/@babel/plugin-transform-runtime/node_modules/semver Completed in 8293ms
4031 timing reifyNode:node_modules/@babel/preset-env/node_modules/semver Completed in 8295ms
4032 timing reifyNode:node_modules/@babel/helper-create-regexp-features-plugin/node_modules/semver Completed in 8285ms
4033 timing reifyNode:node_modules/jest-watch-typeahead/node_modules/jest-util Completed in 8351ms
4034 http fetch GET 200 https://registry.npmjs.org/json-schema-traverse/-/json-schema-traverse-1.0.0.tgz 6631ms (cache miss)
4035 timing reifyNode:node_modules/finalhandler/node_modules/debug Completed in 8338ms
4036 http fetch GET 200 https://registry.npmjs.org/debug/-/debug-2.6.9.tgz 6651ms (cache miss)
4037 timing reifyNode:node_modules/@babel/helper-create-class-features-plugin/node_modules/semver Completed in 8289ms
4038 timing reifyNode:node_modules/express/node_modules/debug Completed in 8338ms
4039 http fetch GET 200 https://registry.npmjs.org/form-data 6244ms (cache miss)
4040 timing metavuln:packument:form-data Completed in 6246ms
4041 timing metavuln:load:security-advisory:form-data:1109539 Completed in 1ms
4042 timing reifyNode:node_modules/@babel/eslint-parser/node_modules/semver Completed in 8293ms
4043 timing reifyNode:node_modules/@babel/helper-compilation-targets/node_modules/semver Completed in 8294ms
4044 timing reifyNode:node_modules/@babel/core/node_modules/semver Completed in 8294ms
4045 http fetch GET 200 https://registry.npmjs.org/js-yaml 6255ms (cache miss)
4046 timing metavuln:packument:js-yaml Completed in 6255ms
4047 timing metavuln:load:security-advisory:js-yaml:1112714 Completed in 1ms
4048 timing metavuln:load:security-advisory:js-yaml:1112715 Completed in 1ms
4049 http fetch GET 200 https://registry.npmjs.org/debug/-/debug-2.6.9.tgz 6662ms (cache miss)
4050 http fetch GET 200 https://registry.npmjs.org/eslint-scope/-/eslint-scope-5.1.1.tgz 6646ms (cache miss)
4051 http fetch GET 200 https://registry.npmjs.org/debug/-/debug-2.6.9.tgz 6652ms (cache miss)
4052 http fetch GET 200 https://registry.npmjs.org/flatted 6266ms (cache miss)
4053 timing metavuln:packument:flatted Completed in 6266ms
4054 timing metavuln:load:security-advisory:flatted:1114526 Completed in 0ms
4055 timing metavuln:load:security-advisory:flatted:1115357 Completed in 1ms
4056 timing reifyNode:node_modules/detect-port-alt/node_modules/debug Completed in 8358ms
4057 timing reifyNode:node_modules/fork-ts-checker-webpack-plugin/node_modules/tapable Completed in 8371ms
4058 http fetch GET 200 https://registry.npmjs.org/picomatch 6270ms (cache miss)
4059 timing metavuln:packument:picomatch Completed in 6271ms
4060 timing metavuln:load:security-advisory:picomatch:1115549 Completed in 0ms
4061 timing metavuln:load:security-advisory:picomatch:1115552 Completed in 1ms
4062 timing reifyNode:node_modules/ajv-formats/node_modules/json-schema-traverse Completed in 8354ms
4063 http fetch GET 200 https://registry.npmjs.org/lodash 6280ms (cache miss)
4064 timing metavuln:packument:lodash Completed in 6281ms
4065 timing metavuln:load:security-advisory:lodash:1112455 Completed in 1ms
4066 timing metavuln:load:security-advisory:lodash:1115806 Completed in 2ms
4067 timing metavuln:load:security-advisory:lodash:1115810 Completed in 2ms
4068 timing reifyNode:node_modules/body-parser/node_modules/debug Completed in 8367ms
4069 http fetch GET 200 https://registry.npmjs.org/path-to-regexp 6289ms (cache miss)
4070 timing metavuln:packument:path-to-regexp Completed in 6289ms
4071 timing metavuln:load:security-advisory:path-to-regexp:1115527 Completed in 1ms
4072 http fetch GET 200 https://registry.npmjs.org/follow-redirects 6295ms (cache miss)
4073 timing metavuln:packument:follow-redirects Completed in 6296ms
4074 timing metavuln:load:security-advisory:follow-redirects:1116560 Completed in 0ms
4075 http fetch GET 200 https://registry.npmjs.org/eslint-scope/-/eslint-scope-5.1.1.tgz 6677ms (cache miss)
4076 timing reifyNode:node_modules/compression/node_modules/debug Completed in 8388ms
4077 timing reifyNode:node_modules/@typescript-eslint/utils/node_modules/eslint-scope Completed in 8376ms
4078 http fetch GET 200 https://registry.npmjs.org/argparse/-/argparse-2.0.1.tgz 6678ms (cache miss)
4079 http fetch GET 200 https://registry.npmjs.org/serialize-javascript 6308ms (cache miss)
4080 timing metavuln:packument:serialize-javascript Completed in 6309ms
4081 timing metavuln:load:security-advisory:serialize-javascript:1113686 Completed in 1ms
4082 timing metavuln:load:security-advisory:serialize-javascript:1115723 Completed in 0ms
4083 http fetch GET 200 https://registry.npmjs.org/commander/-/commander-13.1.0.tgz 6763ms (cache miss)
4084 http fetch GET 200 https://registry.npmjs.org/@babel/generator/-/generator-7.27.1.tgz 6915ms (cache miss)
4085 http fetch GET 200 https://registry.npmjs.org/node-forge 6322ms (cache miss)
4086 timing metavuln:packument:node-forge Completed in 6323ms
4087 timing metavuln:load:security-advisory:node-forge:1110996 Completed in 1ms
4088 timing metavuln:load:security-advisory:node-forge:1110998 Completed in 1ms
4089 timing metavuln:load:security-advisory:node-forge:1111068 Completed in 1ms
4090 timing metavuln:load:security-advisory:node-forge:1115545 Completed in 1ms
4091 timing metavuln:load:security-advisory:node-forge:1115546 Completed in 4ms
4092 timing metavuln:load:security-advisory:node-forge:1115548 Completed in 0ms
4093 timing metavuln:load:security-advisory:node-forge:1115612 Completed in 1ms
4094 http fetch GET 200 https://registry.npmjs.org/underscore 6330ms (cache miss)
4095 timing metavuln:packument:underscore Completed in 6330ms
4096 timing metavuln:load:security-advisory:underscore:1117689 Completed in 1ms
4097 timing reifyNode:node_modules/@nicolo-ribaudo/eslint-scope-5-internals/node_modules/eslint-scope Completed in 8404ms
4098 http fetch GET 200 https://registry.npmjs.org/eslint-plugin-jsx-a11y/-/eslint-plugin-jsx-a11y-6.10.2.tgz 7381ms (cache miss)
4099 timing reifyNode:node_modules/@eslint/eslintrc/node_modules/argparse Completed in 8411ms
4100 timing reifyNode:node_modules/gh-pages/node_modules/commander Completed in 8457ms
4101 http fetch GET 200 https://registry.npmjs.org/minimatch 6359ms (cache miss)
4102 timing metavuln:packument:minimatch Completed in 6361ms
4103 timing metavuln:load:security-advisory:minimatch:1113459 Completed in 1ms
4104 timing metavuln:load:security-advisory:minimatch:1113461 Completed in 2ms
4105 timing metavuln:load:security-advisory:minimatch:1113465 Completed in 2ms
4106 timing metavuln:load:security-advisory:minimatch:1113538 Completed in 2ms
4107 timing metavuln:load:security-advisory:minimatch:1113540 Completed in 3ms
4108 timing metavuln:load:security-advisory:minimatch:1113544 Completed in 3ms
4109 timing metavuln:load:security-advisory:minimatch:1113546 Completed in 3ms
4110 timing metavuln:load:security-advisory:minimatch:1113548 Completed in 2ms
4111 timing metavuln:load:security-advisory:minimatch:1113552 Completed in 5ms
4112 timing reifyNode:node_modules/@babel/generator Completed in 8431ms
4113 http fetch GET 200 https://registry.npmjs.org/schema-utils/-/schema-utils-3.3.0.tgz 6812ms (cache miss)
4114 http fetch GET 200 https://registry.npmjs.org/jsonpath 6389ms (cache miss)
4115 timing metavuln:packument:jsonpath Completed in 6391ms
4116 timing metavuln:load:security-advisory:jsonpath:1112974 Completed in 0ms
4117 timing metavuln:load:security-advisory:jsonpath:1114914 Completed in 0ms
4118 timing metavuln:cache:put:security-advisory:@tootallnate/once:Bij+qufwr7God+MYI0JIFJYEDFT3IlGllIhDaMb6DB6UZOYpGBBfXc1Jq59Wdg/M2NdGRUO2+zYnIEZHW42YDw== Completed in 196ms
4119 timing metavuln:calculate:security-advisory:@tootallnate/once:1113977 Completed in 6398ms
4120 http fetch GET 200 https://registry.npmjs.org/svgo 6395ms (cache miss)
4121 timing metavuln:packument:svgo Completed in 6399ms
4122 timing metavuln:load:security-advisory:svgo:1114152 Completed in 2ms
4123 timing metavuln:cache:put:security-advisory:fast-uri:eOa7c7ILtYrQRi7Vh70WI0pPtbJX306JIRinfkWw7EszqtCMyh5zDLP+J7GgLnqrHAp+szaZMuWjykheayYbvw== Completed in 199ms
4124 timing metavuln:calculate:security-advisory:fast-uri:1117884 Completed in 6408ms
4125 timing metavuln:cache:put:security-advisory:fast-uri:QBT+YWg36QlsCGIVyx+qyR2DNhgjC+VCOjRO1zswpjRQn4lFmcf77EeA6ufO4yxSJO9dVgUtRQ76zfsnZLLsHg== Completed in 198ms
4126 timing metavuln:calculate:security-advisory:fast-uri:1117870 Completed in 6407ms
4127 timing metavuln:cache:put:security-advisory:brace-expansion:kIHgu1L8zIy7pY0wp6wYzUm7tst3xTM2tiSYrstcGK/XsO7o4p6zyuUSjq93oH1dvU2tbEvlSW+gaNbGIbeudw== Completed in 198ms
4128 timing metavuln:calculate:security-advisory:brace-expansion:1115540 Completed in 6414ms
4129 timing metavuln:cache:put:security-advisory:brace-expansion:mClmYqWawCNXseeTBHWiIwZH/2CmFUqPCmosJIeOhAgD9z1v3SayhHAwaWVo8wmeKU/JN9VP4zDBeXaqy3Ay2A== Completed in 199ms
4130 timing metavuln:calculate:security-advisory:brace-expansion:1105444 Completed in 6414ms
4131 timing metavuln:cache:put:security-advisory:brace-expansion:ZHzAtnciS42HIMtUGajCifTIrkCUkWb93u/V1lJEt9HzdJ+ypMofn/dKgSOaziPQj+WGAcGS7t7WdPUHJBz0LA== Completed in 198ms
4132 timing metavuln:calculate:security-advisory:brace-expansion:1115541 Completed in 6414ms
4133 http fetch GET 200 https://registry.npmjs.org/qs 6407ms (cache miss)
4134 timing metavuln:packument:qs Completed in 6409ms
4135 timing metavuln:load:security-advisory:qs:1113161 Completed in 3ms
4136 timing metavuln:load:security-advisory:qs:1113719 Completed in 3ms
4137 timing reifyNode:node_modules/eslint-plugin-jsx-a11y Completed in 8515ms
4138 timing reifyNode:node_modules/cssstyle/node_modules/cssom Completed in 8512ms
4139 timing reifyNode:node_modules/file-loader/node_modules/schema-utils Completed in 8524ms
4140 timing metavuln:cache:put:security-advisory:on-headers:O+Ys/f4bZubU3jA9Sqz4HIIJaATwc83W201O653Eo/4y8FTwrgSc3mrXs4p8n7svj0OzipJYTBXXWJCgp81mSQ== Completed in 205ms
4141 timing metavuln:calculate:security-advisory:on-headers:1106812 Completed in 6428ms
4142 timing metavuln:cache:put:security-advisory:nth-check:u9kIbs88jjqPq0zHVBinwei/KZ5GCRRfUp85vuDQlT/Si01qI5XVVQOSRujFCbyFsnHqETob3CApPmYQZ74K2A== Completed in 204ms
4143 timing metavuln:calculate:security-advisory:nth-check:1095141 Completed in 6428ms
4144 timing metavuln:cache:put:security-advisory:brace-expansion:7IQMvcVTr+svbh5KCx4Kl6FQKJ1GciM03BnJAve/5WYJjUeRzKAIrStVpfachbl3T6a7o8nYlQEVG6Ih0TNXRg== Completed in 219ms
4145 timing metavuln:calculate:security-advisory:brace-expansion:1105443 Completed in 6433ms
4146 http fetch GET 200 https://registry.npmjs.org/schema-utils/-/schema-utils-2.7.0.tgz 6878ms (cache miss)
4147 http fetch GET 200 https://registry.npmjs.org/source-map/-/source-map-0.6.1.tgz 7026ms (cache miss)
4148 http fetch GET 200 https://registry.npmjs.org/yaml 6431ms (cache miss)
4149 timing metavuln:packument:yaml Completed in 6433ms
4150 timing metavuln:load:security-advisory:yaml:1115555 Completed in 2ms
4151 timing metavuln:load:security-advisory:yaml:1115556 Completed in 2ms
4152 http fetch GET 200 https://registry.npmjs.org/readable-stream/-/readable-stream-2.3.8.tgz 6895ms (cache miss)
4153 timing reifyNode:node_modules/workbox-webpack-plugin/node_modules/source-map Completed in 8609ms
4154 http fetch GET 200 https://registry.npmjs.org/glob 6449ms (cache miss)
4155 timing metavuln:packument:glob Completed in 6451ms
4156 timing metavuln:load:security-advisory:glob:1109842 Completed in 2ms
4157 timing metavuln:cache:put:security-advisory:form-data:p6apac9dQVGi7K6jIlh3UPMyaO56BveB1uf7Wad3PzYvsaNtjcN5EQfHTFQgFAACbAXbK1y5BAXrkjVYnwgXlg== Completed in 209ms
4158 timing metavuln:calculate:security-advisory:form-data:1109539 Completed in 6456ms
4159 timing metavuln:cache:put:security-advisory:js-yaml:621IdjBdZEeVoUcjWGl1jXN0jFDGaf7dIQMeaPVKf5MxqYprJztiOC0OHOUPVoayh7Cq/fTC8L5CqEb98qlE7w== Completed in 207ms
4160 timing metavuln:calculate:security-advisory:js-yaml:1112715 Completed in 6464ms
4161 timing metavuln:cache:put:security-advisory:js-yaml:MQ5RokLIvrWmT8/NQU0dD+jQ+6pFslHlaXx1Z5q7mESITohR8AwLT525ddIc2KvKZYbB1p5yclW3kV4xeRYXEg== Completed in 208ms
4162 timing metavuln:calculate:security-advisory:js-yaml:1112714 Completed in 6464ms
4163 timing reifyNode:node_modules/fork-ts-checker-webpack-plugin/node_modules/schema-utils Completed in 8560ms
4164 timing metavuln:cache:put:security-advisory:flatted:uMG/3R828PE31LVzr7SnM2pFAXessH3XoRtonZYiGJtZfR5a//VWhmdMxy/RepstCydCDFxkci7fqEuzEvhnAA== Completed in 201ms
4165 timing metavuln:calculate:security-advisory:flatted:1115357 Completed in 6469ms
4166 timing metavuln:cache:put:security-advisory:picomatch:H8EHkZXRRUdil3DyUl8tc8lCQUliQzjc5H5D4llqFojH152sBqO1suz3XiNiRQT++wJdWkgXe/zFc/Bbrrz6ng== Completed in 212ms
4167 timing metavuln:calculate:security-advisory:picomatch:1115552 Completed in 6485ms
4168 timing metavuln:cache:put:security-advisory:picomatch:GSQ5ghUF1JWDKMssoydWDVRebjlPePRwktLhrdWzXCq5xeBXdo4Cm9HGHnH2b6P1Nq93YjwPmimVjAx6kge32A== Completed in 215ms
4169 timing metavuln:calculate:security-advisory:picomatch:1115549 Completed in 6486ms
4170 timing reifyNode:node_modules/hpack.js/node_modules/readable-stream Completed in 8594ms
4171 timing metavuln:cache:put:security-advisory:flatted:oa7V2KnuHnLCPcrXFvcQLRAa1NASGJm9yZ+B92xpfwxan7PZyVrZjYAHt6LB51PFfA2mM8KGE+VHR+U5X/2uZw== Completed in 225ms
4172 timing metavuln:calculate:security-advisory:flatted:1114526 Completed in 6492ms
4173 timing metavuln:cache:put:security-advisory:lodash:DNnxUw8Ep7p1YCAJl4A30HMQmsK3uaHxA5fhfuTpXJUBgCvmZbKGD7OWAcfQ2u+fc9lY6ap1BhHpARF9oEarxQ== Completed in 209ms
4174 timing metavuln:calculate:security-advisory:lodash:1115806 Completed in 6493ms
4175 timing metavuln:cache:put:security-advisory:lodash:OGNA5lR8rR8aeucWHqvJLBV5oaroI/lF2JfG9J2l63dx9uiGUyHuI4ymC6nv+dqWwxtqCIMcqBukiWYEiF5/RQ== Completed in 211ms
4176 timing metavuln:calculate:security-advisory:lodash:1112455 Completed in 6493ms
4177 timing metavuln:cache:put:security-advisory:lodash:thshZSsl03tivWaq68PzU+tj1Rdgd6ZGN992B7QB+2oylByv6bvG8a/FXYANJwK5kybQ7+c0hg18JSj4gYikrg== Completed in 208ms
4178 timing metavuln:calculate:security-advisory:lodash:1115810 Completed in 6494ms
4179 http fetch GET 200 https://registry.npmjs.org/@babel%2fplugin-transform-modules-systemjs 6505ms (cache miss)
4180 timing metavuln:packument:@babel/plugin-transform-modules-systemjs Completed in 6513ms
4181 timing metavuln:load:security-advisory:@babel/plugin-transform-modules-systemjs:1117908 Completed in 4ms
4182 timing metavuln:cache:put:security-advisory:path-to-regexp:MgjHwCEvzlLz9p6+Yk8DdZLdAuprFRwJM/BcLFKUnsW5C1PzGCjbdvhfzdrEOsmCJB7eOyV5TvQe+zy4C++sJQ== Completed in 216ms
4183 timing metavuln:calculate:security-advisory:path-to-regexp:1115527 Completed in 6506ms
4184 http fetch GET 200 https://registry.npmjs.org/schema-utils/-/schema-utils-2.7.1.tgz 6906ms (cache miss)
4185 timing metavuln:cache:put:security-advisory:follow-redirects:4omfKvh6Ya8SJnn3CVNWLzlRKgsHqsp8XgTxFFWXdSXyBqVHeW5UgGhBrNoO2e0bLHnlnK954cJp6k7PjkvXLg== Completed in 229ms
4186 timing metavuln:calculate:security-advisory:follow-redirects:1116560 Completed in 6525ms
4187 timing metavuln:cache:put:security-advisory:serialize-javascript:VNhzhjSQJJPSfVWQUXMpEy6hsW23faurQllLlGbSJ7QrUHjncb9PKDTQYw8APRVBzMug+7YJc5EWXV6SYvPIiw== Completed in 216ms
4188 timing metavuln:calculate:security-advisory:serialize-javascript:1113686 Completed in 6526ms
4189 timing metavuln:cache:put:security-advisory:serialize-javascript:y5ht5IaVIMjpwL0IZGKIrAJO+O1KQhhG2+VGCBx2lcZuGkhWWkccmfdEpDP4g3jX06lLdfGiDu1+ptdkafpN0Q== Completed in 216ms
4190 timing metavuln:calculate:security-advisory:serialize-javascript:1115723 Completed in 6525ms
4191 timing metavuln:cache:put:security-advisory:node-forge:h2Y2QOvu7PmQIHUVvHow3nG5n5h8bB9ZcjcQZptxDXAV3qwUST237segpfeOslJxLYLLiVSCGAdsyjUnCx0Eng== Completed in 219ms
4192 timing metavuln:calculate:security-advisory:node-forge:1110996 Completed in 6543ms
4193 timing metavuln:cache:put:security-advisory:node-forge:B1naEMfsfvhGZ/l2lYr0JKzrVPysA4WNvJmW2Hwx7AJkEVC9k8FrOY2uijhMlpicvvXMAdvYRE5ToxXlLHJr0w== Completed in 218ms
4194 timing metavuln:calculate:security-advisory:node-forge:1110998 Completed in 6543ms
4195 timing metavuln:cache:put:security-advisory:node-forge:JIDoj7z/eOXqCgmQ9MOjGt3jXXGj9OiasjyRHqgc3hre/7j1p7oIvpkBnGeVZ2WRYgFrmIB9eDNrsQTv8vnYkw== Completed in 217ms
4196 timing metavuln:calculate:security-advisory:node-forge:1111068 Completed in 6542ms
4197 timing metavuln:cache:put:security-advisory:node-forge:9gPnM0fC3ZtXNFjXCCX1sMog6poA45TgxvqtdwCBZHiHDYaqf2GoRTS/4emN29zu0OT3mEpGkJmO50PiMjTvcQ== Completed in 212ms
4198 timing metavuln:calculate:security-advisory:node-forge:1115546 Completed in 6542ms
4199 timing metavuln:cache:put:security-advisory:node-forge:q1WohRunmlmMGJb/g0LtWLVFL0f3jk1XBFVXELhgogRkbruTOpWbBMdq6LFyUoYmxiTZu88oJHum3I7+Hi3G0g== Completed in 211ms
4200 timing metavuln:calculate:security-advisory:node-forge:1115548 Completed in 6542ms
4201 timing metavuln:cache:put:security-advisory:node-forge:UmKFds0CV9lYDo/WGrGUGTGL97yMWV8uMzk45ZpEt7FaAMyUSwFIGsuyN/s3mNxruMAQM90fGVl/Nmgv0s64Fg== Completed in 209ms
4202 timing metavuln:calculate:security-advisory:node-forge:1115612 Completed in 6542ms
4203 timing metavuln:cache:put:security-advisory:node-forge:RZMn4WSE8DkDTpH3Ooewnjaecy8LY0uszHTLK5je5KOXtHYUuD92dg4UgcwB1jh1BWI0j0asRwqbOenVyby/ZA== Completed in 216ms
4204 timing metavuln:calculate:security-advisory:node-forge:1115545 Completed in 6542ms
4205 timing metavuln:cache:put:security-advisory:underscore:jL8WkEyYWw2njehkX9fwBE8MeUUUgreXkVvNy4xs6WKAEH6IsobE3rznvjIUKeKEs/8CZacIZAhLUmFmJgXRwQ== Completed in 207ms
4206 timing metavuln:calculate:security-advisory:underscore:1117689 Completed in 6538ms
4207 timing reifyNode:node_modules/babel-loader/node_modules/schema-utils Completed in 8622ms
4208 timing reifyNode:node_modules/foreground-child/node_modules/signal-exit Completed in 8652ms
4209 timing metavuln:cache:put:security-advisory:minimatch:V/3cIcyAQcG1bwuH0e0PI9Qt5WRtbvb/WOz2mBxAfNzXf+Dvs9G1X05eHjnPq2b0TJY4zXXpqhCAkRAipgk3iQ== Completed in 209ms
4210 timing metavuln:calculate:security-advisory:minimatch:1113459 Completed in 6572ms
4211 timing metavuln:cache:put:security-advisory:minimatch:/utMkAt3a6jSPsaWIJ1J7tAb7G+ccGxNsymbhFTVWOMIyhRZOJ9QR0zn1SNtejrdUO5fsO4RDJKDMI6C5/bkuw== Completed in 208ms
4212 timing metavuln:calculate:security-advisory:minimatch:1113461 Completed in 6572ms
4213 timing metavuln:cache:put:security-advisory:minimatch:B00WbbnnDNaFGA7l9BgrTioYpRMzU4+U8SUF8cn65LwArJAK0O380QwyP/UyxPr7i9XUjX9/AADC41/edu9OrA== Completed in 206ms
4214 timing metavuln:calculate:security-advisory:minimatch:1113465 Completed in 6572ms
4215 timing metavuln:cache:put:security-advisory:minimatch:kx7kRjUmjSYmgQBpfsU82Na4xORZqvqpRRSlOyPLadasPBl0YfFJCjIETC00BG7Gd2omQLizgz8/GnnE/hk+Jw== Completed in 204ms
4216 timing metavuln:calculate:security-advisory:minimatch:1113538 Completed in 6572ms
4217 timing metavuln:cache:put:security-advisory:minimatch:txOieOIAfgHfBPiN09+pYAjPLRzgUOz3D3illtf9vTzeqs41QJZjfj5jVXCi/3ICpBX0YlJi/ghdWSjCJwNtwA== Completed in 201ms
4218 timing metavuln:calculate:security-advisory:minimatch:1113540 Completed in 6572ms
4219 timing metavuln:cache:put:security-advisory:minimatch:tJ9Z2VGWqiQfLaVKxc9K/6Rz1g70Mpl3An4UK+K1lyHdz27vYPzhMIkC4jRGAN2wpssY+8l13Ql259B6zkaX/Q== Completed in 198ms
4220 timing metavuln:calculate:security-advisory:minimatch:1113544 Completed in 6572ms
4221 timing metavuln:cache:put:security-advisory:minimatch:tdaAHfWGUw/nl/W8ALWVH+LvG2E3gvo3P2FI/fVPxm3aZteLxWMOEuk/9iDk5O0/cZN/GRXnabt/mW/bfUoL/g== Completed in 195ms
4222 timing metavuln:calculate:security-advisory:minimatch:1113546 Completed in 6572ms
4223 timing metavuln:cache:put:security-advisory:minimatch:IBqefxF0lKwSFXzwGHp5L8khqSaPYY99x0GHtXNH4YxtdIexeL4FFPzrnnBvkhgmGDEWHo3XAgpPYGyM1jidQQ== Completed in 187ms
4224 timing metavuln:calculate:security-advisory:minimatch:1113552 Completed in 6571ms
4225 timing metavuln:cache:put:security-advisory:minimatch:d1vHbFmApmPZ8D7tU5wibuYDk+ODEPdqBqmhQYykwFs/yMixetMkwY01zYVdWNOsg0NvkvSTlNgJ2ddzclruSA== Completed in 193ms
4226 timing metavuln:calculate:security-advisory:minimatch:1113548 Completed in 6572ms
4227 timing metavuln:cache:put:security-advisory:jsonpath:06NGFWwaXMLoVpjmWx85uziQ4b4vr8HIZact6AC7LfrnIDv5TPrN5W2gQiGeTWi1tczq4mc+pQNrr2O1+LBTrw== Completed in 181ms
4228 timing metavuln:calculate:security-advisory:jsonpath:1112974 Completed in 6573ms
4229 timing metavuln:cache:put:security-advisory:jsonpath:yyIYTH6xXpvYH3XyhqmplRVkV54mz74f346ax0z7pRtuQ9a+N4oS0/1cBuhqIcPO/K78yrrlhiaYOPRWXkwgFw== Completed in 183ms
4230 timing metavuln:calculate:security-advisory:jsonpath:1114914 Completed in 6574ms
4231 timing metavuln:cache:put:security-advisory:svgo:RQHcl6wg87UpAUZ17mmLaPbCDlkDk1i66EPwiyZfLkY7PjluT6UrbKDViEsQBOupoTQQReMpAPNAvSqQiUYBYg== Completed in 181ms
4232 timing metavuln:calculate:security-advisory:svgo:1114152 Completed in 6582ms
4233 timing metavuln:cache:put:security-advisory:qs:vVSN+MRVpdux32gCUfPGidHUGmS/0G5Ziwtmb1YXw3NARw1r47LtySeR7yFf/LZ4sKzi41443WWDDZzPHuCh9g== Completed in 169ms
4234 timing metavuln:calculate:security-advisory:qs:1113161 Completed in 6581ms
4235 timing metavuln:cache:put:security-advisory:qs:iChjlXxtVMTpyXsUse674XoeCayLW4gF6rE7sQcXvHRFegwpM44fUr9Eqlmsmu+S9udu9w9eZmpzcAcyiUJMIQ== Completed in 168ms
4236 timing metavuln:calculate:security-advisory:qs:1113719 Completed in 6583ms
4237 http fetch GET 200 https://registry.npmjs.org/source-map/-/source-map-0.6.1.tgz 7177ms (cache miss)
4238 http fetch GET 200 https://registry.npmjs.org/@typescript-eslint/utils/-/utils-5.62.0.tgz 7468ms (cache miss)
4239 http fetch GET 200 https://registry.npmjs.org/@surma/rollup-plugin-off-main-thread/-/rollup-plugin-off-main-thread-2.2.3.tgz 7391ms (cache miss)
4240 timing reifyNode:node_modules/webpack-manifest-plugin/node_modules/source-map Completed in 8760ms
4241 timing metavuln:cache:put:security-advisory:yaml:3AQn1Aj8kwFHIquLochLADJtKOJ++bvPtGJHT6dWct73zyp4H3E792uuAF7M2BJRI4DEvXF3aOujF4vdnIDz2g== Completed in 169ms
4242 timing metavuln:calculate:security-advisory:yaml:1115556 Completed in 6606ms
4243 timing metavuln:cache:put:security-advisory:yaml:O6zOK1Cn9/3FZISL60o6/SOMQkiOfzmZ3FIQSh8ciqQQ3pt7Wl9H9Q/gRJuFGa9hM9N+9vhsYsf7hziTGiJueg== Completed in 171ms
4244 timing metavuln:calculate:security-advisory:yaml:1115555 Completed in 6607ms
4245 timing metavuln:cache:put:security-advisory:glob:NTB2XjbDOgk4lkd8PZ3tUAm1F3E/ohGF6rl9/3LEO7Z0FDzSR5nWwzd3nUENA3NCNdyeR+35DOC12wPml2IV+g== Completed in 167ms
4246 timing metavuln:calculate:security-advisory:glob:1109842 Completed in 6620ms
4247 timing reifyNode:node_modules/@typescript-eslint/utils Completed in 8707ms
4248 timing reifyNode:node_modules/@surma/rollup-plugin-off-main-thread Completed in 8701ms
4249 http fetch GET 200 https://registry.npmjs.org/postcss-selector-parser/-/postcss-selector-parser-7.1.0.tgz 7130ms (cache miss)
4250 http fetch GET 200 https://registry.npmjs.org/iconv-lite/-/iconv-lite-0.4.24.tgz 7145ms (cache miss)
4251 http fetch GET 200 https://registry.npmjs.org/postcss-selector-parser/-/postcss-selector-parser-7.1.0.tgz 7135ms (cache miss)
4252 http fetch GET 200 https://registry.npmjs.org/postcss 6654ms (cache miss)
4253 timing metavuln:packument:postcss Completed in 6660ms
4254 timing metavuln:load:security-advisory:postcss:1109574 Completed in 3ms
4255 timing metavuln:load:security-advisory:postcss:1117015 Completed in 4ms
4256 timing metavuln:cache:put:security-advisory:@babel/plugin-transform-modules-systemjs:8sXF8eGUjGjT2qQJBUER2jyRALTXBTvVm8kpQc6/3Ch7c7ay7HiKlaj6MYNpvglkqH6G2TiQINAPfh7G+m7XUg== Completed in 167ms
4257 timing metavuln:calculate:security-advisory:@babel/plugin-transform-modules-systemjs:1117908 Completed in 6686ms
4258 timing reifyNode:node_modules/postcss-modules-scope/node_modules/postcss-selector-parser Completed in 8814ms
4259 timing reifyNode:node_modules/postcss-modules-local-by-default/node_modules/postcss-selector-parser Completed in 8823ms
4260 http fetch GET 200 https://registry.npmjs.org/cosmiconfig/-/cosmiconfig-6.0.0.tgz 7140ms (cache miss)
4261 timing reifyNode:node_modules/raw-body/node_modules/iconv-lite Completed in 8834ms
4262 http fetch GET 200 https://registry.npmjs.org/type-fest/-/type-fest-0.20.2.tgz 7124ms (cache miss)
4263 http fetch GET 200 https://registry.npmjs.org/ajv 6712ms (cache miss)
4264 timing metavuln:packument:ajv Completed in 6719ms
4265 timing metavuln:load:security-advisory:ajv:1113714 Completed in 9ms
4266 timing metavuln:load:security-advisory:ajv:1113715 Completed in 7ms
4267 http fetch GET 200 https://registry.npmjs.org/fs-extra/-/fs-extra-11.3.0.tgz 7181ms (cache miss)
4268 http fetch GET 200 https://registry.npmjs.org/mdn-data/-/mdn-data-2.0.14.tgz 7238ms (cache miss)
4269 http fetch GET 200 https://registry.npmjs.org/webpack-dev-server 6752ms (cache miss)
4270 timing metavuln:packument:webpack-dev-server Completed in 6765ms
4271 timing metavuln:load:security-advisory:webpack-dev-server:1108429 Completed in 9ms
4272 timing metavuln:load:security-advisory:webpack-dev-server:1108430 Completed in 6ms
4273 timing reifyNode:node_modules/fork-ts-checker-webpack-plugin/node_modules/cosmiconfig Completed in 8887ms
4274 timing reifyNode:node_modules/eslint/node_modules/type-fest Completed in 8885ms
4275 timing reifyNode:node_modules/gh-pages/node_modules/fs-extra Completed in 8896ms
4276 timing reifyNode:node_modules/postcss-svgo/node_modules/mdn-data Completed in 8932ms
4277 http fetch GET 200 https://registry.npmjs.org/postcss/-/postcss-7.0.39.tgz 7301ms (cache miss)
4278 timing reifyNode:node_modules/resolve-url-loader/node_modules/postcss Completed in 8952ms
4279 http fetch GET 200 https://registry.npmjs.org/type-fest/-/type-fest-0.20.2.tgz 7199ms (cache miss)
4280 http fetch GET 200 https://registry.npmjs.org/mdn-data/-/mdn-data-2.0.14.tgz 7256ms (cache miss)
4281 timing metavuln:cache:put:security-advisory:postcss:pZ69Xb3tfNSOA/KlJDj+8Cx7G0j59bY38zmapGNdCJ0u5VdynmLT/0MdsmZxOtDHZyb9hFEUJ8quNSnDMJvqRA== Completed in 184ms
4282 timing metavuln:calculate:security-advisory:postcss:1109574 Completed in 6847ms
4283 timing metavuln:cache:put:security-advisory:postcss:685RVq5xScaqegAXk2BRJrsMaZmsz1d/volUoA67iVw3AvHhUlX03u+VPRrmo8iuObcSDvuZF+fuiOnLC9L1uA== Completed in 179ms
4284 timing metavuln:calculate:security-advisory:postcss:1117015 Completed in 6846ms
4285 timing reifyNode:node_modules/@eslint/eslintrc/node_modules/type-fest Completed in 8919ms
4286 http fetch GET 200 https://registry.npmjs.org/iconv-lite/-/iconv-lite-0.4.24.tgz 7259ms (cache miss)
4287 timing reifyNode:node_modules/csso/node_modules/mdn-data Completed in 8962ms
4288 http fetch GET 200 https://registry.npmjs.org/source-map/-/source-map-0.6.1.tgz 7428ms (cache miss)
4289 http fetch GET 200 https://registry.npmjs.org/minimatch/-/minimatch-9.0.5.tgz 7439ms (cache miss)
4290 http fetch GET 200 https://registry.npmjs.org/source-map/-/source-map-0.6.1.tgz 7433ms (cache miss)
4291 timing reifyNode:node_modules/source-map-support/node_modules/source-map Completed in 9026ms
4292 timing reifyNode:node_modules/static-eval/node_modules/source-map Completed in 9031ms
4293 timing metavuln:cache:put:security-advisory:ajv:u4HOZ0QFYFTDLqnZ5TPSC8VEvP+HMuGcZACJuTqG8bm/gunrgkQwsiiH2pbF9tNIl45RK0sW2ccPzEojb1k0xQ== Completed in 164ms
4294 timing metavuln:calculate:security-advisory:ajv:1113714 Completed in 6892ms
4295 timing metavuln:cache:put:security-advisory:ajv:URErmxoyazZWR5lFcXpgTkGsbkrUBDlzD8W6txjBw2wZoOC7oHjHFfCrRr/VnGeJvbyUY9E2jxrL8p2XbwfP8g== Completed in 156ms
4296 timing metavuln:calculate:security-advisory:ajv:1113715 Completed in 6892ms
4297 http fetch GET 200 https://registry.npmjs.org/fs-extra/-/fs-extra-9.1.0.tgz 7337ms (cache miss)
4298 timing reifyNode:node_modules/body-parser/node_modules/iconv-lite Completed in 8972ms
4299 timing metavuln:cache:put:security-advisory:webpack-dev-server:yP0eofjyCSGBGig9V2ksikLHanf9FiRj/y6qukhBHpjfeatUFYRDDW6sV3UtsjRX4tLaTQqPo8iSnKeg90n2UA== Completed in 115ms
4300 timing metavuln:calculate:security-advisory:webpack-dev-server:1108430 Completed in 6895ms
4301 timing reifyNode:node_modules/sucrase/node_modules/minimatch Completed in 9049ms
4302 http fetch GET 200 https://registry.npmjs.org/source-map/-/source-map-0.6.1.tgz 7410ms (cache miss)
4303 timing reifyNode:node_modules/fork-ts-checker-webpack-plugin/node_modules/fs-extra Completed in 9010ms
4304 http fetch GET 200 https://registry.npmjs.org/js-yaml/-/js-yaml-4.1.0.tgz 7329ms (cache miss)
4305 timing metavuln:cache:put:security-advisory:webpack-dev-server:S4msAa42CSbP9G3yL/dwvZZ5cPcCL+QRxuEMItM2gN7hKlpH81WqAk7hl/RHHoEX/iKthZKYMNZMh67r9HW4dQ== Completed in 135ms
4306 timing metavuln:calculate:security-advisory:webpack-dev-server:1108429 Completed in 6909ms
4307 timing reifyNode:node_modules/resolve-url-loader/node_modules/source-map Completed in 9052ms
4308 http fetch GET 200 https://registry.npmjs.org/source-map/-/source-map-0.6.1.tgz 7418ms (cache miss)
4309 timing reifyNode:node_modules/postcss-svgo/node_modules/source-map Completed in 9059ms
4310 timing reifyNode:node_modules/eslint/node_modules/js-yaml Completed in 9024ms
4311 http fetch GET 200 https://registry.npmjs.org/esprima/-/esprima-1.2.2.tgz 7419ms (cache miss)
4312 http fetch GET 200 https://registry.npmjs.org/lru-cache/-/lru-cache-10.4.3.tgz 7428ms (cache miss)
4313 timing reifyNode:node_modules/jsonpath/node_modules/esprima Completed in 9074ms
4314 timing reifyNode:node_modules/path-scurry/node_modules/lru-cache Completed in 9092ms
4315 http fetch GET 200 https://registry.npmjs.org/js-yaml/-/js-yaml-4.1.0.tgz 7386ms (cache miss)
4316 http fetch GET 200 https://registry.npmjs.org/source-map/-/source-map-0.6.1.tgz 7472ms (cache miss)
4317 timing reifyNode:node_modules/@eslint/eslintrc/node_modules/js-yaml Completed in 9081ms
4318 timing reifyNode:node_modules/istanbul-lib-source-maps/node_modules/source-map Completed in 9138ms
4319 http fetch GET 200 https://registry.npmjs.org/source-map/-/source-map-0.6.1.tgz 7458ms (cache miss)
4320 http fetch GET 200 https://registry.npmjs.org/source-map/-/source-map-0.6.1.tgz 7458ms (cache miss)
4321 timing reifyNode:node_modules/escodegen/node_modules/source-map Completed in 9142ms
4322 timing reifyNode:node_modules/csso/node_modules/source-map Completed in 9139ms
4323 http fetch GET 200 https://registry.npmjs.org/source-map/-/source-map-0.6.1.tgz 7467ms (cache miss)
4324 http fetch GET 200 https://registry.npmjs.org/source-map/-/source-map-0.6.1.tgz 7466ms (cache miss)
4325 timing reifyNode:node_modules/css-minimizer-webpack-plugin/node_modules/source-map Completed in 9145ms
4326 http fetch GET 200 https://registry.npmjs.org/source-map/-/source-map-0.6.1.tgz 7457ms (cache miss)
4327 timing reifyNode:node_modules/css-tree/node_modules/source-map Completed in 9153ms
4328 timing reifyNode:node_modules/clean-css/node_modules/source-map Completed in 9150ms
4329 http fetch GET 200 https://registry.npmjs.org/@babel/runtime/-/runtime-7.27.1.tgz 7791ms (cache miss)
4330 http fetch GET 200 https://registry.npmjs.org/source-map/-/source-map-0.6.1.tgz 7468ms (cache miss)
4331 http fetch GET 200 https://registry.npmjs.org/glob/-/glob-10.4.5.tgz 7651ms (cache miss)
4332 http fetch GET 200 https://registry.npmjs.org/source-map/-/source-map-0.6.1.tgz 7473ms (cache miss)
4333 timing reifyNode:node_modules/@babel/runtime Completed in 9153ms
4334 timing reifyNode:node_modules/@jest/reporters/node_modules/source-map Completed in 9159ms
4335 http fetch GET 200 https://registry.npmjs.org/source-map/-/source-map-0.6.1.tgz 7476ms (cache miss)
4336 timing reifyNode:node_modules/@jest/source-map/node_modules/source-map Completed in 9161ms
4337 timing reifyNode:node_modules/@jest/transform/node_modules/source-map Completed in 9171ms
4338 timing reifyNode:node_modules/sucrase/node_modules/glob Completed in 9260ms
4339 http fetch GET 200 https://registry.npmjs.org/dom-accessibility-api/-/dom-accessibility-api-0.6.3.tgz 7507ms (cache miss)
4340 timing reifyNode:node_modules/@testing-library/jest-dom/node_modules/dom-accessibility-api Completed in 9200ms
4341 http fetch GET 200 https://registry.npmjs.org/rollup/-/rollup-2.79.2.tgz 8936ms (cache miss)
4342 timing reifyNode:node_modules/rollup Completed in 9295ms
4343 http fetch GET 200 https://registry.npmjs.org/acorn/-/acorn-7.4.1.tgz 7569ms (cache miss)
4344 timing reifyNode:node_modules/acorn-globals/node_modules/acorn Completed in 9264ms
4345 http fetch GET 200 https://registry.npmjs.org/regenerate-unicode-properties/-/regenerate-unicode-properties-10.2.0.tgz 9068ms (cache miss)
4346 timing reifyNode:node_modules/regenerate-unicode-properties Completed in 9438ms
4347 http fetch GET 200 https://registry.npmjs.org/react-dom/-/react-dom-19.1.0.tgz 8727ms (cache miss)
4348 timing reifyNode:node_modules/react-dom Completed in 9458ms
4349 http fetch GET 200 https://registry.npmjs.org/svgo/-/svgo-2.8.0.tgz 7856ms (cache miss)
4350 timing reifyNode:node_modules/postcss-svgo/node_modules/svgo Completed in 9515ms
4351 http fetch GET 200 https://registry.npmjs.org/webpack 7414ms (cache miss)
4352 timing metavuln:packument:webpack Completed in 7435ms
4353 timing metavuln:load:security-advisory:webpack:1113041 Completed in 18ms
4354 timing metavuln:load:security-advisory:webpack:1113042 Completed in 21ms
4355 http fetch GET 200 https://registry.npmjs.org/ajv-keywords/-/ajv-keywords-5.1.0.tgz 7988ms (cache miss)
4356 timing reifyNode:node_modules/schema-utils/node_modules/ajv-keywords Completed in 9632ms
4357 http fetch GET 200 https://registry.npmjs.org/@babel/core/-/core-7.27.1.tgz 8098ms (cache miss)
4358 timing reifyNode:node_modules/@babel/core Completed in 9558ms
4359 timing metavuln:cache:put:security-advisory:webpack:IzHFkMfHDC+SV3IL23ZHngntgLDUgyESA9Ge8Mh5rKNVcDpaWLuTZIcoUJg4/bAH+BQlnDzJ4nLfJCy6fOIM0A== Completed in 62ms
4360 timing metavuln:calculate:security-advisory:webpack:1113041 Completed in 7516ms
4361 timing metavuln:cache:put:security-advisory:webpack:s8eUYzfoKCRSDroeyV91F0huXvDaY4W8tlhzcL2BszFV9dolZHIAn/UZ/7LVU12F35esXqY1PqnhYKHfHcDozQ== Completed in 40ms
4362 timing metavuln:calculate:security-advisory:webpack:1113042 Completed in 7516ms
4363 http fetch GET 200 https://registry.npmjs.org/eslint-plugin-react/-/eslint-plugin-react-7.37.5.tgz 8628ms (cache miss)
4364 http fetch GET 200 https://registry.npmjs.org/rollup 7588ms (cache miss)
4365 timing metavuln:packument:rollup Completed in 7618ms
4366 timing metavuln:load:security-advisory:rollup:1113517 Completed in 24ms
4367 timing reifyNode:node_modules/eslint-plugin-react Completed in 9750ms
4368 http fetch GET 200 https://registry.npmjs.org/aria-query/-/aria-query-5.3.0.tgz 8065ms (cache miss)
4369 timing reifyNode:node_modules/@testing-library/dom/node_modules/aria-query Completed in 9762ms
4370 timing metavuln:cache:put:security-advisory:rollup:wvI6OK0UYkdu1ie+OgqGl1Ts6uqRHKmJvpy+9hLlTsneMQcWx9C1Ka+m19thxOafs1fMQMcb0kVjFL6LgUpdgg== Completed in 75ms
4371 timing metavuln:calculate:security-advisory:rollup:1113517 Completed in 7717ms
4372 timing metavuln:cache:get:security-advisory:@babel/preset-env:Mpo1xc8At63rW2oTlOZSv/AmnYuBmuvks2eDnKWqbTBa4lHWUehtavDAMHULMalLO4A/6M/C9o0+DaghXkWo5Q== Completed in 5ms
4373 http fetch GET 200 https://registry.npmjs.org/babel-loader/-/babel-loader-8.4.1.tgz 9445ms (cache miss)
4374 timing reifyNode:node_modules/babel-loader Completed in 9855ms
4375 http fetch GET 200 https://registry.npmjs.org/underscore/-/underscore-1.12.1.tgz 9365ms (cache miss)
4376 timing reifyNode:node_modules/underscore Completed in 9985ms
4377 http fetch GET 200 https://registry.npmjs.org/css-tree/-/css-tree-1.1.3.tgz 8353ms (cache miss)
4378 timing reifyNode:node_modules/postcss-svgo/node_modules/css-tree Completed in 10007ms
4379 http fetch GET 200 https://registry.npmjs.org/css-tree/-/css-tree-1.1.3.tgz 8404ms (cache miss)
4380 timing reifyNode:node_modules/csso/node_modules/css-tree Completed in 10084ms
4381 http fetch GET 200 https://registry.npmjs.org/@babel/types/-/types-7.27.1.tgz 8909ms (cache miss)
4382 timing reifyNode:node_modules/@babel/types Completed in 10262ms
4383 http fetch GET 200 https://registry.npmjs.org/@babel%2fpreset-env 570ms (cache miss)
4384 timing metavuln:packument:@babel/preset-env Completed in 585ms
4385 timing metavuln:load:security-advisory:@babel/preset-env:8sXF8eGUjGjT2qQJBUER2jyRALTXBTvVm8kpQc6/3Ch7c7ay7HiKlaj6MYNpvglkqH6G2TiQINAPfh7G+m7XUg== Completed in 108ms
4386 http fetch GET 200 https://registry.npmjs.org/tailwindcss/-/tailwindcss-3.4.17.tgz 9962ms (cache miss)
4387 http fetch GET 200 https://registry.npmjs.org/@typescript-eslint/scope-manager/-/scope-manager-5.62.0.tgz 9349ms (cache miss)
4388 timing reifyNode:node_modules/tailwindcss Completed in 10637ms
4389 timing reifyNode:node_modules/@typescript-eslint/scope-manager Completed in 10577ms
4390 timing metavuln:cache:put:security-advisory:@babel/preset-env:Mpo1xc8At63rW2oTlOZSv/AmnYuBmuvks2eDnKWqbTBa4lHWUehtavDAMHULMalLO4A/6M/C9o0+DaghXkWo5Q== Completed in 107ms
4391 timing metavuln:calculate:security-advisory:@babel/preset-env:8sXF8eGUjGjT2qQJBUER2jyRALTXBTvVm8kpQc6/3Ch7c7ay7HiKlaj6MYNpvglkqH6G2TiQINAPfh7G+m7XUg== Completed in 801ms
4392 timing metavuln:cache:get:security-advisory:@istanbuljs/load-nyc-config:w/86FNlNAKUQI54d7RUzBsP1/0m9gEqvzcKgVc1hG/QVJuqE1LIXvZVbQtAg4c7kez3/aUOM4JWOhkj3kEEPVA== Completed in 7ms
4393 timing metavuln:cache:get:security-advisory:svgo:0oZEr7u6KwzIjw8ToGUK62a+ePy6utVQ/U4KUiTilxZfKwA94j/OuG+WUXAvbTxuiDDUJddWg7fJjO70+WJh1w== Completed in 7ms
4394 timing metavuln:load:security-advisory:svgo:MQ5RokLIvrWmT8/NQU0dD+jQ+6pFslHlaXx1Z5q7mESITohR8AwLT525ddIc2KvKZYbB1p5yclW3kV4xeRYXEg== Completed in 11ms
4395 timing metavuln:cache:put:security-advisory:svgo:0oZEr7u6KwzIjw8ToGUK62a+ePy6utVQ/U4KUiTilxZfKwA94j/OuG+WUXAvbTxuiDDUJddWg7fJjO70+WJh1w== Completed in 82ms
4396 timing metavuln:calculate:security-advisory:svgo:MQ5RokLIvrWmT8/NQU0dD+jQ+6pFslHlaXx1Z5q7mESITohR8AwLT525ddIc2KvKZYbB1p5yclW3kV4xeRYXEg== Completed in 100ms
4397 http fetch GET 200 https://registry.npmjs.org/yaml/-/yaml-2.7.1.tgz 9135ms (cache miss)
4398 timing reifyNode:node_modules/postcss-load-config/node_modules/yaml Completed in 10791ms
4399 http fetch GET 200 https://registry.npmjs.org/@istanbuljs%2fload-nyc-config 148ms (cache miss)
4400 timing metavuln:packument:@istanbuljs/load-nyc-config Completed in 149ms
4401 timing metavuln:load:security-advisory:@istanbuljs/load-nyc-config:MQ5RokLIvrWmT8/NQU0dD+jQ+6pFslHlaXx1Z5q7mESITohR8AwLT525ddIc2KvKZYbB1p5yclW3kV4xeRYXEg== Completed in 1ms
4402 timing metavuln:cache:put:security-advisory:@istanbuljs/load-nyc-config:w/86FNlNAKUQI54d7RUzBsP1/0m9gEqvzcKgVc1hG/QVJuqE1LIXvZVbQtAg4c7kez3/aUOM4JWOhkj3kEEPVA== Completed in 44ms
4403 timing metavuln:calculate:security-advisory:@istanbuljs/load-nyc-config:MQ5RokLIvrWmT8/NQU0dD+jQ+6pFslHlaXx1Z5q7mESITohR8AwLT525ddIc2KvKZYbB1p5yclW3kV4xeRYXEg== Completed in 194ms
4404 timing metavuln:cache:get:security-advisory:@eslint/eslintrc:+dj/LqpwTuLnMbBYuGIzIb6b3zspptDh0rakRHhZtIReGOQCQDIXFUqoHFXyUBrXqkKL96IYWa7gOtmMPQ2AIw== Completed in 4ms
4405 timing metavuln:cache:get:security-advisory:eslint:tWpS8shwtPvlnKrr0IDTnNgdZsEAPzEyjXys9cT2vEpfBr9XWHwJtpN5VN/tlasnmObTFIj3QrfKiIX5Y5+g2Q== Completed in 3ms
4406 http fetch GET 200 https://registry.npmjs.org/@eslint%2feslintrc 134ms (cache miss)
4407 timing metavuln:packument:@eslint/eslintrc Completed in 135ms
4408 timing metavuln:load:security-advisory:@eslint/eslintrc:621IdjBdZEeVoUcjWGl1jXN0jFDGaf7dIQMeaPVKf5MxqYprJztiOC0OHOUPVoayh7Cq/fTC8L5CqEb98qlE7w== Completed in 2ms
4409 timing metavuln:cache:put:security-advisory:@eslint/eslintrc:+dj/LqpwTuLnMbBYuGIzIb6b3zspptDh0rakRHhZtIReGOQCQDIXFUqoHFXyUBrXqkKL96IYWa7gOtmMPQ2AIw== Completed in 48ms
4410 timing metavuln:calculate:security-advisory:@eslint/eslintrc:621IdjBdZEeVoUcjWGl1jXN0jFDGaf7dIQMeaPVKf5MxqYprJztiOC0OHOUPVoayh7Cq/fTC8L5CqEb98qlE7w== Completed in 186ms
4411 http fetch GET 200 https://registry.npmjs.org/eslint/-/eslint-8.57.1.tgz 10012ms (cache miss)
4412 warn deprecated eslint@8.57.1: This version is no longer supported. Please see https://eslint.org/version-support for other options.
4413 timing reifyNode:node_modules/eslint Completed in 11081ms
4414 http fetch GET 200 https://registry.npmjs.org/@typescript-eslint/eslint-plugin/-/eslint-plugin-5.62.0.tgz 10123ms (cache miss)
4415 timing reifyNode:node_modules/@typescript-eslint/eslint-plugin Completed in 11369ms
4416 http fetch GET 200 https://registry.npmjs.org/jsdom/-/jsdom-16.7.0.tgz 10502ms (cache miss)
4417 timing reifyNode:node_modules/jsdom Completed in 11464ms
4418 http fetch GET 200 https://registry.npmjs.org/eslint 1086ms (cache miss)
4419 timing metavuln:packument:eslint Completed in 1120ms
4420 timing metavuln:load:security-advisory:eslint:621IdjBdZEeVoUcjWGl1jXN0jFDGaf7dIQMeaPVKf5MxqYprJztiOC0OHOUPVoayh7Cq/fTC8L5CqEb98qlE7w== Completed in 11ms
4421 http fetch GET 200 https://registry.npmjs.org/ajv/-/ajv-8.17.1.tgz 10466ms (cache miss)
4422 timing reifyNode:node_modules/workbox-build/node_modules/ajv Completed in 12052ms
4423 timing metavuln:cache:put:security-advisory:eslint:tWpS8shwtPvlnKrr0IDTnNgdZsEAPzEyjXys9cT2vEpfBr9XWHwJtpN5VN/tlasnmObTFIj3QrfKiIX5Y5+g2Q== Completed in 68ms
4424 timing metavuln:calculate:security-advisory:eslint:621IdjBdZEeVoUcjWGl1jXN0jFDGaf7dIQMeaPVKf5MxqYprJztiOC0OHOUPVoayh7Cq/fTC8L5CqEb98qlE7w== Completed in 1201ms
4425 timing metavuln:cache:get:security-advisory:http-proxy-agent:yWh+WsUCdzVUoHJ+ukHX3VBWHgc+bzFCiNYaEHuuvW29uVMpISqXUxRqbG/B55MQ8eiu9zSwUnABxh5qJf1U0w== Completed in 7ms
4426 http fetch GET 200 https://registry.npmjs.org/ajv/-/ajv-8.17.1.tgz 10570ms (cache miss)
4427 timing reifyNode:node_modules/schema-utils/node_modules/ajv Completed in 12210ms
4428 http fetch GET 200 https://registry.npmjs.org/ajv/-/ajv-8.17.1.tgz 10521ms (cache miss)
4429 timing reifyNode:node_modules/ajv-formats/node_modules/ajv Completed in 12216ms
4430 http fetch GET 200 https://registry.npmjs.org/http-proxy-agent 254ms (cache miss)
4431 timing metavuln:packument:http-proxy-agent Completed in 255ms
4432 timing metavuln:load:security-advisory:http-proxy-agent:Bij+qufwr7God+MYI0JIFJYEDFT3IlGllIhDaMb6DB6UZOYpGBBfXc1Jq59Wdg/M2NdGRUO2+zYnIEZHW42YDw== Completed in 2ms
4433 timing metavuln:cache:put:security-advisory:http-proxy-agent:yWh+WsUCdzVUoHJ+ukHX3VBWHgc+bzFCiNYaEHuuvW29uVMpISqXUxRqbG/B55MQ8eiu9zSwUnABxh5qJf1U0w== Completed in 42ms
4434 timing metavuln:calculate:security-advisory:http-proxy-agent:Bij+qufwr7God+MYI0JIFJYEDFT3IlGllIhDaMb6DB6UZOYpGBBfXc1Jq59Wdg/M2NdGRUO2+zYnIEZHW42YDw== Completed in 299ms
4435 timing metavuln:cache:get:security-advisory:@eslint/eslintrc:aTNWJFSkw5DS4SB2nZgnaAFFdAXCgYakUu7Vnu0VAj0AclpVyjznKIgNeS8Irm+NcHSORmoypttmDbChxemxqA== Completed in 13ms
4436 timing metavuln:load:security-advisory:@eslint/eslintrc:u4HOZ0QFYFTDLqnZ5TPSC8VEvP+HMuGcZACJuTqG8bm/gunrgkQwsiiH2pbF9tNIl45RK0sW2ccPzEojb1k0xQ== Completed in 4ms
4437 timing metavuln:cache:get:security-advisory:ajv-keywords:CfFtUnAadfuCbS71yeRl9tl/9HIXJ6js/s7gXlcBmi25TSuj5fGBRan13Z6fruYADIymacHLp/CVDNUa5XJjlQ== Completed in 16ms
4438 timing metavuln:cache:get:security-advisory:schema-utils:vlNV1ObVfukgjaciZvL6tO81wrIqbupJy3JWyMpfVe/qCIyWAVHkVJWWQRgYkBk00jAcxPQ8I4FgEcesSO9D+Q== Completed in 15ms
4439 timing metavuln:cache:get:security-advisory:eslint:6kRX7Aokk76Jx6XoOHiMSU8BTR90SQMK5AZjmt7HFdN87a8DFzzjuJwsTWoA1xHp5ATdta4R7ud3Xw2YczLZlA== Completed in 15ms
4440 timing metavuln:load:security-advisory:eslint:u4HOZ0QFYFTDLqnZ5TPSC8VEvP+HMuGcZACJuTqG8bm/gunrgkQwsiiH2pbF9tNIl45RK0sW2ccPzEojb1k0xQ== Completed in 39ms
4441 timing metavuln:cache:put:security-advisory:@eslint/eslintrc:aTNWJFSkw5DS4SB2nZgnaAFFdAXCgYakUu7Vnu0VAj0AclpVyjznKIgNeS8Irm+NcHSORmoypttmDbChxemxqA== Completed in 118ms
4442 timing metavuln:calculate:security-advisory:@eslint/eslintrc:u4HOZ0QFYFTDLqnZ5TPSC8VEvP+HMuGcZACJuTqG8bm/gunrgkQwsiiH2pbF9tNIl45RK0sW2ccPzEojb1k0xQ== Completed in 136ms
4443 timing metavuln:cache:put:security-advisory:eslint:6kRX7Aokk76Jx6XoOHiMSU8BTR90SQMK5AZjmt7HFdN87a8DFzzjuJwsTWoA1xHp5ATdta4R7ud3Xw2YczLZlA== Completed in 79ms
4444 timing metavuln:calculate:security-advisory:eslint:u4HOZ0QFYFTDLqnZ5TPSC8VEvP+HMuGcZACJuTqG8bm/gunrgkQwsiiH2pbF9tNIl45RK0sW2ccPzEojb1k0xQ== Completed in 134ms
4445 http fetch GET 200 https://registry.npmjs.org/ajv-keywords 172ms (cache miss)
4446 timing metavuln:packument:ajv-keywords Completed in 173ms
4447 timing metavuln:load:security-advisory:ajv-keywords:u4HOZ0QFYFTDLqnZ5TPSC8VEvP+HMuGcZACJuTqG8bm/gunrgkQwsiiH2pbF9tNIl45RK0sW2ccPzEojb1k0xQ== Completed in 30ms
4448 http fetch GET 200 https://registry.npmjs.org/schema-utils 204ms (cache miss)
4449 timing metavuln:packument:schema-utils Completed in 206ms
4450 timing metavuln:load:security-advisory:schema-utils:u4HOZ0QFYFTDLqnZ5TPSC8VEvP+HMuGcZACJuTqG8bm/gunrgkQwsiiH2pbF9tNIl45RK0sW2ccPzEojb1k0xQ== Completed in 15ms
4451 timing metavuln:cache:put:security-advisory:ajv-keywords:CfFtUnAadfuCbS71yeRl9tl/9HIXJ6js/s7gXlcBmi25TSuj5fGBRan13Z6fruYADIymacHLp/CVDNUa5XJjlQ== Completed in 58ms
4452 timing metavuln:calculate:security-advisory:ajv-keywords:u4HOZ0QFYFTDLqnZ5TPSC8VEvP+HMuGcZACJuTqG8bm/gunrgkQwsiiH2pbF9tNIl45RK0sW2ccPzEojb1k0xQ== Completed in 262ms
4453 timing metavuln:cache:put:security-advisory:schema-utils:vlNV1ObVfukgjaciZvL6tO81wrIqbupJy3JWyMpfVe/qCIyWAVHkVJWWQRgYkBk00jAcxPQ8I4FgEcesSO9D+Q== Completed in 44ms
4454 timing metavuln:calculate:security-advisory:schema-utils:u4HOZ0QFYFTDLqnZ5TPSC8VEvP+HMuGcZACJuTqG8bm/gunrgkQwsiiH2pbF9tNIl45RK0sW2ccPzEojb1k0xQ== Completed in 265ms
4455 timing metavuln:cache:get:security-advisory:ajv-formats:FvZpb7jSNyyWiQIVPGitnU868Mo9VzJTfWeYAHvgwc94UdQjyn/4YC1QV41UK3biKRAfI35CyKmFL3IDemDaKQ== Completed in 10ms
4456 timing metavuln:cache:get:security-advisory:schema-utils:jeD++QW3RmuXUj4724QcitSOqXm1y5wbrmfm8CQ+ksMJQx9x5aXXN4+FC6sDGla6lZbT/KpvddsLwTCnkcqp7w== Completed in 10ms
4457 timing metavuln:load:security-advisory:schema-utils:URErmxoyazZWR5lFcXpgTkGsbkrUBDlzD8W6txjBw2wZoOC7oHjHFfCrRr/VnGeJvbyUY9E2jxrL8p2XbwfP8g== Completed in 15ms
4458 timing metavuln:cache:get:security-advisory:ajv-keywords:2GXRn8zsuxNEY7/qN6wYE4CrPKkAphM+4Wm/OdOGHx+Nj0CLwtJcho1aVT3xUylELIHg6tXqQVmGBKQ2DdlCMA== Completed in 25ms
4459 timing metavuln:load:security-advisory:ajv-keywords:URErmxoyazZWR5lFcXpgTkGsbkrUBDlzD8W6txjBw2wZoOC7oHjHFfCrRr/VnGeJvbyUY9E2jxrL8p2XbwfP8g== Completed in 23ms
4460 timing metavuln:cache:get:security-advisory:workbox-build:K7iqOEM7VFkbcx6k8gVSE2YinIIiCmWFa0NbUoGmQ8Dan6S4gQKH+fhZsOQ8KhVUAnv46+uZPxynI8gpEC7qGg== Completed in 49ms
4461 timing metavuln:cache:get:security-advisory:@apideck/better-ajv-errors:yF7qHgo1R/nLOsiNbuZJ3mbSPrbBKPGTM8wKBLOh1Ksvddmsrr/kQXLcDQueEYXSVejc1d9X2xDqG7x/oPEWmA== Completed in 45ms
4462 timing metavuln:cache:put:security-advisory:schema-utils:jeD++QW3RmuXUj4724QcitSOqXm1y5wbrmfm8CQ+ksMJQx9x5aXXN4+FC6sDGla6lZbT/KpvddsLwTCnkcqp7w== Completed in 67ms
4463 timing metavuln:calculate:security-advisory:schema-utils:URErmxoyazZWR5lFcXpgTkGsbkrUBDlzD8W6txjBw2wZoOC7oHjHFfCrRr/VnGeJvbyUY9E2jxrL8p2XbwfP8g== Completed in 92ms
4464 timing metavuln:cache:put:security-advisory:ajv-keywords:2GXRn8zsuxNEY7/qN6wYE4CrPKkAphM+4Wm/OdOGHx+Nj0CLwtJcho1aVT3xUylELIHg6tXqQVmGBKQ2DdlCMA== Completed in 44ms
4465 timing metavuln:calculate:security-advisory:ajv-keywords:URErmxoyazZWR5lFcXpgTkGsbkrUBDlzD8W6txjBw2wZoOC7oHjHFfCrRr/VnGeJvbyUY9E2jxrL8p2XbwfP8g== Completed in 92ms
4466 http fetch GET 200 https://registry.npmjs.org/ajv-formats 175ms (cache miss)
4467 timing metavuln:packument:ajv-formats Completed in 180ms
4468 timing metavuln:load:security-advisory:ajv-formats:URErmxoyazZWR5lFcXpgTkGsbkrUBDlzD8W6txjBw2wZoOC7oHjHFfCrRr/VnGeJvbyUY9E2jxrL8p2XbwfP8g== Completed in 10ms
4469 http fetch GET 200 https://registry.npmjs.org/workbox-build 205ms (cache miss)
4470 timing metavuln:packument:workbox-build Completed in 210ms
4471 timing metavuln:load:security-advisory:workbox-build:URErmxoyazZWR5lFcXpgTkGsbkrUBDlzD8W6txjBw2wZoOC7oHjHFfCrRr/VnGeJvbyUY9E2jxrL8p2XbwfP8g== Completed in 6ms
4472 timing metavuln:cache:put:security-advisory:ajv-formats:FvZpb7jSNyyWiQIVPGitnU868Mo9VzJTfWeYAHvgwc94UdQjyn/4YC1QV41UK3biKRAfI35CyKmFL3IDemDaKQ== Completed in 54ms
4473 timing metavuln:calculate:security-advisory:ajv-formats:URErmxoyazZWR5lFcXpgTkGsbkrUBDlzD8W6txjBw2wZoOC7oHjHFfCrRr/VnGeJvbyUY9E2jxrL8p2XbwfP8g== Completed in 245ms
4474 timing metavuln:cache:put:security-advisory:workbox-build:K7iqOEM7VFkbcx6k8gVSE2YinIIiCmWFa0NbUoGmQ8Dan6S4gQKH+fhZsOQ8KhVUAnv46+uZPxynI8gpEC7qGg== Completed in 39ms
4475 timing metavuln:calculate:security-advisory:workbox-build:URErmxoyazZWR5lFcXpgTkGsbkrUBDlzD8W6txjBw2wZoOC7oHjHFfCrRr/VnGeJvbyUY9E2jxrL8p2XbwfP8g== Completed in 255ms
4476 http fetch GET 200 https://registry.npmjs.org/caniuse-lite/-/caniuse-lite-1.0.30001717.tgz 11778ms (cache miss)
4477 timing reifyNode:node_modules/caniuse-lite Completed in 12931ms
4478 http fetch GET 200 https://registry.npmjs.org/@apideck%2fbetter-ajv-errors 389ms (cache miss)
4479 timing metavuln:packument:@apideck/better-ajv-errors Completed in 391ms
4480 timing metavuln:load:security-advisory:@apideck/better-ajv-errors:URErmxoyazZWR5lFcXpgTkGsbkrUBDlzD8W6txjBw2wZoOC7oHjHFfCrRr/VnGeJvbyUY9E2jxrL8p2XbwfP8g== Completed in 2ms
4481 http fetch GET 200 https://registry.npmjs.org/lodash/-/lodash-4.17.21.tgz 12109ms (cache miss)
4482 timing reifyNode:node_modules/lodash Completed in 13017ms
4483 timing metavuln:cache:put:security-advisory:@apideck/better-ajv-errors:yF7qHgo1R/nLOsiNbuZJ3mbSPrbBKPGTM8wKBLOh1Ksvddmsrr/kQXLcDQueEYXSVejc1d9X2xDqG7x/oPEWmA== Completed in 18ms
4484 timing metavuln:calculate:security-advisory:@apideck/better-ajv-errors:URErmxoyazZWR5lFcXpgTkGsbkrUBDlzD8W6txjBw2wZoOC7oHjHFfCrRr/VnGeJvbyUY9E2jxrL8p2XbwfP8g== Completed in 414ms
4485 timing metavuln:cache:get:security-advisory:minimatch:EdzP79sukXfwnaTxyFO/a1+fXPBBvIH9NlsgWGTGWGSpQkNPxYQxFaMxiKCAwfckwBABbsvD1jCrk+QZ4W56Rw== Completed in 4ms
4486 timing metavuln:load:security-advisory:minimatch:7IQMvcVTr+svbh5KCx4Kl6FQKJ1GciM03BnJAve/5WYJjUeRzKAIrStVpfachbl3T6a7o8nYlQEVG6Ih0TNXRg== Completed in 3ms
4487 timing metavuln:cache:put:security-advisory:minimatch:EdzP79sukXfwnaTxyFO/a1+fXPBBvIH9NlsgWGTGWGSpQkNPxYQxFaMxiKCAwfckwBABbsvD1jCrk+QZ4W56Rw== Completed in 13ms
4488 timing metavuln:calculate:security-advisory:minimatch:7IQMvcVTr+svbh5KCx4Kl6FQKJ1GciM03BnJAve/5WYJjUeRzKAIrStVpfachbl3T6a7o8nYlQEVG6Ih0TNXRg== Completed in 20ms
4489 timing metavuln:cache:get:security-advisory:minimatch:47aVejY8/1KnEnFlTo+uF90a7w1XvtOjMP1i7DvyX4+jxy/wlG4RjX1rMW+bmptQMpL8TSkcMyWTMH7gxl9Fpg== Completed in 3ms
4490 timing metavuln:load:security-advisory:minimatch:mClmYqWawCNXseeTBHWiIwZH/2CmFUqPCmosJIeOhAgD9z1v3SayhHAwaWVo8wmeKU/JN9VP4zDBeXaqy3Ay2A== Completed in 3ms
4491 timing metavuln:cache:put:security-advisory:minimatch:47aVejY8/1KnEnFlTo+uF90a7w1XvtOjMP1i7DvyX4+jxy/wlG4RjX1rMW+bmptQMpL8TSkcMyWTMH7gxl9Fpg== Completed in 20ms
4492 timing metavuln:calculate:security-advisory:minimatch:mClmYqWawCNXseeTBHWiIwZH/2CmFUqPCmosJIeOhAgD9z1v3SayhHAwaWVo8wmeKU/JN9VP4zDBeXaqy3Ay2A== Completed in 27ms
4493 timing metavuln:cache:get:security-advisory:ajv:2535IqL4tCqU5OyaVN8dtTwacs4Q4tjoVK1YJqNyqo3Zo1N9irq8HdJDgbLflCvcCQRHirUXC4wAIobYvCKBjw== Completed in 1ms
4494 timing metavuln:load:security-advisory:ajv:eOa7c7ILtYrQRi7Vh70WI0pPtbJX306JIRinfkWw7EszqtCMyh5zDLP+J7GgLnqrHAp+szaZMuWjykheayYbvw== Completed in 8ms
4495 timing metavuln:cache:put:security-advisory:ajv:2535IqL4tCqU5OyaVN8dtTwacs4Q4tjoVK1YJqNyqo3Zo1N9irq8HdJDgbLflCvcCQRHirUXC4wAIobYvCKBjw== Completed in 31ms
4496 timing metavuln:calculate:security-advisory:ajv:eOa7c7ILtYrQRi7Vh70WI0pPtbJX306JIRinfkWw7EszqtCMyh5zDLP+J7GgLnqrHAp+szaZMuWjykheayYbvw== Completed in 41ms
4497 timing metavuln:cache:get:security-advisory:@eslint/eslintrc:ekjU9xvLMIGZ60VAS3cJiXhpLVygLLVhrX5j5gbU96muSnaowg56B//Z2ieRbqnSyEhXO09OAWrrIfGViIVogQ== Completed in 31ms
4498 timing metavuln:load:security-advisory:@eslint/eslintrc:V/3cIcyAQcG1bwuH0e0PI9Qt5WRtbvb/WOz2mBxAfNzXf+Dvs9G1X05eHjnPq2b0TJY4zXXpqhCAkRAipgk3iQ== Completed in 2ms
4499 timing metavuln:cache:get:security-advisory:@humanwhocodes/config-array:Tk7QyZJ/5FJIVNFvkr1kqYAW2HdFmlGmqor9USZiENZhVXh0kmlTve1snlA6YKmRt6Vc/ua7GMSY9wOQLaXfEQ== Completed in 26ms
4500 timing metavuln:cache:get:security-advisory:eslint:ev5azc2U50vUYTqLo2/jaU7l8ps6Yvlqzkyp5OLr37QKqPK3+eCnjR+sureWWgBbnj1subBH7GupBmACDEZ2Mw== Completed in 30ms
4501 timing metavuln:load:security-advisory:eslint:V/3cIcyAQcG1bwuH0e0PI9Qt5WRtbvb/WOz2mBxAfNzXf+Dvs9G1X05eHjnPq2b0TJY4zXXpqhCAkRAipgk3iQ== Completed in 37ms
4502 timing metavuln:cache:get:security-advisory:eslint-plugin-import:8kV5Y/kp5eDWHoCxaxP2GpSM+URcZdaiGzBLqLCUL1aFnqNJYOG1MA8HRImPYwbeSnjoD4UdCemYrgpPgqe0nQ== Completed in 70ms
4503 timing metavuln:cache:get:security-advisory:eslint-plugin-jsx-a11y:RtgHjCgVzpv029UPVeGeA/VS7k3WzTUYqb/paVAiHY2UEeEu/m77je8ENYSBlIadj27r2b50iAFdfzYLCnL4qw== Completed in 69ms
4504 timing metavuln:cache:get:security-advisory:eslint-plugin-react:ASpc1+KToSyZ7evZYtShB6v7xJLg5tKSOSOILhUSqa3j444Rajec2TGD8vjtOZknBlH2V0wlB2kiBJoAUgLxaQ== Completed in 65ms
4505 timing metavuln:cache:get:security-advisory:fork-ts-checker-webpack-plugin:SpaqEsdAzLkLr7JYrEffVqsw8IFXSdf/SGiXi9ZDiLrkKS01FgR/Tk9gD5NgluQsiFLtKY0XNmBmyKH/Yl00+w== Completed in 65ms
4506 timing metavuln:cache:get:security-advisory:glob:SiaR+x876RZ4PrtFfgITl2I3eRZNkCbXOr2JdOKzsfFOqrFtyoEMmqMabD5D9LbuunJXr2ioG0JXsVQhURvrcw== Completed in 64ms
4507 timing metavuln:load:security-advisory:glob:V/3cIcyAQcG1bwuH0e0PI9Qt5WRtbvb/WOz2mBxAfNzXf+Dvs9G1X05eHjnPq2b0TJY4zXXpqhCAkRAipgk3iQ== Completed in 32ms
4508 timing metavuln:cache:get:security-advisory:jake:zWNeBhP2Yq9JbZvctp6u7BnLLp55D8YF7kfnhhP9zzdurYO0pgitqn79xzwMuT/TF0zhfkpSLEzc5varJSi7yg== Completed in 96ms
4509 timing metavuln:cache:get:security-advisory:recursive-readdir:7MiTJWO62axLSgPrUtSYBEtSBkE+0uVq8SWhOCZIFnfMlhX+HVzk+tshSnj5YA/vr8hSxrWoYQ55RwQcKhjrzA== Completed in 96ms
4510 timing metavuln:cache:get:security-advisory:test-exclude:De4LSt7GFd/3aSdpF9X0QBXe74F5SOyZn84x+XzVHWPULZ2n4LHZiiFowGX/Gy/2DxKjKrSmy5eilhUTqfLeXA== Completed in 95ms
4511 timing metavuln:cache:put:security-advisory:@eslint/eslintrc:ekjU9xvLMIGZ60VAS3cJiXhpLVygLLVhrX5j5gbU96muSnaowg56B//Z2ieRbqnSyEhXO09OAWrrIfGViIVogQ== Completed in 183ms
4512 timing metavuln:calculate:security-advisory:@eslint/eslintrc:V/3cIcyAQcG1bwuH0e0PI9Qt5WRtbvb/WOz2mBxAfNzXf+Dvs9G1X05eHjnPq2b0TJY4zXXpqhCAkRAipgk3iQ== Completed in 216ms
4513 timing metavuln:cache:put:security-advisory:eslint:ev5azc2U50vUYTqLo2/jaU7l8ps6Yvlqzkyp5OLr37QKqPK3+eCnjR+sureWWgBbnj1subBH7GupBmACDEZ2Mw== Completed in 145ms
4514 timing metavuln:calculate:security-advisory:eslint:V/3cIcyAQcG1bwuH0e0PI9Qt5WRtbvb/WOz2mBxAfNzXf+Dvs9G1X05eHjnPq2b0TJY4zXXpqhCAkRAipgk3iQ== Completed in 212ms
4515 timing metavuln:cache:put:security-advisory:glob:SiaR+x876RZ4PrtFfgITl2I3eRZNkCbXOr2JdOKzsfFOqrFtyoEMmqMabD5D9LbuunJXr2ioG0JXsVQhURvrcw== Completed in 109ms
4516 timing metavuln:calculate:security-advisory:glob:V/3cIcyAQcG1bwuH0e0PI9Qt5WRtbvb/WOz2mBxAfNzXf+Dvs9G1X05eHjnPq2b0TJY4zXXpqhCAkRAipgk3iQ== Completed in 205ms
4517 http fetch GET 200 https://registry.npmjs.org/test-exclude 275ms (cache miss)
4518 timing metavuln:packument:test-exclude Completed in 277ms
4519 timing metavuln:load:security-advisory:test-exclude:V/3cIcyAQcG1bwuH0e0PI9Qt5WRtbvb/WOz2mBxAfNzXf+Dvs9G1X05eHjnPq2b0TJY4zXXpqhCAkRAipgk3iQ== Completed in 7ms
4520 http fetch GET 200 https://registry.npmjs.org/eslint-plugin-jsx-a11y 311ms (cache miss)
4521 timing metavuln:packument:eslint-plugin-jsx-a11y Completed in 319ms
4522 timing metavuln:load:security-advisory:eslint-plugin-jsx-a11y:V/3cIcyAQcG1bwuH0e0PI9Qt5WRtbvb/WOz2mBxAfNzXf+Dvs9G1X05eHjnPq2b0TJY4zXXpqhCAkRAipgk3iQ== Completed in 4ms
4523 http fetch GET 200 https://registry.npmjs.org/jake 334ms (cache miss)
4524 timing metavuln:packument:jake Completed in 343ms
4525 timing metavuln:load:security-advisory:jake:V/3cIcyAQcG1bwuH0e0PI9Qt5WRtbvb/WOz2mBxAfNzXf+Dvs9G1X05eHjnPq2b0TJY4zXXpqhCAkRAipgk3iQ== Completed in 21ms
4526 http fetch GET 200 https://registry.npmjs.org/webpack/-/webpack-5.99.8.tgz 13004ms (cache miss)
4527 timing metavuln:cache:put:security-advisory:test-exclude:De4LSt7GFd/3aSdpF9X0QBXe74F5SOyZn84x+XzVHWPULZ2n4LHZiiFowGX/Gy/2DxKjKrSmy5eilhUTqfLeXA== Completed in 137ms
4528 timing metavuln:calculate:security-advisory:test-exclude:V/3cIcyAQcG1bwuH0e0PI9Qt5WRtbvb/WOz2mBxAfNzXf+Dvs9G1X05eHjnPq2b0TJY4zXXpqhCAkRAipgk3iQ== Completed in 421ms
4529 http fetch GET 200 https://registry.npmjs.org/eslint-plugin-import 434ms (cache miss)
4530 timing metavuln:packument:eslint-plugin-import Completed in 443ms
4531 timing metavuln:load:security-advisory:eslint-plugin-import:V/3cIcyAQcG1bwuH0e0PI9Qt5WRtbvb/WOz2mBxAfNzXf+Dvs9G1X05eHjnPq2b0TJY4zXXpqhCAkRAipgk3iQ== Completed in 6ms
4532 timing metavuln:cache:put:security-advisory:eslint-plugin-jsx-a11y:RtgHjCgVzpv029UPVeGeA/VS7k3WzTUYqb/paVAiHY2UEeEu/m77je8ENYSBlIadj27r2b50iAFdfzYLCnL4qw== Completed in 130ms
4533 timing metavuln:calculate:security-advisory:eslint-plugin-jsx-a11y:V/3cIcyAQcG1bwuH0e0PI9Qt5WRtbvb/WOz2mBxAfNzXf+Dvs9G1X05eHjnPq2b0TJY4zXXpqhCAkRAipgk3iQ== Completed in 454ms
4534 timing reifyNode:node_modules/webpack Completed in 13611ms
4535 http fetch GET 200 https://registry.npmjs.org/recursive-readdir 454ms (cache miss)
4536 timing metavuln:packument:recursive-readdir Completed in 455ms
4537 timing metavuln:load:security-advisory:recursive-readdir:V/3cIcyAQcG1bwuH0e0PI9Qt5WRtbvb/WOz2mBxAfNzXf+Dvs9G1X05eHjnPq2b0TJY4zXXpqhCAkRAipgk3iQ== Completed in 5ms
4538 http fetch GET 200 https://registry.npmjs.org/eslint-plugin-react 465ms (cache miss)
4539 timing metavuln:packument:eslint-plugin-react Completed in 474ms
4540 timing metavuln:load:security-advisory:eslint-plugin-react:V/3cIcyAQcG1bwuH0e0PI9Qt5WRtbvb/WOz2mBxAfNzXf+Dvs9G1X05eHjnPq2b0TJY4zXXpqhCAkRAipgk3iQ== Completed in 11ms
4541 timing metavuln:cache:put:security-advisory:jake:zWNeBhP2Yq9JbZvctp6u7BnLLp55D8YF7kfnhhP9zzdurYO0pgitqn79xzwMuT/TF0zhfkpSLEzc5varJSi7yg== Completed in 120ms
4542 timing metavuln:calculate:security-advisory:jake:V/3cIcyAQcG1bwuH0e0PI9Qt5WRtbvb/WOz2mBxAfNzXf+Dvs9G1X05eHjnPq2b0TJY4zXXpqhCAkRAipgk3iQ== Completed in 488ms
4543 http fetch GET 200 https://registry.npmjs.org/@humanwhocodes%2fconfig-array 500ms (cache miss)
4544 timing metavuln:packument:@humanwhocodes/config-array Completed in 502ms
4545 timing metavuln:load:security-advisory:@humanwhocodes/config-array:V/3cIcyAQcG1bwuH0e0PI9Qt5WRtbvb/WOz2mBxAfNzXf+Dvs9G1X05eHjnPq2b0TJY4zXXpqhCAkRAipgk3iQ== Completed in 1ms
4546 timing metavuln:cache:put:security-advisory:eslint-plugin-import:8kV5Y/kp5eDWHoCxaxP2GpSM+URcZdaiGzBLqLCUL1aFnqNJYOG1MA8HRImPYwbeSnjoD4UdCemYrgpPgqe0nQ== Completed in 90ms
4547 timing metavuln:calculate:security-advisory:eslint-plugin-import:V/3cIcyAQcG1bwuH0e0PI9Qt5WRtbvb/WOz2mBxAfNzXf+Dvs9G1X05eHjnPq2b0TJY4zXXpqhCAkRAipgk3iQ== Completed in 539ms
4548 timing metavuln:cache:put:security-advisory:recursive-readdir:7MiTJWO62axLSgPrUtSYBEtSBkE+0uVq8SWhOCZIFnfMlhX+HVzk+tshSnj5YA/vr8hSxrWoYQ55RwQcKhjrzA== Completed in 70ms
4549 timing metavuln:calculate:security-advisory:recursive-readdir:V/3cIcyAQcG1bwuH0e0PI9Qt5WRtbvb/WOz2mBxAfNzXf+Dvs9G1X05eHjnPq2b0TJY4zXXpqhCAkRAipgk3iQ== Completed in 530ms
4550 timing metavuln:cache:put:security-advisory:eslint-plugin-react:ASpc1+KToSyZ7evZYtShB6v7xJLg5tKSOSOILhUSqa3j444Rajec2TGD8vjtOZknBlH2V0wlB2kiBJoAUgLxaQ== Completed in 51ms
4551 timing metavuln:calculate:security-advisory:eslint-plugin-react:V/3cIcyAQcG1bwuH0e0PI9Qt5WRtbvb/WOz2mBxAfNzXf+Dvs9G1X05eHjnPq2b0TJY4zXXpqhCAkRAipgk3iQ== Completed in 537ms
4552 timing metavuln:cache:put:security-advisory:@humanwhocodes/config-array:Tk7QyZJ/5FJIVNFvkr1kqYAW2HdFmlGmqor9USZiENZhVXh0kmlTve1snlA6YKmRt6Vc/ua7GMSY9wOQLaXfEQ== Completed in 41ms
4553 timing metavuln:calculate:security-advisory:@humanwhocodes/config-array:V/3cIcyAQcG1bwuH0e0PI9Qt5WRtbvb/WOz2mBxAfNzXf+Dvs9G1X05eHjnPq2b0TJY4zXXpqhCAkRAipgk3iQ== Completed in 544ms
4554 http fetch GET 200 https://registry.npmjs.org/fork-ts-checker-webpack-plugin 546ms (cache miss)
4555 timing metavuln:packument:fork-ts-checker-webpack-plugin Completed in 556ms
4556 timing metavuln:load:security-advisory:fork-ts-checker-webpack-plugin:V/3cIcyAQcG1bwuH0e0PI9Qt5WRtbvb/WOz2mBxAfNzXf+Dvs9G1X05eHjnPq2b0TJY4zXXpqhCAkRAipgk3iQ== Completed in 5ms
4557 timing metavuln:cache:put:security-advisory:fork-ts-checker-webpack-plugin:SpaqEsdAzLkLr7JYrEffVqsw8IFXSdf/SGiXi9ZDiLrkKS01FgR/Tk9gD5NgluQsiFLtKY0XNmBmyKH/Yl00+w== Completed in 39ms
4558 timing metavuln:calculate:security-advisory:fork-ts-checker-webpack-plugin:V/3cIcyAQcG1bwuH0e0PI9Qt5WRtbvb/WOz2mBxAfNzXf+Dvs9G1X05eHjnPq2b0TJY4zXXpqhCAkRAipgk3iQ== Completed in 600ms
4559 timing metavuln:cache:get:security-advisory:filelist:wACxqOO7ntdmhScIZZ9rRrwqpXRxZATBBQuznuwL9f2V1R9hAWOBkbth1i5Q1kd8kHvso9W1VzlWtD5R26MDVw== Completed in 6ms
4560 http fetch GET 200 https://registry.npmjs.org/filelist 78ms (cache miss)
4561 timing metavuln:packument:filelist Completed in 82ms
4562 timing metavuln:load:security-advisory:filelist:/utMkAt3a6jSPsaWIJ1J7tAb7G+ccGxNsymbhFTVWOMIyhRZOJ9QR0zn1SNtejrdUO5fsO4RDJKDMI6C5/bkuw== Completed in 2ms
4563 timing metavuln:cache:put:security-advisory:filelist:wACxqOO7ntdmhScIZZ9rRrwqpXRxZATBBQuznuwL9f2V1R9hAWOBkbth1i5Q1kd8kHvso9W1VzlWtD5R26MDVw== Completed in 32ms
4564 timing metavuln:calculate:security-advisory:filelist:/utMkAt3a6jSPsaWIJ1J7tAb7G+ccGxNsymbhFTVWOMIyhRZOJ9QR0zn1SNtejrdUO5fsO4RDJKDMI6C5/bkuw== Completed in 116ms
4565 timing metavuln:cache:get:security-advisory:glob:2gIChGnRwWJwoiDYphyLHqddJdZn+GRoNVbvpZ1vkwu0FmPASo3fUYL/YAIcdH4PhvoZ7didmLmcNsz6RTrveQ== Completed in 5ms
4566 timing metavuln:load:security-advisory:glob:B00WbbnnDNaFGA7l9BgrTioYpRMzU4+U8SUF8cn65LwArJAK0O380QwyP/UyxPr7i9XUjX9/AADC41/edu9OrA== Completed in 33ms
4567 timing metavuln:cache:put:security-advisory:glob:2gIChGnRwWJwoiDYphyLHqddJdZn+GRoNVbvpZ1vkwu0FmPASo3fUYL/YAIcdH4PhvoZ7didmLmcNsz6RTrveQ== Completed in 38ms
4568 timing metavuln:calculate:security-advisory:glob:B00WbbnnDNaFGA7l9BgrTioYpRMzU4+U8SUF8cn65LwArJAK0O380QwyP/UyxPr7i9XUjX9/AADC41/edu9OrA== Completed in 76ms
4569 timing metavuln:cache:get:security-advisory:flat-cache:JhiW4rt37xHiozZ7KHa24qUwDKaqeEmfEKkkfEIx/3FvJpogNevZOLgbh2yXpecOg6mIB2Ykrg7bF88g6uOdtQ== Completed in 3ms
4570 http fetch GET 200 https://registry.npmjs.org/flat-cache 75ms (cache miss)
4571 timing metavuln:packument:flat-cache Completed in 77ms
4572 timing metavuln:load:security-advisory:flat-cache:oa7V2KnuHnLCPcrXFvcQLRAa1NASGJm9yZ+B92xpfwxan7PZyVrZjYAHt6LB51PFfA2mM8KGE+VHR+U5X/2uZw== Completed in 3ms
4573 timing metavuln:cache:put:security-advisory:flat-cache:JhiW4rt37xHiozZ7KHa24qUwDKaqeEmfEKkkfEIx/3FvJpogNevZOLgbh2yXpecOg6mIB2Ykrg7bF88g6uOdtQ== Completed in 36ms
4574 timing metavuln:calculate:security-advisory:flat-cache:oa7V2KnuHnLCPcrXFvcQLRAa1NASGJm9yZ+B92xpfwxan7PZyVrZjYAHt6LB51PFfA2mM8KGE+VHR+U5X/2uZw== Completed in 116ms
4575 timing metavuln:cache:get:security-advisory:http-proxy:DxD8Ne0joSYJd/GJrOBw7GKlcyY+osA/uRz0WrmcOf5fkQIHDumeC2NAZk4yDujNJ6SfnohwFJNxWbUl8zQ4FA== Completed in 3ms
4576 http fetch GET 200 https://registry.npmjs.org/http-proxy 57ms (cache miss)
4577 timing metavuln:packument:http-proxy Completed in 59ms
4578 timing metavuln:load:security-advisory:http-proxy:4omfKvh6Ya8SJnn3CVNWLzlRKgsHqsp8XgTxFFWXdSXyBqVHeW5UgGhBrNoO2e0bLHnlnK954cJp6k7PjkvXLg== Completed in 1ms
4579 timing metavuln:cache:put:security-advisory:http-proxy:DxD8Ne0joSYJd/GJrOBw7GKlcyY+osA/uRz0WrmcOf5fkQIHDumeC2NAZk4yDujNJ6SfnohwFJNxWbUl8zQ4FA== Completed in 12ms
4580 timing metavuln:calculate:security-advisory:http-proxy:4omfKvh6Ya8SJnn3CVNWLzlRKgsHqsp8XgTxFFWXdSXyBqVHeW5UgGhBrNoO2e0bLHnlnK954cJp6k7PjkvXLg== Completed in 73ms
4581 timing metavuln:cache:get:security-advisory:jsdom:bdxrL3mlMyoz9ECKJkSo37Q/WcBz+AAhdipYDhlWNZZai3nb3vtivhk80vYpGCd/2Unu0p4S3/LxfyVzACT+0Q== Completed in 3ms
4582 http fetch GET 200 https://registry.npmjs.org/jsdom 211ms (cache miss)
4583 timing metavuln:packument:jsdom Completed in 218ms
4584 timing metavuln:load:security-advisory:jsdom:p6apac9dQVGi7K6jIlh3UPMyaO56BveB1uf7Wad3PzYvsaNtjcN5EQfHTFQgFAACbAXbK1y5BAXrkjVYnwgXlg== Completed in 4ms
4585 timing metavuln:cache:put:security-advisory:jsdom:bdxrL3mlMyoz9ECKJkSo37Q/WcBz+AAhdipYDhlWNZZai3nb3vtivhk80vYpGCd/2Unu0p4S3/LxfyVzACT+0Q== Completed in 55ms
4586 timing metavuln:calculate:security-advisory:jsdom:p6apac9dQVGi7K6jIlh3UPMyaO56BveB1uf7Wad3PzYvsaNtjcN5EQfHTFQgFAACbAXbK1y5BAXrkjVYnwgXlg== Completed in 278ms
4587 timing metavuln:cache:get:security-advisory:sucrase:/7sxQuO23WkXEtVsXtSVMbfvzTkkKTfrrYBLCV3MgJuJ7pyqGT1H+3flTst/q8V/VqursqMz64HpbA8877Ckow== Completed in 6ms
4588 http fetch GET 200 https://registry.npmjs.org/sucrase 187ms (cache miss)
4589 timing metavuln:packument:sucrase Completed in 191ms
4590 timing metavuln:load:security-advisory:sucrase:NTB2XjbDOgk4lkd8PZ3tUAm1F3E/ohGF6rl9/3LEO7Z0FDzSR5nWwzd3nUENA3NCNdyeR+35DOC12wPml2IV+g== Completed in 6ms
4591 timing metavuln:cache:put:security-advisory:sucrase:/7sxQuO23WkXEtVsXtSVMbfvzTkkKTfrrYBLCV3MgJuJ7pyqGT1H+3flTst/q8V/VqursqMz64HpbA8877Ckow== Completed in 43ms
4592 timing metavuln:calculate:security-advisory:sucrase:NTB2XjbDOgk4lkd8PZ3tUAm1F3E/ohGF6rl9/3LEO7Z0FDzSR5nWwzd3nUENA3NCNdyeR+35DOC12wPml2IV+g== Completed in 241ms
4593 timing metavuln:cache:get:security-advisory:bfj:aEe99IYoLhxzJZJRC0GpXknsFjbHXZ3o/s/PUNY8/3Ew//4oRbxuKP26kBL4RzkfZUFadZAfYb2VP/1g1TH/LA== Completed in 6ms
4594 http fetch GET 200 https://registry.npmjs.org/bfj 312ms (cache miss)
4595 timing metavuln:packument:bfj Completed in 313ms
4596 timing metavuln:load:security-advisory:bfj:06NGFWwaXMLoVpjmWx85uziQ4b4vr8HIZact6AC7LfrnIDv5TPrN5W2gQiGeTWi1tczq4mc+pQNrr2O1+LBTrw== Completed in 1ms
4597 timing metavuln:cache:put:security-advisory:bfj:aEe99IYoLhxzJZJRC0GpXknsFjbHXZ3o/s/PUNY8/3Ew//4oRbxuKP26kBL4RzkfZUFadZAfYb2VP/1g1TH/LA== Completed in 18ms
4598 timing metavuln:calculate:security-advisory:bfj:06NGFWwaXMLoVpjmWx85uziQ4b4vr8HIZact6AC7LfrnIDv5TPrN5W2gQiGeTWi1tczq4mc+pQNrr2O1+LBTrw== Completed in 333ms
4599 timing metavuln:cache:get:security-advisory:@testing-library/jest-dom:QZTSz4BRcPA0XyUMfz0u8WrUNgjmHW7ztEJKdqwMyBJL6pwV0/sHZEGRfccMuCBjkhvp2frdNYGyEjsALV5bJA== Completed in 11ms
4600 timing metavuln:cache:get:security-advisory:eslint-plugin-flowtype:/3dFQ/SAsuO6Y+cw+WrqGqSDFkWw1udjaaDiZ67K7HNxr10DLPLk/fmLyVHre0d5/ILbzUuZkZYCvFtdmb8KVQ== Completed in 10ms
4601 timing metavuln:cache:get:security-advisory:html-webpack-plugin:NaDb+MHAzut1WP2NyyQ/yiNOCHqpoQDQUwlHaiS6G2moCPvLZR6u/KAHOJAQcCHNBiIxzmPRRUV3/f+5vjVr+w== Completed in 9ms
4602 timing metavuln:cache:get:security-advisory:pretty-error:QCXRZcfqOHaNwqWaQdcNG6jwQGbwnj8qJbwssiRV7rxW8IG0wLMtSn2BwG7l1MBTbDk7UCj+6Ejr3Y37AJQivA== Completed in 8ms
4603 timing metavuln:cache:get:security-advisory:renderkid:LR7NZ3RE24sGslPAMROkBM+eISVVg/Q0UzOL2yBhzum3tEyXY+mM4ehJpDIQoKoLJ0DCyFLz5hqvwqTK1tgbZw== Completed in 7ms
4604 timing metavuln:cache:get:security-advisory:whatwg-url:5RnUeLnlnNbKha655BLvObYZELeDQnP7m73FS7iBVKcaByQo28+MXkUpJmf0Vetu+ie7fgMHlPSzwOK1WKrTyg== Completed in 6ms
4605 timing metavuln:cache:get:security-advisory:workbox-build:1QbBhWMbuLJj1mAZkIDrToBu1oWaLdyYvi+aTUtkHjoUtQdipuOatnRo5VmNSDzxd/JjrSj+O+7GcHYQSj6p9w== Completed in 4ms
4606 timing metavuln:load:security-advisory:workbox-build:OGNA5lR8rR8aeucWHqvJLBV5oaroI/lF2JfG9J2l63dx9uiGUyHuI4ymC6nv+dqWwxtqCIMcqBukiWYEiF5/RQ== Completed in 6ms
4607 timing metavuln:cache:put:security-advisory:workbox-build:1QbBhWMbuLJj1mAZkIDrToBu1oWaLdyYvi+aTUtkHjoUtQdipuOatnRo5VmNSDzxd/JjrSj+O+7GcHYQSj6p9w== Completed in 91ms
4608 timing metavuln:calculate:security-advisory:workbox-build:OGNA5lR8rR8aeucWHqvJLBV5oaroI/lF2JfG9J2l63dx9uiGUyHuI4ymC6nv+dqWwxtqCIMcqBukiWYEiF5/RQ== Completed in 101ms
4609 http fetch GET 200 https://registry.npmjs.org/pretty-error 120ms (cache miss)
4610 timing metavuln:packument:pretty-error Completed in 121ms
4611 timing metavuln:load:security-advisory:pretty-error:OGNA5lR8rR8aeucWHqvJLBV5oaroI/lF2JfG9J2l63dx9uiGUyHuI4ymC6nv+dqWwxtqCIMcqBukiWYEiF5/RQ== Completed in 0ms
4612 http fetch GET 200 https://registry.npmjs.org/renderkid 123ms (cache miss)
4613 timing metavuln:packument:renderkid Completed in 125ms
4614 timing metavuln:load:security-advisory:renderkid:OGNA5lR8rR8aeucWHqvJLBV5oaroI/lF2JfG9J2l63dx9uiGUyHuI4ymC6nv+dqWwxtqCIMcqBukiWYEiF5/RQ== Completed in 2ms
4615 http fetch GET 200 https://registry.npmjs.org/whatwg-url 127ms (cache miss)
4616 timing metavuln:packument:whatwg-url Completed in 129ms
4617 timing metavuln:load:security-advisory:whatwg-url:OGNA5lR8rR8aeucWHqvJLBV5oaroI/lF2JfG9J2l63dx9uiGUyHuI4ymC6nv+dqWwxtqCIMcqBukiWYEiF5/RQ== Completed in 2ms
4618 http fetch GET 200 https://registry.npmjs.org/@testing-library%2fjest-dom 149ms (cache miss)
4619 timing metavuln:packument:@testing-library/jest-dom Completed in 153ms
4620 timing metavuln:load:security-advisory:@testing-library/jest-dom:OGNA5lR8rR8aeucWHqvJLBV5oaroI/lF2JfG9J2l63dx9uiGUyHuI4ymC6nv+dqWwxtqCIMcqBukiWYEiF5/RQ== Completed in 2ms
4621 timing metavuln:cache:put:security-advisory:pretty-error:QCXRZcfqOHaNwqWaQdcNG6jwQGbwnj8qJbwssiRV7rxW8IG0wLMtSn2BwG7l1MBTbDk7UCj+6Ejr3Y37AJQivA== Completed in 50ms
4622 timing metavuln:calculate:security-advisory:pretty-error:OGNA5lR8rR8aeucWHqvJLBV5oaroI/lF2JfG9J2l63dx9uiGUyHuI4ymC6nv+dqWwxtqCIMcqBukiWYEiF5/RQ== Completed in 171ms
4623 timing metavuln:cache:put:security-advisory:renderkid:LR7NZ3RE24sGslPAMROkBM+eISVVg/Q0UzOL2yBhzum3tEyXY+mM4ehJpDIQoKoLJ0DCyFLz5hqvwqTK1tgbZw== Completed in 50ms
4624 timing metavuln:calculate:security-advisory:renderkid:OGNA5lR8rR8aeucWHqvJLBV5oaroI/lF2JfG9J2l63dx9uiGUyHuI4ymC6nv+dqWwxtqCIMcqBukiWYEiF5/RQ== Completed in 177ms
4625 timing metavuln:cache:put:security-advisory:whatwg-url:5RnUeLnlnNbKha655BLvObYZELeDQnP7m73FS7iBVKcaByQo28+MXkUpJmf0Vetu+ie7fgMHlPSzwOK1WKrTyg== Completed in 50ms
4626 timing metavuln:calculate:security-advisory:whatwg-url:OGNA5lR8rR8aeucWHqvJLBV5oaroI/lF2JfG9J2l63dx9uiGUyHuI4ymC6nv+dqWwxtqCIMcqBukiWYEiF5/RQ== Completed in 183ms
4627 http fetch GET 200 https://registry.npmjs.org/eslint-plugin-flowtype 189ms (cache miss)
4628 timing metavuln:packument:eslint-plugin-flowtype Completed in 193ms
4629 timing metavuln:load:security-advisory:eslint-plugin-flowtype:OGNA5lR8rR8aeucWHqvJLBV5oaroI/lF2JfG9J2l63dx9uiGUyHuI4ymC6nv+dqWwxtqCIMcqBukiWYEiF5/RQ== Completed in 5ms
4630 http fetch GET 200 https://registry.npmjs.org/html-webpack-plugin 203ms (cache miss)
4631 timing metavuln:packument:html-webpack-plugin Completed in 207ms
4632 timing metavuln:load:security-advisory:html-webpack-plugin:OGNA5lR8rR8aeucWHqvJLBV5oaroI/lF2JfG9J2l63dx9uiGUyHuI4ymC6nv+dqWwxtqCIMcqBukiWYEiF5/RQ== Completed in 6ms
4633 timing metavuln:cache:put:security-advisory:@testing-library/jest-dom:QZTSz4BRcPA0XyUMfz0u8WrUNgjmHW7ztEJKdqwMyBJL6pwV0/sHZEGRfccMuCBjkhvp2frdNYGyEjsALV5bJA== Completed in 64ms
4634 timing metavuln:calculate:security-advisory:@testing-library/jest-dom:OGNA5lR8rR8aeucWHqvJLBV5oaroI/lF2JfG9J2l63dx9uiGUyHuI4ymC6nv+dqWwxtqCIMcqBukiWYEiF5/RQ== Completed in 219ms
4635 timing metavuln:cache:put:security-advisory:eslint-plugin-flowtype:/3dFQ/SAsuO6Y+cw+WrqGqSDFkWw1udjaaDiZ67K7HNxr10DLPLk/fmLyVHre0d5/ILbzUuZkZYCvFtdmb8KVQ== Completed in 40ms
4636 timing metavuln:calculate:security-advisory:eslint-plugin-flowtype:OGNA5lR8rR8aeucWHqvJLBV5oaroI/lF2JfG9J2l63dx9uiGUyHuI4ymC6nv+dqWwxtqCIMcqBukiWYEiF5/RQ== Completed in 238ms
4637 timing metavuln:cache:put:security-advisory:html-webpack-plugin:NaDb+MHAzut1WP2NyyQ/yiNOCHqpoQDQUwlHaiS6G2moCPvLZR6u/KAHOJAQcCHNBiIxzmPRRUV3/f+5vjVr+w== Completed in 30ms
4638 timing metavuln:calculate:security-advisory:html-webpack-plugin:OGNA5lR8rR8aeucWHqvJLBV5oaroI/lF2JfG9J2l63dx9uiGUyHuI4ymC6nv+dqWwxtqCIMcqBukiWYEiF5/RQ== Completed in 243ms
4639 timing metavuln:cache:get:security-advisory:selfsigned:fVP/lABn7J0k8zoKCCzcuj4sHtLaKbVwlpsYRIPGW2YeYpPV4DXkU3BG5VClJnuUF3oXr+rgI0V5xsfx/+jESg== Completed in 2ms
4640 http fetch GET 200 https://registry.npmjs.org/selfsigned 268ms (cache miss)
4641 timing metavuln:packument:selfsigned Completed in 270ms
4642 timing metavuln:load:security-advisory:selfsigned:h2Y2QOvu7PmQIHUVvHow3nG5n5h8bB9ZcjcQZptxDXAV3qwUST237segpfeOslJxLYLLiVSCGAdsyjUnCx0Eng== Completed in 4ms
4643 timing metavuln:cache:put:security-advisory:selfsigned:fVP/lABn7J0k8zoKCCzcuj4sHtLaKbVwlpsYRIPGW2YeYpPV4DXkU3BG5VClJnuUF3oXr+rgI0V5xsfx/+jESg== Completed in 22ms
4644 timing metavuln:calculate:security-advisory:selfsigned:h2Y2QOvu7PmQIHUVvHow3nG5n5h8bB9ZcjcQZptxDXAV3qwUST237segpfeOslJxLYLLiVSCGAdsyjUnCx0Eng== Completed in 296ms
4645 timing metavuln:cache:get:security-advisory:css-select:SLFoDCntvPIX7nfh4g/iCe2/KeoLVy5CIo+Vtscwot4QJeqx55N/LgyavNwRLdiV5D/6y18tMpVEodIgf/9HMA== Completed in 4ms
4646 http fetch GET 200 https://registry.npmjs.org/css-select 77ms (cache miss)
4647 timing metavuln:packument:css-select Completed in 78ms
4648 timing metavuln:load:security-advisory:css-select:u9kIbs88jjqPq0zHVBinwei/KZ5GCRRfUp85vuDQlT/Si01qI5XVVQOSRujFCbyFsnHqETob3CApPmYQZ74K2A== Completed in 1ms
4649 timing metavuln:cache:put:security-advisory:css-select:SLFoDCntvPIX7nfh4g/iCe2/KeoLVy5CIo+Vtscwot4QJeqx55N/LgyavNwRLdiV5D/6y18tMpVEodIgf/9HMA== Completed in 11ms
4650 timing metavuln:calculate:security-advisory:css-select:u9kIbs88jjqPq0zHVBinwei/KZ5GCRRfUp85vuDQlT/Si01qI5XVVQOSRujFCbyFsnHqETob3CApPmYQZ74K2A== Completed in 90ms
4651 timing metavuln:cache:get:security-advisory:compression:Huq7c89JK5BXQcE9DZw0MVDcGPHN59cP1la7rvM59DJxEu0MH2iAL2+Yj4XsVSVjaYaIYS5B6aMuaX1/Fn1QVQ== Completed in 1ms
4652 http fetch GET 200 https://registry.npmjs.org/compression 82ms (cache miss)
4653 timing metavuln:packument:compression Completed in 82ms
4654 timing metavuln:load:security-advisory:compression:O+Ys/f4bZubU3jA9Sqz4HIIJaATwc83W201O653Eo/4y8FTwrgSc3mrXs4p8n7svj0OzipJYTBXXWJCgp81mSQ== Completed in 1ms
4655 timing metavuln:cache:put:security-advisory:compression:Huq7c89JK5BXQcE9DZw0MVDcGPHN59cP1la7rvM59DJxEu0MH2iAL2+Yj4XsVSVjaYaIYS5B6aMuaX1/Fn1QVQ== Completed in 9ms
4656 timing metavuln:calculate:security-advisory:compression:O+Ys/f4bZubU3jA9Sqz4HIIJaATwc83W201O653Eo/4y8FTwrgSc3mrXs4p8n7svj0OzipJYTBXXWJCgp81mSQ== Completed in 92ms
4657 timing metavuln:cache:get:security-advisory:express:jDqZejHDGpsT112hJSvxQQ1A0teFqovvvxTAeepcEiijEn1yTlMMVXhcCJwTipS1Zn3FowB9Nv2mk4kUNVslIw== Completed in 5ms
4658 http fetch GET 200 https://registry.npmjs.org/express 149ms (cache miss)
4659 timing metavuln:packument:express Completed in 152ms
4660 timing metavuln:load:security-advisory:express:MgjHwCEvzlLz9p6+Yk8DdZLdAuprFRwJM/BcLFKUnsW5C1PzGCjbdvhfzdrEOsmCJB7eOyV5TvQe+zy4C++sJQ== Completed in 6ms
4661 timing metavuln:cache:put:security-advisory:express:jDqZejHDGpsT112hJSvxQQ1A0teFqovvvxTAeepcEiijEn1yTlMMVXhcCJwTipS1Zn3FowB9Nv2mk4kUNVslIw== Completed in 9ms
4662 timing metavuln:calculate:security-advisory:express:MgjHwCEvzlLz9p6+Yk8DdZLdAuprFRwJM/BcLFKUnsW5C1PzGCjbdvhfzdrEOsmCJB7eOyV5TvQe+zy4C++sJQ== Completed in 168ms
4663 timing metavuln:cache:get:security-advisory:@rollup/pluginutils:V7U+loGFP+HcRiyGuVHRllfX0p79jK+/16JfUi4CNSPIwEX1sEmrtjQNlXLi8xRc+kfvqXygP3hfdN5n1QHFVQ== Completed in 4ms
4664 timing metavuln:cache:get:security-advisory:anymatch:Nfla9E9Lgs+mqMt1dA/8UaXdCl7sXuZQsKzxwmqxeyDZbX+CRdcfKSFFgjhZ/F0BJR9geE1mRVv3h/ODZoo63g== Completed in 3ms
4665 timing metavuln:cache:get:security-advisory:jest-util:KGKm1hRPkMsSUasN2N6Z4GOHO8fGbGKIZEcikjWe+ZJ1RAIPIVxN9cUA65sJrFgXSWWgIhEnMkk8RB6TBUus9A== Completed in 3ms
4666 timing metavuln:cache:get:security-advisory:micromatch:Gfx2SOQRY3jP5uv6bFlh3nIPxMXsxdnbcyF/xURx+dAnDK2wtpAvWYKdTiFWGD3MlWR/x1stzjO6SjznwiVonw== Completed in 2ms
4667 timing metavuln:cache:get:security-advisory:readdirp:O7WXRupQt48LJyZ17mA/uSHYfhYyK7sMYMihjKrTsH3mKxobKArK3CCtifRFqfhAMZFOU4AsOtouYzz86OtBxQ== Completed in 2ms
4668 http fetch GET 200 https://registry.npmjs.org/es-abstract/-/es-abstract-1.23.9.tgz 14765ms (cache miss)
4669 timing reifyNode:node_modules/es-abstract Completed in 15839ms
4670 http fetch GET 200 https://registry.npmjs.org/readdirp 42ms (cache miss)
4671 timing metavuln:packument:readdirp Completed in 43ms
4672 timing metavuln:load:security-advisory:readdirp:GSQ5ghUF1JWDKMssoydWDVRebjlPePRwktLhrdWzXCq5xeBXdo4Cm9HGHnH2b6P1Nq93YjwPmimVjAx6kge32A== Completed in 1ms
4673 timing metavuln:cache:put:security-advisory:readdirp:O7WXRupQt48LJyZ17mA/uSHYfhYyK7sMYMihjKrTsH3mKxobKArK3CCtifRFqfhAMZFOU4AsOtouYzz86OtBxQ== Completed in 9ms
4674 timing metavuln:calculate:security-advisory:readdirp:GSQ5ghUF1JWDKMssoydWDVRebjlPePRwktLhrdWzXCq5xeBXdo4Cm9HGHnH2b6P1Nq93YjwPmimVjAx6kge32A== Completed in 53ms
4675 http fetch GET 200 https://registry.npmjs.org/micromatch 55ms (cache miss)
4676 timing metavuln:packument:micromatch Completed in 56ms
4677 timing metavuln:load:security-advisory:micromatch:GSQ5ghUF1JWDKMssoydWDVRebjlPePRwktLhrdWzXCq5xeBXdo4Cm9HGHnH2b6P1Nq93YjwPmimVjAx6kge32A== Completed in 0ms
4678 timing metavuln:cache:put:security-advisory:micromatch:Gfx2SOQRY3jP5uv6bFlh3nIPxMXsxdnbcyF/xURx+dAnDK2wtpAvWYKdTiFWGD3MlWR/x1stzjO6SjznwiVonw== Completed in 12ms
4679 timing metavuln:calculate:security-advisory:micromatch:GSQ5ghUF1JWDKMssoydWDVRebjlPePRwktLhrdWzXCq5xeBXdo4Cm9HGHnH2b6P1Nq93YjwPmimVjAx6kge32A== Completed in 68ms
4680 http fetch GET 200 https://registry.npmjs.org/jest-util 89ms (cache miss)
4681 timing metavuln:packument:jest-util Completed in 92ms
4682 timing metavuln:load:security-advisory:jest-util:GSQ5ghUF1JWDKMssoydWDVRebjlPePRwktLhrdWzXCq5xeBXdo4Cm9HGHnH2b6P1Nq93YjwPmimVjAx6kge32A== Completed in 2ms
4683 timing metavuln:cache:put:security-advisory:jest-util:KGKm1hRPkMsSUasN2N6Z4GOHO8fGbGKIZEcikjWe+ZJ1RAIPIVxN9cUA65sJrFgXSWWgIhEnMkk8RB6TBUus9A== Completed in 6ms
4684 timing metavuln:calculate:security-advisory:jest-util:GSQ5ghUF1JWDKMssoydWDVRebjlPePRwktLhrdWzXCq5xeBXdo4Cm9HGHnH2b6P1Nq93YjwPmimVjAx6kge32A== Completed in 101ms
4685 http fetch GET 200 https://registry.npmjs.org/anymatch 208ms (cache miss)
4686 timing metavuln:packument:anymatch Completed in 208ms
4687 timing metavuln:load:security-advisory:anymatch:GSQ5ghUF1JWDKMssoydWDVRebjlPePRwktLhrdWzXCq5xeBXdo4Cm9HGHnH2b6P1Nq93YjwPmimVjAx6kge32A== Completed in 1ms
4688 timing metavuln:cache:put:security-advisory:anymatch:Nfla9E9Lgs+mqMt1dA/8UaXdCl7sXuZQsKzxwmqxeyDZbX+CRdcfKSFFgjhZ/F0BJR9geE1mRVv3h/ODZoo63g== Completed in 5ms
4689 timing metavuln:calculate:security-advisory:anymatch:GSQ5ghUF1JWDKMssoydWDVRebjlPePRwktLhrdWzXCq5xeBXdo4Cm9HGHnH2b6P1Nq93YjwPmimVjAx6kge32A== Completed in 214ms
4690 http fetch GET 200 https://registry.npmjs.org/@rollup%2fpluginutils 249ms (cache miss)
4691 timing metavuln:packument:@rollup/pluginutils Completed in 251ms
4692 timing metavuln:load:security-advisory:@rollup/pluginutils:GSQ5ghUF1JWDKMssoydWDVRebjlPePRwktLhrdWzXCq5xeBXdo4Cm9HGHnH2b6P1Nq93YjwPmimVjAx6kge32A== Completed in 0ms
4693 timing metavuln:cache:put:security-advisory:@rollup/pluginutils:V7U+loGFP+HcRiyGuVHRllfX0p79jK+/16JfUi4CNSPIwEX1sEmrtjQNlXLi8xRc+kfvqXygP3hfdN5n1QHFVQ== Completed in 6ms
4694 timing metavuln:calculate:security-advisory:@rollup/pluginutils:GSQ5ghUF1JWDKMssoydWDVRebjlPePRwktLhrdWzXCq5xeBXdo4Cm9HGHnH2b6P1Nq93YjwPmimVjAx6kge32A== Completed in 257ms
4695 timing metavuln:cache:get:security-advisory:resolve-url-loader:S39XmxbppZe2nbvhpOm/FbCIvpvN83PMDprIvl5s2+Tf+1c/WpXmtRkih7Vbk68CtSIhUfvZwG4CbuOyJ6kjfA== Completed in 1ms
4696 http fetch GET 200 https://registry.npmjs.org/resolve-url-loader 68ms (cache miss)
4697 timing metavuln:packument:resolve-url-loader Completed in 68ms
4698 timing metavuln:load:security-advisory:resolve-url-loader:pZ69Xb3tfNSOA/KlJDj+8Cx7G0j59bY38zmapGNdCJ0u5VdynmLT/0MdsmZxOtDHZyb9hFEUJ8quNSnDMJvqRA== Completed in 5ms
4699 timing metavuln:cache:put:security-advisory:resolve-url-loader:S39XmxbppZe2nbvhpOm/FbCIvpvN83PMDprIvl5s2+Tf+1c/WpXmtRkih7Vbk68CtSIhUfvZwG4CbuOyJ6kjfA== Completed in 8ms
4700 timing metavuln:calculate:security-advisory:resolve-url-loader:pZ69Xb3tfNSOA/KlJDj+8Cx7G0j59bY38zmapGNdCJ0u5VdynmLT/0MdsmZxOtDHZyb9hFEUJ8quNSnDMJvqRA== Completed in 81ms
4701 timing metavuln:cache:get:security-advisory:@csstools/postcss-cascade-layers:kN6C/GjBAtUJ6sKMtjOlKgsO6xVTpqzucsq+PgjcbNaARt8z6eQ+WmtMEG80WLmCnXBkG+BzLL5sbCvMyogWuQ== Completed in 53ms
4702 timing metavuln:cache:get:security-advisory:@csstools/postcss-color-function:b/90BpBfNiFBbmjVHYxfFw9LbvS8mGppevcTZml/wmXt5v5jBxcgetFhY+RMGxdaGm5bYECphNXBhx1GGlbbeQ== Completed in 52ms
4703 timing metavuln:cache:get:security-advisory:@csstools/postcss-font-format-keywords:RZDd9k0TTEIH6rntT/cx9UJTQbALlGik1sNzLQe0WGY4qP1mM6/JqWTsdaGmks5d9dhyvLbOLPdDqUFyq46j2w== Completed in 51ms
4704 timing metavuln:cache:get:security-advisory:@csstools/postcss-hwb-function:+ET+4XIkPoyDNZc3s0PSxRqvFfmBwerRBGwOfN5VvU0YOl+qzKldvXbpgyBLIR/0WpWGTr9sURsCr+FjKU2PWg== Completed in 51ms
4705 timing metavuln:cache:get:security-advisory:@csstools/postcss-ic-unit:c1AjerhB/BokBZdiEJ4X8yvaEH/ZnyyEOVaqrI/LvwNJJrGupIebOqo2L9mAkbx6NiMsfh62V21woF3Ske2YHA== Completed in 51ms
4706 timing metavuln:cache:get:security-advisory:@csstools/postcss-is-pseudo-class:r+qJssvs/6MGj3iUva18sTlI5TD7Gc2RruLAGxyoQaBqUoj2gOz2gmXd7i9SBG/fUiWXQPiI6uI8yYHVRnl5wQ== Completed in 50ms
4707 timing metavuln:cache:get:security-advisory:@csstools/postcss-nested-calc:ROPfCR2kf1wgdGXcmBAhMVI4cAWsHFMH0KPIWXKhXGZoMdInN1hNNkd0qMEXo/A4uLSrA7zFx8YFFFn+J6w0zA== Completed in 50ms
4708 timing metavuln:cache:get:security-advisory:@csstools/postcss-normalize-display-values:GIl/yGkELA9/GprdIcqYLt7Wks5Zqwz491oXvINKJCn7u2KB4jcqQ8pH9Ba1wi5TJHpSjiuKbqVJh/xFhjhoqw== Completed in 49ms
4709 timing metavuln:cache:get:security-advisory:@csstools/postcss-oklab-function:iCne5LKhvrNeHhHIKs3bY7xrGisBw1rb/T0fjRkSb8r5w17wEDRpYTnNi8n9IpO5UDuprMDWcpnLd5g5hhZNrg== Completed in 49ms
4710 timing metavuln:cache:get:security-advisory:@csstools/postcss-progressive-custom-properties:NYDlobxQsEwQTibbUTaiDT+qDvxD4fvB/n3LlPXiuCk13f3xKiX1hD2heOf6pO5g0TKoLQ3MN3Brk0zJJjNCZA== Completed in 49ms
4711 timing metavuln:cache:get:security-advisory:@csstools/postcss-stepped-value-functions:4Os8gX5VvoW7/oT8ErEdDvFOJA5su+rVEbFqrxRWJXLuupAn9jdPldlwUgSqmuqsx6QMUPv/b34OO4KpYbscew== Completed in 48ms
4712 timing metavuln:cache:get:security-advisory:@csstools/postcss-text-decoration-shorthand:nsN0AGYeuYTUirPZZxqeQlPPxiGhZfmPnU3ZJwMNeRlAZe8tdSYs9D00soPXopM0dxJGKDa9X9InR7y/Gq10OQ== Completed in 48ms
4713 timing metavuln:cache:get:security-advisory:@csstools/postcss-trigonometric-functions:rCepzlswZgtqd0pdcC5MWKkYrMECn+QqqI4gcByrmMjtQRbQQyjylRCajQw+9uI0/tH/nmG8N3JsGKvXmCRmag== Completed in 47ms
4714 timing metavuln:cache:get:security-advisory:@csstools/postcss-unset-value:tlh/E3LyhAh+MYLAyAOTtgbDDrDcQhBWUkbvrXBXimHjWOiKrfWSQ1Ia6Z1z0fzzcSNgz0mxpk+rEkmCdyeS5g== Completed in 48ms
4715 timing metavuln:cache:get:security-advisory:autoprefixer:yT3RLRzpqVXHvXa6BkK43fAGS4IGkeecW1BJDZRyYWr3Wl0dDxpVreu5/UOQDMGuiJeMQHp2FkAc48F7ccX2OA== Completed in 48ms
4716 timing metavuln:cache:get:security-advisory:css-blank-pseudo:GhfatBNA7EGkMfMi9PORj5pRep/uJhD0olsRULRAGswFO+Z6Sm2icbVC7j4GpRX5/OYDznufap8rygRA/y3hXA== Completed in 47ms
4717 timing metavuln:cache:get:security-advisory:css-declaration-sorter:DbKsXFTnbOIqZ4Qal2XvgITRN/T/PSQaEgS9C0Prw2iyvx51ZhXQRw9mtxMzQEd9bCNbiCQ7H9LS0JG3KtaJMg== Completed in 47ms
4718 timing metavuln:cache:get:security-advisory:css-has-pseudo:2Ow9E0P58yBrQpQrz45ej0Pjy//ZgKYdM/QvyiARChDOxuj1Hk+QvRjCYG+1QRmOT9edXHSjrYWw6fC/ZGFfgQ== Completed in 47ms
4719 timing metavuln:cache:get:security-advisory:css-loader:gR1N396DTnpykqtHUzx2bP4E8geZAyKlki5bOIphxnORSdKRLKigADnTWrtv2ooWzRB0McV7Dqd0eCcGModYVQ== Completed in 46ms
4720 timing metavuln:cache:get:security-advisory:css-minimizer-webpack-plugin:3OaZh2BDs3kLE8rfgwe+KdGRB1XnQJ+xkut92H2SkBfVFz/wRfcMKg1aYR9YVrdsMj0ehsHdH57Kn9zp/rRgQg== Completed in 46ms
4721 timing metavuln:cache:get:security-advisory:css-prefers-color-scheme:qOUTyQzwcIfc5VpM/kNRfmDwDS8FryX5bd6Y4BglynxFo0GCjfqvLmEkBTVKNWhvxvyXfIAGeWuXmVbVSrALwQ== Completed in 45ms
4722 timing metavuln:cache:get:security-advisory:cssnano:zD72djLmLBGc+ei+4AuLhHkje1xTjNb+s6cc0hvEJ2mVwSj9Z7FW7jYvud1cqVoXLDybXs1lz4SuYhFlpN/1BA== Completed in 45ms
4723 timing metavuln:cache:get:security-advisory:cssnano-preset-default:cMV+TE6ervXqeTh+WyauUkXbLmmRLpM2+NTOQkgfSoDdiXeZTo/nUgQujxc0lFYrpPNMPbcP0nVDIibqz5z6bA== Completed in 45ms
4724 timing metavuln:cache:get:security-advisory:cssnano-utils:ewClygBzFyeyvyVol5UZ9l40rdPGNRbOiOBTf8usbNXD3kcTm7M4wN5fzVorQrcPUA/E/1uyXxWGVZKxUqiszQ== Completed in 44ms
4725 timing metavuln:cache:get:security-advisory:icss-utils:WdRXxjFePQqEm1GmdeyUnxBbgN/TR9u3JfBEB4t/vnGSJaGhibbJanI6rsm+7dbUnIhACwM58cmwGwSW7tlh/Q== Completed in 44ms
4726 timing metavuln:cache:get:security-advisory:postcss-attribute-case-insensitive:bIFys0mni/Pd6ax6rT/pYQcBF+JsMrsVSGi3qkO7EvPvLnV0ig1rQC9dEMte7t1T4qFOixYELo0QtBt6uDUgig== Completed in 43ms
4727 timing metavuln:cache:get:security-advisory:postcss-browser-comments:oH7qdVlYUdQF08wpwONBWCV+slL25SKnEml/XtPVBDWDWL1nPE/+INZ45IKAZ43voAw7m+kukwFFo7luvI9nVg== Completed in 43ms
4728 timing metavuln:cache:get:security-advisory:postcss-calc:vkgkXYgP2VKt3/eX0fMW3b3RO0c5R/C8P9XReG0EQbfGl7WSC5wtujV+g7/UU9hTREopy7C0AwhS9YaRifuZ1A== Completed in 43ms
4729 timing metavuln:cache:get:security-advisory:postcss-clamp:iblSnH7uWuV2XCk1AeyI9SCqRJYy+3dZFWkmhwa99hTErX72kQ4XHsSmcuSTFiK6+aVb5KBS2jb2tPBJQboWLg== Completed in 42ms
4730 timing metavuln:cache:get:security-advisory:postcss-color-functional-notation:VE+UPR9XCTylNHWxE4/MF2C+yAedYMokiWY1/QLJ5hKdU2npYTidH3B7E2gw0p0RXu7+g8iymNe1qleTxmITwQ== Completed in 42ms
4731 timing metavuln:cache:get:security-advisory:postcss-color-hex-alpha:RKbKlxREP4oLFckIb62ZrQKYpCROkZcZCnLp4wKNlnLfdLHhGA3kmT88P7OKwhy4ptGoMRs8U3slwcOlc8CZjw== Completed in 42ms
4732 timing metavuln:cache:get:security-advisory:postcss-color-rebeccapurple:Iv5VrHdPELTsrAH0BPc9KGP8erSdu0Ytbwh6lESRGjG13n+XLFOBp65pMfIEMII4Xi3JoeWv0c36mOPwNsW8BA== Completed in 41ms
4733 timing metavuln:cache:get:security-advisory:postcss-colormin:bi05Jsaf5huh8BpPDd7xk8fwK0oGllA9dW6mxOZ4D6aU9D8itZJnS4+7+0U636ImfhlzQfzOAZyrAXlHwws9aQ== Completed in 41ms
4734 timing metavuln:cache:get:security-advisory:postcss-convert-values:1hTaN2SLyCqvylvNr4lemq/Sb9nnSFmGAFziUYgVXCFNZtz/NV7WngrbpyMREOzQOFxY1A0Ov3YneeNHK286xw== Completed in 40ms
4735 timing metavuln:cache:get:security-advisory:postcss-custom-media:o69dEgIl4zp8TAO02D4EXOpN410k3TxMQBBNi+Jd+/I268YZcSLgyWiuHDd6+8NqX1U2cr7lsP773i87TNdV1A== Completed in 40ms
4736 timing metavuln:cache:get:security-advisory:postcss-custom-properties:fLDgpD7Wk1hZUnonGFAe7JcSf9czj8hNS0dY3UNqd7q78LMV9FSXnPU3GWqfAHrDlB1lHzD3Yovv6mMNQeecUQ== Completed in 40ms
4737 timing metavuln:cache:get:security-advisory:postcss-custom-selectors:A5XSZSPI0vCwrRMWy7u5Hmrq4EOJcDksx7RPeoZFZLA/YGSG9/MlPYBesvD7LfxLrkTTXJux5ENqHcoR4lCPxA== Completed in 39ms
4738 timing metavuln:cache:get:security-advisory:postcss-dir-pseudo-class:a8SDUr1oF/8dxFOHwbeuYOLrRnR1wLegZQVBKiTrp3uYi6KW5eIXC1XOiByFlrSq5ouAztJdi6/JV+KflHWjKQ== Completed in 40ms
4739 timing metavuln:cache:get:security-advisory:postcss-discard-comments:cP+QEoBx9ijmy5c1OTIUyV8cXtWNbP5SiLSd8CrASyvVA90nuPz7On3Z8M96RLjMgqnmnuK36VYn+GZw3dbF9A== Completed in 40ms
4740 timing metavuln:cache:get:security-advisory:postcss-discard-duplicates:mftW3DG4+ojceT/QZB+Hc5XrweKT1GugXIaX3JLxpIg+M7ieF20S71gINAjwNFAFyoHSfwUJyfdJBx6edaIY4w== Completed in 39ms
4741 timing metavuln:cache:get:security-advisory:postcss-discard-empty:Idt2Y2UTi70B+O9kdcqYpZAC24KILK2EFv8x44d+rUfmq8BHyXF+XQ4zuFyIJzkQoZSoqLW9p9eceSNkdYuKEQ== Completed in 39ms
4742 timing metavuln:cache:get:security-advisory:postcss-discard-overridden:acBnCkGEEdVd6xRS7Y/8QlPcK7tMP132iFDE0Ad8v5zMwi519R/tGNQhwZuHVtm5TGVtj/tJemjuEEHZyc2gZQ== Completed in 38ms
4743 timing metavuln:cache:get:security-advisory:postcss-double-position-gradients:y6G4Lj5afuQvrqymsqTuThh5y2c5Vd5paL7dgiZMFTYEilNwtZqNnR8tfeqxsOnr1ml4wrXfIfRVa+fBKxUdZw== Completed in 38ms
4744 timing metavuln:cache:get:security-advisory:postcss-env-function:XlKr+IAGofNBHUaGkGe/pNj1FtEC6FJLluWdRLszSbDUfEvz6xr3IGafhoG7ITmYo6leoR5p7dAB7Se1ePMv2w== Completed in 38ms
4745 timing metavuln:cache:get:security-advisory:postcss-flexbugs-fixes:Our2Lv/yGdD1Z7jzm6DndI0reC21CeebSy1AX9vtvaYtwcNOiDkgctyIv28Lj2SLrk7nB39L4HQIkgbq4eeJPA== Completed in 37ms
4746 timing metavuln:cache:get:security-advisory:postcss-focus-visible:mVFA140VhyXfNOMPdTdPx72oAzBAiLbDR15HofKviZQw5N7G2n1iAB8L+O6+KSAUfi6BiTfZWwSIc561WAH5CA== Completed in 37ms
4747 timing metavuln:cache:get:security-advisory:postcss-focus-within:/0cuhbEIeqyyE4QKuUtpaWvhTbjYdQCWPa9kOoC18RS4kcT4osHFn+M/RNrqN+yQhrOtu19Pt9lNUNrWGHem0w== Completed in 37ms
4748 timing metavuln:cache:get:security-advisory:postcss-font-variant:mkrHVZkSSyi0axAGqifa9VBFvpWFC6gq8xeevkoJoTN04gdki7yxy3rZB8IqeWShc/FO6nZcbQfD1J4mcmvhyw== Completed in 36ms
4749 timing metavuln:cache:get:security-advisory:postcss-gap-properties:WOYWbVSkGCv/uv66c2aDtgwM3ZqiTsREMYKrJXiMkc51ZtGy9tofbZpP5cDp6de/ZuD+tYDnYeYHGibrZcS/JA== Completed in 36ms
4750 timing metavuln:cache:get:security-advisory:postcss-image-set-function:6wAHs4azpn7VwEo7EZOaFKDbzDA5G5ZBpxMPrGBvZQZUnQXkVM6ZCnmOwaaX38/qbX4EEwfGcvbNYQjsscWtQg== Completed in 35ms
4751 timing metavuln:cache:get:security-advisory:postcss-import:VwOtlh0IEief3sJNT7YB6dWCFbrUSx8kyCkkQBGvgztZjufcSWUmNUdFxNrSSuBepUEeidxUn3nRzgJLMEjQGw== Completed in 35ms
4752 timing metavuln:cache:get:security-advisory:postcss-initial:LeL2Lrmcigh4o5GjxuYoZQm6ikWDGh5CIAuRYsF7Cc/d9lu3XhF9RgsSI4iwXSCcLIkrOPSYj1RGH2A6NbPkDw== Completed in 35ms
4753 timing metavuln:cache:get:security-advisory:postcss-js:7Dfa3WF0PqZkbUhxoAQjJlkgZdLuLp+fhJ3URm30MQcXmsnM0xU7R5N+3bgIodfXBSgD0HfwyzJ32xZgkHlaLw== Completed in 34ms
4754 timing metavuln:cache:get:security-advisory:postcss-lab-function:78hJUWNnt+5H9O22L8oQsYds7w/nHC7aRbhJqC0Xb0CGE6IYRDsml+ZtR3mcmEVpBnTJPOmIN4AYJNNb4KhvCw== Completed in 31ms
4755 timing metavuln:cache:get:security-advisory:postcss-load-config:FhXdA0fR1IrxHaZK3QtL/wev11dqh32g/R01sTwLFp0C+REMgRE0t1cm510C+M6iUo9KWFktfyTpp4X4qqA4og== Completed in 30ms
4756 timing metavuln:cache:get:security-advisory:postcss-loader:l9BA25/ejvuCBl+IvVZsH9JNMfX2qs+U1LcZzDlKtOoxBe8eHzHyIGj96SMIRn4zppHFRF/XKFcCYvxUVzeQ7g== Completed in 30ms
4757 timing metavuln:cache:get:security-advisory:postcss-logical:IhkgaqnF3+doNWxJQcJFVd8QJ0WuqJeXwD5UxLIZupkfp+vmww6jNgDAi+hUWAhWyd0UanV7ungRk4WY4SdgKg== Completed in 29ms
4758 timing metavuln:cache:get:security-advisory:postcss-media-minmax:qQyloIDoZRM3f8WgDZROaNGtBwVdZ12BJLvLmL9oM75v1s/Yy7sj3Any2lopvr/xaWeWtaJJbQFxUimPSQv9OQ== Completed in 29ms
4759 timing metavuln:cache:get:security-advisory:postcss-merge-longhand:QAhwqKeudEcRvGgZDQKhB330L6JNShVZ3lnROR9BfeRP11E7dM/x7T8ij9CjwncxIudKgRryTFbFcGAO/7Wfag== Completed in 28ms
4760 timing metavuln:cache:get:security-advisory:postcss-merge-rules:8GkrIU2NT5yzFLzGeWQnvoBc/Y+1zcIFJM3k1mI843x7QQC1elQKGpd/xuR8DCgaFDyksRFi8l7azddd/3YK7w== Completed in 28ms
4761 timing metavuln:cache:get:security-advisory:postcss-minify-font-values:VOEmQCTFy3YBSBqR/zVarL+QNqJSoP4Fo+7YkcpCpYwrtyiuARH7ZhGYn9eTsbIiRtTH4WSGTHXD4yxtVoSTEQ== Completed in 28ms
4762 timing metavuln:cache:get:security-advisory:postcss-minify-gradients:k24kUcI7VFSTmW8YVG5XHIwPfHsJ8pWSWhW14jqa2R7w6o3t4183TUjo5I1V0SC78cRP2cEmfoQQvTccore3rg== Completed in 27ms
4763 timing metavuln:cache:get:security-advisory:postcss-minify-params:x02B2k9TNqMB2euNendTYwMS257olihGn1Xw19HFHIQUULTdJhfjhnW4SmVKwCIw4mzss42P6wIBL3xEFZgiYg== Completed in 27ms
4764 timing metavuln:cache:get:security-advisory:postcss-minify-selectors:XYAroQh+8rvQjxptLx403+EWgTZCcXTX8dJT2dtfDIG5xSML27Qe1U6k7ZA/1STtCVPQzD7w9/2OtSD2pJ6w+g== Completed in 27ms
4765 timing metavuln:cache:get:security-advisory:postcss-modules-extract-imports:pO8adaVoFeIpeh6QK333I1nCbDg4nBxesCC+lYFOdYBQkunfbi3v22rvCst6i4GAROIURKXDeJwoCghggF75cw== Completed in 26ms
4766 timing metavuln:cache:get:security-advisory:postcss-modules-local-by-default:IoxeA9so2tiLbcQ0Ba2wfcMpOVMJaQc2Om8oaXwISH7qf7K4DX2JybvewEXwWRf4IaCCem6mSD6tFn2FRRP/qA== Completed in 26ms
4767 timing metavuln:cache:get:security-advisory:postcss-modules-scope:z+3PTeHIelVshhTe2Ovq0Y9wC3+Q0QfTrrJbv7XtO31Shr3eq9UViirIFZfVcs4XzMaFMlDmdBvR45D6ISwEqA== Completed in 26ms
4768 timing metavuln:cache:get:security-advisory:postcss-modules-values:KFmsl5u6hC2dp0QQ2Ksw2XQKCfRZ0q9cfRETuUxHJpoCBmS+N/n0FEVOS5+9bA4qU2zkg2VIwXbf6Z9u67Wxdg== Completed in 26ms
4769 timing metavuln:cache:get:security-advisory:postcss-nested:mCcKA8XFfvT6w6bGl6a7/k6RImZZVDi8KAjU+A8cPCNXq2a3dx9LcOsomm9MDeI53yVFAiyp53jHXE2ps3qhVQ== Completed in 26ms
4770 timing metavuln:cache:get:security-advisory:postcss-nesting:kgarDL2G2BdPZ4Hsriu39o/GYvQrqOKAx5hvSKdhVuJ/yoow1w8/L+ptSx7FtB86iJBY7PSMl9ccMokxbJYTGw== Completed in 25ms
4771 timing metavuln:cache:get:security-advisory:postcss-normalize:fvabTe6JJglKayjBvESeusXccyFUr3WDMLv8CgsQT7hfWlUBQSpIwC3z1VUlHrYPTIsxpwoS/PKjyO/sdi1AUA== Completed in 25ms
4772 timing metavuln:cache:get:security-advisory:postcss-normalize-charset:E3Du6EOlfHLpxoqiN2PSjybi0zLZpPDkjfS0wF1H6RTp1yWwrxhs8IwOfPKpT6iJ6CvbDEzB2eYYcKqGcZmV2Q== Completed in 24ms
4773 timing metavuln:cache:get:security-advisory:postcss-normalize-display-values:au0dPbeKabXAokoEcQeipDDJXrhkLYfjVFxGyPrIJimhl4Ca1306ss+C8jR6F1PsBBl6wV/w5+Sb8EfmfBk10w== Completed in 24ms
4774 timing metavuln:cache:get:security-advisory:postcss-normalize-positions:wud9B1ltjYuClr5tGR+CVd87LwxVkugS9/25w+MMuqRMDeCKZk+KyRTSZMcSzJaWzqWz2qeYmhYlIl/+EjLHFA== Completed in 24ms
4775 timing metavuln:cache:get:security-advisory:postcss-normalize-repeat-style:E2ww2IApidsxEYrO/e9/Kk7NMYVW5USclGJPtisu6YvoA+hvqTUgAXkWq+4D3zcpXHCRdt8Wlai7RexrbN8zGA== Completed in 23ms
4776 timing metavuln:cache:get:security-advisory:postcss-normalize-string:5/ZeUXaxqoWaw8YsGL1wObbNDQNmhwAGvbagWbVEVxcJdaHu3g4uzmOgp/riWiYa4kT1Is9dmwonPd5LRVXTow== Completed in 23ms
4777 timing metavuln:cache:get:security-advisory:postcss-normalize-timing-functions:E8wI8AThw4GozEIrQ9KZPuK65+E/qIA3gMcZHQaBU/Ok7kwugMi1AVPaTuMvmSlKPSSesY4jUM1Fo2GgNDGZBA== Completed in 18ms
4778 timing metavuln:cache:get:security-advisory:postcss-normalize-unicode:DxhkA49buGqCkc6pIBr+AykEL9tvKGYfJGjHX8VJyE4dEg3DOz+wz3BFB4czvS1XgQJqwoTb5l/1g3XzW3zDKA== Completed in 18ms
4779 timing metavuln:cache:get:security-advisory:postcss-normalize-url:MZz0iug/tsqpSw2XqEvOAQqQ1fS3uP0Ftab5KTFCHWYh3VYPJ/cXImBdm8V+6vE4zgcMlJr917eNRnt5qWsPrg== Completed in 17ms
4780 timing metavuln:cache:get:security-advisory:postcss-normalize-whitespace:yARv5yXxFDFT8EXykpHIhbUsT41HmbBS83R1zOCqhix37aGGenSRTA2WPqxBt9IIMHDoCGF2VaIPCeyCKaXy5Q== Completed in 17ms
4781 timing metavuln:cache:get:security-advisory:postcss-opacity-percentage:OnxAN6XRBh+pNsglBdrR9ekdMO/9QX/Vekmd76vrkMtoFiHJr2PoWvobctyJ5enY+pBwXSn+R1XsH9ANUgAHPQ== Completed in 16ms
4782 timing metavuln:cache:get:security-advisory:postcss-ordered-values:G9H+XVSmIBGHDIS8Gtj1l8RI7H5y6KOSkhGeRWlgbSx2xTKm5lK2FeV3GzDOqHkNueSu14R0hn4VRNDiTksEQA== Completed in 16ms
4783 timing metavuln:cache:get:security-advisory:postcss-overflow-shorthand:Brnq+clx4tpI6GWyGYa+LMHHn0ruFihegfcsPbAwWeF8Ks+xP+rTJeN8wESLMPCDaQ/lsiFmFpB7UpBD6ri5sw== Completed in 16ms
4784 timing metavuln:cache:get:security-advisory:postcss-page-break:5FaWVO+jkz3WC0W0KfjbfavhqumW2pfsL+YbL5T6ASrTGvLi/rSxGcC4Y4YX1riYSMm5kJxatzeSOl+8JVjFaw== Completed in 15ms
4785 timing metavuln:cache:get:security-advisory:postcss-place:xodRyWsjBw5G9XJCh2AnVKalsz4TcGK+X9eqJ9hCCMss9WaM1gXrfl4hOwPkJPn5Z57KiB6UVdhFl0+YtJkAJA== Completed in 15ms
4786 timing metavuln:cache:get:security-advisory:postcss-preset-env:GZUcWFY7cvkZtnmCuh3NgctrgeIZlM7X0w+6sHtYY+PKZoNllkC68F2CO+T7L+diFSZyZ8S5VJvpwCVDRE8Rtw== Completed in 15ms
4787 timing metavuln:cache:get:security-advisory:postcss-pseudo-class-any-link:3zKX3Ph+Yw6Aaoy5dSHU44twYD1mXuWrdF3Mkm7CqQ8FDKgSjM+uHObtXUN4oIxlWNrj4COUrc78SnD8rLHsFg== Completed in 14ms
4788 timing metavuln:cache:get:security-advisory:postcss-reduce-initial:HhBjkDYAbVkuDlozXHYk0JQhcnu8HBYybXnM8uXD8qZeOEl2TBQdnMi7FToT3Z8eakRK9jsmVZ7o7RDzydZsAA== Completed in 14ms
4789 timing metavuln:cache:get:security-advisory:postcss-reduce-transforms:mvYKn1YXcMB9yhu6vWxXU47nPwB1WkJp/6ybzNdy3T+hu5r0GQbABW4T6gwvFeLdItNfBrk/0p/lyjvE+8XH6A== Completed in 13ms
4790 timing metavuln:cache:get:security-advisory:postcss-replace-overflow-wrap:TijqBaD11c8TSRZMq0lY319NyiVNSSDu3EvPkpNttYZPabisiBCI5qZltxO7KiN3V0e+t6qexpBVEE2rZDjztw== Completed in 13ms
4791 timing metavuln:cache:get:security-advisory:postcss-selector-not:JOf41ckECHS657WNDpSdjhFs2Fru69x+dUKDFVJshjKrVImb3IUjq25eTVaqG+GpTQw4f1xaehSef4dvPU26Og== Completed in 13ms
4792 timing metavuln:cache:get:security-advisory:postcss-svgo:ie2TPfTFXTcQgcGGQPaw1f8QQ0iWqYO3Zy9G9Ql95EfJnp4kAruES7FoDM7DDrrYujUGFr7EjLAVnZoNzxHBSw== Completed in 12ms
4793 timing metavuln:cache:get:security-advisory:postcss-unique-selectors:4c8dC/4q/sA22OUR9spyZaSXKo1Tu/NOqeMRx90w0BMnxWCsEftQILNWu89/9u+WRYhqsict1/bk3SvZvMvOYg== Completed in 12ms
4794 timing metavuln:cache:get:security-advisory:react-scripts:Os59a9FJQFFrA03hxsWMyAX7Fpx3gE4McG0xBNd6g7exoz9Xvc06jKgDy2LsjHbWE4fiWd23pUueybjqp/gzsQ== Completed in 11ms
4795 timing metavuln:cache:get:security-advisory:stylehacks:UUK22sH+mLvLVhpxrVvvF8VG+dT6nKViqN4dzJMheVnogbIcUwOqgKxbmh1Nq4v9YNGnPyHd9/ekR8/KUfAj4w== Completed in 11ms
4796 timing metavuln:cache:get:security-advisory:tailwindcss:Wm007sCVWjkA04OBm6ZCSCsJkdGQY5RAH4XpfgL2p7xK66fUCbotwkcxJYpDlyc4fFY46o8Kz8jfv4HeADWOJQ== Completed in 10ms
4797 http fetch GET 200 https://registry.npmjs.org/@csstools%2fpostcss-nested-calc 127ms (cache miss)
4798 timing metavuln:packument:@csstools/postcss-nested-calc Completed in 128ms
4799 timing metavuln:load:security-advisory:@csstools/postcss-nested-calc:685RVq5xScaqegAXk2BRJrsMaZmsz1d/volUoA67iVw3AvHhUlX03u+VPRrmo8iuObcSDvuZF+fuiOnLC9L1uA== Completed in 2ms
4800 http fetch GET 200 https://registry.npmjs.org/@csstools%2fpostcss-ic-unit 130ms (cache miss)
4801 timing metavuln:packument:@csstools/postcss-ic-unit Completed in 132ms
4802 timing metavuln:load:security-advisory:@csstools/postcss-ic-unit:685RVq5xScaqegAXk2BRJrsMaZmsz1d/volUoA67iVw3AvHhUlX03u+VPRrmo8iuObcSDvuZF+fuiOnLC9L1uA== Completed in 1ms
4803 http fetch GET 200 https://registry.npmjs.org/@csstools%2fpostcss-is-pseudo-class 133ms (cache miss)
4804 timing metavuln:packument:@csstools/postcss-is-pseudo-class Completed in 134ms
4805 timing metavuln:load:security-advisory:@csstools/postcss-is-pseudo-class:685RVq5xScaqegAXk2BRJrsMaZmsz1d/volUoA67iVw3AvHhUlX03u+VPRrmo8iuObcSDvuZF+fuiOnLC9L1uA== Completed in 0ms
4806 http fetch GET 200 https://registry.npmjs.org/@csstools%2fpostcss-stepped-value-functions 136ms (cache miss)
4807 timing metavuln:packument:@csstools/postcss-stepped-value-functions Completed in 136ms
4808 timing metavuln:load:security-advisory:@csstools/postcss-stepped-value-functions:685RVq5xScaqegAXk2BRJrsMaZmsz1d/volUoA67iVw3AvHhUlX03u+VPRrmo8iuObcSDvuZF+fuiOnLC9L1uA== Completed in 1ms
4809 http fetch GET 200 https://registry.npmjs.org/@csstools%2fpostcss-hwb-function 141ms (cache miss)
4810 timing metavuln:packument:@csstools/postcss-hwb-function Completed in 142ms
4811 timing metavuln:load:security-advisory:@csstools/postcss-hwb-function:685RVq5xScaqegAXk2BRJrsMaZmsz1d/volUoA67iVw3AvHhUlX03u+VPRrmo8iuObcSDvuZF+fuiOnLC9L1uA== Completed in 0ms
4812 http fetch GET 200 https://registry.npmjs.org/@csstools%2fpostcss-text-decoration-shorthand 139ms (cache miss)
4813 timing metavuln:packument:@csstools/postcss-text-decoration-shorthand Completed in 140ms
4814 timing metavuln:load:security-advisory:@csstools/postcss-text-decoration-shorthand:685RVq5xScaqegAXk2BRJrsMaZmsz1d/volUoA67iVw3AvHhUlX03u+VPRrmo8iuObcSDvuZF+fuiOnLC9L1uA== Completed in 0ms
4815 http fetch GET 200 https://registry.npmjs.org/@csstools%2fpostcss-cascade-layers 146ms (cache miss)
4816 timing metavuln:packument:@csstools/postcss-cascade-layers Completed in 147ms
4817 timing metavuln:load:security-advisory:@csstools/postcss-cascade-layers:685RVq5xScaqegAXk2BRJrsMaZmsz1d/volUoA67iVw3AvHhUlX03u+VPRrmo8iuObcSDvuZF+fuiOnLC9L1uA== Completed in 0ms
4818 http fetch GET 200 https://registry.npmjs.org/@csstools%2fpostcss-color-function 148ms (cache miss)
4819 timing metavuln:packument:@csstools/postcss-color-function Completed in 148ms
4820 timing metavuln:load:security-advisory:@csstools/postcss-color-function:685RVq5xScaqegAXk2BRJrsMaZmsz1d/volUoA67iVw3AvHhUlX03u+VPRrmo8iuObcSDvuZF+fuiOnLC9L1uA== Completed in 1ms
4821 http fetch GET 200 https://registry.npmjs.org/@csstools%2fpostcss-oklab-function 148ms (cache miss)
4822 timing metavuln:packument:@csstools/postcss-oklab-function Completed in 149ms
4823 timing metavuln:load:security-advisory:@csstools/postcss-oklab-function:685RVq5xScaqegAXk2BRJrsMaZmsz1d/volUoA67iVw3AvHhUlX03u+VPRrmo8iuObcSDvuZF+fuiOnLC9L1uA== Completed in 0ms
4824 timing metavuln:cache:put:security-advisory:@csstools/postcss-nested-calc:ROPfCR2kf1wgdGXcmBAhMVI4cAWsHFMH0KPIWXKhXGZoMdInN1hNNkd0qMEXo/A4uLSrA7zFx8YFFFn+J6w0zA== Completed in 27ms
4825 timing metavuln:calculate:security-advisory:@csstools/postcss-nested-calc:685RVq5xScaqegAXk2BRJrsMaZmsz1d/volUoA67iVw3AvHhUlX03u+VPRrmo8iuObcSDvuZF+fuiOnLC9L1uA== Completed in 157ms
4826 timing metavuln:cache:put:security-advisory:@csstools/postcss-ic-unit:c1AjerhB/BokBZdiEJ4X8yvaEH/ZnyyEOVaqrI/LvwNJJrGupIebOqo2L9mAkbx6NiMsfh62V21woF3Ske2YHA== Completed in 25ms
4827 timing metavuln:calculate:security-advisory:@csstools/postcss-ic-unit:685RVq5xScaqegAXk2BRJrsMaZmsz1d/volUoA67iVw3AvHhUlX03u+VPRrmo8iuObcSDvuZF+fuiOnLC9L1uA== Completed in 158ms
4828 timing metavuln:cache:put:security-advisory:@csstools/postcss-is-pseudo-class:r+qJssvs/6MGj3iUva18sTlI5TD7Gc2RruLAGxyoQaBqUoj2gOz2gmXd7i9SBG/fUiWXQPiI6uI8yYHVRnl5wQ== Completed in 24ms
4829 timing metavuln:calculate:security-advisory:@csstools/postcss-is-pseudo-class:685RVq5xScaqegAXk2BRJrsMaZmsz1d/volUoA67iVw3AvHhUlX03u+VPRrmo8iuObcSDvuZF+fuiOnLC9L1uA== Completed in 158ms
4830 timing metavuln:cache:put:security-advisory:@csstools/postcss-stepped-value-functions:4Os8gX5VvoW7/oT8ErEdDvFOJA5su+rVEbFqrxRWJXLuupAn9jdPldlwUgSqmuqsx6QMUPv/b34OO4KpYbscew== Completed in 21ms
4831 timing metavuln:calculate:security-advisory:@csstools/postcss-stepped-value-functions:685RVq5xScaqegAXk2BRJrsMaZmsz1d/volUoA67iVw3AvHhUlX03u+VPRrmo8iuObcSDvuZF+fuiOnLC9L1uA== Completed in 158ms
4832 timing metavuln:cache:put:security-advisory:@csstools/postcss-hwb-function:+ET+4XIkPoyDNZc3s0PSxRqvFfmBwerRBGwOfN5VvU0YOl+qzKldvXbpgyBLIR/0WpWGTr9sURsCr+FjKU2PWg== Completed in 20ms
4833 timing metavuln:calculate:security-advisory:@csstools/postcss-hwb-function:685RVq5xScaqegAXk2BRJrsMaZmsz1d/volUoA67iVw3AvHhUlX03u+VPRrmo8iuObcSDvuZF+fuiOnLC9L1uA== Completed in 162ms
4834 timing metavuln:cache:put:security-advisory:@csstools/postcss-text-decoration-shorthand:nsN0AGYeuYTUirPZZxqeQlPPxiGhZfmPnU3ZJwMNeRlAZe8tdSYs9D00soPXopM0dxJGKDa9X9InR7y/Gq10OQ== Completed in 19ms
4835 timing metavuln:calculate:security-advisory:@csstools/postcss-text-decoration-shorthand:685RVq5xScaqegAXk2BRJrsMaZmsz1d/volUoA67iVw3AvHhUlX03u+VPRrmo8iuObcSDvuZF+fuiOnLC9L1uA== Completed in 159ms
4836 timing metavuln:cache:put:security-advisory:@csstools/postcss-cascade-layers:kN6C/GjBAtUJ6sKMtjOlKgsO6xVTpqzucsq+PgjcbNaARt8z6eQ+WmtMEG80WLmCnXBkG+BzLL5sbCvMyogWuQ== Completed in 18ms
4837 timing metavuln:calculate:security-advisory:@csstools/postcss-cascade-layers:685RVq5xScaqegAXk2BRJrsMaZmsz1d/volUoA67iVw3AvHhUlX03u+VPRrmo8iuObcSDvuZF+fuiOnLC9L1uA== Completed in 166ms
4838 timing metavuln:cache:put:security-advisory:@csstools/postcss-color-function:b/90BpBfNiFBbmjVHYxfFw9LbvS8mGppevcTZml/wmXt5v5jBxcgetFhY+RMGxdaGm5bYECphNXBhx1GGlbbeQ== Completed in 16ms
4839 timing metavuln:calculate:security-advisory:@csstools/postcss-color-function:685RVq5xScaqegAXk2BRJrsMaZmsz1d/volUoA67iVw3AvHhUlX03u+VPRrmo8iuObcSDvuZF+fuiOnLC9L1uA== Completed in 165ms
4840 timing metavuln:cache:put:security-advisory:@csstools/postcss-oklab-function:iCne5LKhvrNeHhHIKs3bY7xrGisBw1rb/T0fjRkSb8r5w17wEDRpYTnNi8n9IpO5UDuprMDWcpnLd5g5hhZNrg== Completed in 16ms
4841 timing metavuln:calculate:security-advisory:@csstools/postcss-oklab-function:685RVq5xScaqegAXk2BRJrsMaZmsz1d/volUoA67iVw3AvHhUlX03u+VPRrmo8iuObcSDvuZF+fuiOnLC9L1uA== Completed in 165ms
4842 http fetch GET 200 https://registry.npmjs.org/css-prefers-color-scheme 160ms (cache miss)
4843 timing metavuln:packument:css-prefers-color-scheme Completed in 161ms
4844 timing metavuln:load:security-advisory:css-prefers-color-scheme:685RVq5xScaqegAXk2BRJrsMaZmsz1d/volUoA67iVw3AvHhUlX03u+VPRrmo8iuObcSDvuZF+fuiOnLC9L1uA== Completed in 2ms
4845 timing metavuln:cache:put:security-advisory:css-prefers-color-scheme:qOUTyQzwcIfc5VpM/kNRfmDwDS8FryX5bd6Y4BglynxFo0GCjfqvLmEkBTVKNWhvxvyXfIAGeWuXmVbVSrALwQ== Completed in 12ms
4846 timing metavuln:calculate:security-advisory:css-prefers-color-scheme:685RVq5xScaqegAXk2BRJrsMaZmsz1d/volUoA67iVw3AvHhUlX03u+VPRrmo8iuObcSDvuZF+fuiOnLC9L1uA== Completed in 175ms
4847 http fetch GET 200 https://registry.npmjs.org/cssnano-utils 174ms (cache miss)
4848 timing metavuln:packument:cssnano-utils Completed in 174ms
4849 timing metavuln:load:security-advisory:cssnano-utils:685RVq5xScaqegAXk2BRJrsMaZmsz1d/volUoA67iVw3AvHhUlX03u+VPRrmo8iuObcSDvuZF+fuiOnLC9L1uA== Completed in 5ms
4850 http fetch GET 200 https://registry.npmjs.org/css-loader 185ms (cache miss)
4851 timing metavuln:packument:css-loader Completed in 187ms
4852 timing metavuln:load:security-advisory:css-loader:685RVq5xScaqegAXk2BRJrsMaZmsz1d/volUoA67iVw3AvHhUlX03u+VPRrmo8iuObcSDvuZF+fuiOnLC9L1uA== Completed in 16ms
4853 timing metavuln:cache:put:security-advisory:cssnano-utils:ewClygBzFyeyvyVol5UZ9l40rdPGNRbOiOBTf8usbNXD3kcTm7M4wN5fzVorQrcPUA/E/1uyXxWGVZKxUqiszQ== Completed in 31ms
4854 timing metavuln:calculate:security-advisory:cssnano-utils:685RVq5xScaqegAXk2BRJrsMaZmsz1d/volUoA67iVw3AvHhUlX03u+VPRrmo8iuObcSDvuZF+fuiOnLC9L1uA== Completed in 210ms
4855 http fetch GET 200 https://registry.npmjs.org/autoprefixer 213ms (cache miss)
4856 timing metavuln:packument:autoprefixer Completed in 216ms
4857 timing metavuln:load:security-advisory:autoprefixer:685RVq5xScaqegAXk2BRJrsMaZmsz1d/volUoA67iVw3AvHhUlX03u+VPRrmo8iuObcSDvuZF+fuiOnLC9L1uA== Completed in 29ms
4858 timing metavuln:cache:put:security-advisory:css-loader:gR1N396DTnpykqtHUzx2bP4E8geZAyKlki5bOIphxnORSdKRLKigADnTWrtv2ooWzRB0McV7Dqd0eCcGModYVQ== Completed in 46ms
4859 timing metavuln:calculate:security-advisory:css-loader:685RVq5xScaqegAXk2BRJrsMaZmsz1d/volUoA67iVw3AvHhUlX03u+VPRrmo8iuObcSDvuZF+fuiOnLC9L1uA== Completed in 250ms
4860 http fetch GET 200 https://registry.npmjs.org/postcss-browser-comments 247ms (cache miss)
4861 timing metavuln:packument:postcss-browser-comments Completed in 247ms
4862 timing metavuln:load:security-advisory:postcss-browser-comments:685RVq5xScaqegAXk2BRJrsMaZmsz1d/volUoA67iVw3AvHhUlX03u+VPRrmo8iuObcSDvuZF+fuiOnLC9L1uA== Completed in 2ms
4863 http fetch GET 200 https://registry.npmjs.org/postcss-attribute-case-insensitive 252ms (cache miss)
4864 timing metavuln:packument:postcss-attribute-case-insensitive Completed in 252ms
4865 timing metavuln:load:security-advisory:postcss-attribute-case-insensitive:685RVq5xScaqegAXk2BRJrsMaZmsz1d/volUoA67iVw3AvHhUlX03u+VPRrmo8iuObcSDvuZF+fuiOnLC9L1uA== Completed in 0ms
4866 timing metavuln:cache:put:security-advisory:autoprefixer:yT3RLRzpqVXHvXa6BkK43fAGS4IGkeecW1BJDZRyYWr3Wl0dDxpVreu5/UOQDMGuiJeMQHp2FkAc48F7ccX2OA== Completed in 15ms
4867 timing metavuln:calculate:security-advisory:autoprefixer:685RVq5xScaqegAXk2BRJrsMaZmsz1d/volUoA67iVw3AvHhUlX03u+VPRrmo8iuObcSDvuZF+fuiOnLC9L1uA== Completed in 260ms
4868 http fetch GET 200 https://registry.npmjs.org/postcss-clamp 255ms (cache miss)
4869 timing metavuln:packument:postcss-clamp Completed in 255ms
4870 timing metavuln:load:security-advisory:postcss-clamp:685RVq5xScaqegAXk2BRJrsMaZmsz1d/volUoA67iVw3AvHhUlX03u+VPRrmo8iuObcSDvuZF+fuiOnLC9L1uA== Completed in 1ms
4871 http fetch GET 200 https://registry.npmjs.org/postcss-calc 260ms (cache miss)
4872 timing metavuln:packument:postcss-calc Completed in 261ms
4873 timing metavuln:load:security-advisory:postcss-calc:685RVq5xScaqegAXk2BRJrsMaZmsz1d/volUoA67iVw3AvHhUlX03u+VPRrmo8iuObcSDvuZF+fuiOnLC9L1uA== Completed in 3ms
4874 http fetch GET 200 https://registry.npmjs.org/@csstools%2fpostcss-font-format-keywords 274ms (cache miss)
4875 timing metavuln:packument:@csstools/postcss-font-format-keywords Completed in 275ms
4876 timing metavuln:load:security-advisory:@csstools/postcss-font-format-keywords:685RVq5xScaqegAXk2BRJrsMaZmsz1d/volUoA67iVw3AvHhUlX03u+VPRrmo8iuObcSDvuZF+fuiOnLC9L1uA== Completed in 0ms
4877 timing metavuln:cache:put:security-advisory:postcss-browser-comments:oH7qdVlYUdQF08wpwONBWCV+slL25SKnEml/XtPVBDWDWL1nPE/+INZ45IKAZ43voAw7m+kukwFFo7luvI9nVg== Completed in 17ms
4878 timing metavuln:calculate:security-advisory:postcss-browser-comments:685RVq5xScaqegAXk2BRJrsMaZmsz1d/volUoA67iVw3AvHhUlX03u+VPRrmo8iuObcSDvuZF+fuiOnLC9L1uA== Completed in 266ms
4879 timing metavuln:cache:put:security-advisory:postcss-attribute-case-insensitive:bIFys0mni/Pd6ax6rT/pYQcBF+JsMrsVSGi3qkO7EvPvLnV0ig1rQC9dEMte7t1T4qFOixYELo0QtBt6uDUgig== Completed in 15ms
4880 timing metavuln:calculate:security-advisory:postcss-attribute-case-insensitive:685RVq5xScaqegAXk2BRJrsMaZmsz1d/volUoA67iVw3AvHhUlX03u+VPRrmo8iuObcSDvuZF+fuiOnLC9L1uA== Completed in 267ms
4881 timing metavuln:cache:put:security-advisory:postcss-clamp:iblSnH7uWuV2XCk1AeyI9SCqRJYy+3dZFWkmhwa99hTErX72kQ4XHsSmcuSTFiK6+aVb5KBS2jb2tPBJQboWLg== Completed in 16ms
4882 timing metavuln:calculate:security-advisory:postcss-clamp:685RVq5xScaqegAXk2BRJrsMaZmsz1d/volUoA67iVw3AvHhUlX03u+VPRrmo8iuObcSDvuZF+fuiOnLC9L1uA== Completed in 273ms
4883 http fetch GET 200 https://registry.npmjs.org/@csstools%2fpostcss-progressive-custom-properties 282ms (cache miss)
4884 timing metavuln:packument:@csstools/postcss-progressive-custom-properties Completed in 283ms
4885 timing metavuln:load:security-advisory:@csstools/postcss-progressive-custom-properties:685RVq5xScaqegAXk2BRJrsMaZmsz1d/volUoA67iVw3AvHhUlX03u+VPRrmo8iuObcSDvuZF+fuiOnLC9L1uA== Completed in 0ms
4886 timing metavuln:cache:put:security-advisory:postcss-calc:vkgkXYgP2VKt3/eX0fMW3b3RO0c5R/C8P9XReG0EQbfGl7WSC5wtujV+g7/UU9hTREopy7C0AwhS9YaRifuZ1A== Completed in 13ms
4887 timing metavuln:calculate:security-advisory:postcss-calc:685RVq5xScaqegAXk2BRJrsMaZmsz1d/volUoA67iVw3AvHhUlX03u+VPRrmo8iuObcSDvuZF+fuiOnLC9L1uA== Completed in 277ms
4888 timing metavuln:cache:put:security-advisory:@csstools/postcss-font-format-keywords:RZDd9k0TTEIH6rntT/cx9UJTQbALlGik1sNzLQe0WGY4qP1mM6/JqWTsdaGmks5d9dhyvLbOLPdDqUFyq46j2w== Completed in 12ms
4889 timing metavuln:calculate:security-advisory:@csstools/postcss-font-format-keywords:685RVq5xScaqegAXk2BRJrsMaZmsz1d/volUoA67iVw3AvHhUlX03u+VPRrmo8iuObcSDvuZF+fuiOnLC9L1uA== Completed in 287ms
4890 http fetch GET 200 https://registry.npmjs.org/@csstools%2fpostcss-unset-value 286ms (cache miss)
4891 timing metavuln:packument:@csstools/postcss-unset-value Completed in 286ms
4892 timing metavuln:load:security-advisory:@csstools/postcss-unset-value:685RVq5xScaqegAXk2BRJrsMaZmsz1d/volUoA67iVw3AvHhUlX03u+VPRrmo8iuObcSDvuZF+fuiOnLC9L1uA== Completed in 1ms
4893 http fetch GET 200 https://registry.npmjs.org/@csstools%2fpostcss-trigonometric-functions 287ms (cache miss)
4894 timing metavuln:packument:@csstools/postcss-trigonometric-functions Completed in 288ms
4895 timing metavuln:load:security-advisory:@csstools/postcss-trigonometric-functions:685RVq5xScaqegAXk2BRJrsMaZmsz1d/volUoA67iVw3AvHhUlX03u+VPRrmo8iuObcSDvuZF+fuiOnLC9L1uA== Completed in 0ms
4896 timing metavuln:cache:put:security-advisory:@csstools/postcss-progressive-custom-properties:NYDlobxQsEwQTibbUTaiDT+qDvxD4fvB/n3LlPXiuCk13f3xKiX1hD2heOf6pO5g0TKoLQ3MN3Brk0zJJjNCZA== Completed in 15ms
4897 timing metavuln:calculate:security-advisory:@csstools/postcss-progressive-custom-properties:685RVq5xScaqegAXk2BRJrsMaZmsz1d/volUoA67iVw3AvHhUlX03u+VPRrmo8iuObcSDvuZF+fuiOnLC9L1uA== Completed in 298ms
4898 timing metavuln:cache:put:security-advisory:@csstools/postcss-trigonometric-functions:rCepzlswZgtqd0pdcC5MWKkYrMECn+QqqI4gcByrmMjtQRbQQyjylRCajQw+9uI0/tH/nmG8N3JsGKvXmCRmag== Completed in 18ms
4899 timing metavuln:calculate:security-advisory:@csstools/postcss-trigonometric-functions:685RVq5xScaqegAXk2BRJrsMaZmsz1d/volUoA67iVw3AvHhUlX03u+VPRrmo8iuObcSDvuZF+fuiOnLC9L1uA== Completed in 307ms
4900 timing metavuln:cache:put:security-advisory:@csstools/postcss-unset-value:tlh/E3LyhAh+MYLAyAOTtgbDDrDcQhBWUkbvrXBXimHjWOiKrfWSQ1Ia6Z1z0fzzcSNgz0mxpk+rEkmCdyeS5g== Completed in 20ms
4901 timing metavuln:calculate:security-advisory:@csstools/postcss-unset-value:685RVq5xScaqegAXk2BRJrsMaZmsz1d/volUoA67iVw3AvHhUlX03u+VPRrmo8iuObcSDvuZF+fuiOnLC9L1uA== Completed in 307ms
4902 http fetch GET 200 https://registry.npmjs.org/css-blank-pseudo 307ms (cache miss)
4903 timing metavuln:packument:css-blank-pseudo Completed in 307ms
4904 timing metavuln:load:security-advisory:css-blank-pseudo:685RVq5xScaqegAXk2BRJrsMaZmsz1d/volUoA67iVw3AvHhUlX03u+VPRrmo8iuObcSDvuZF+fuiOnLC9L1uA== Completed in 1ms
4905 http fetch GET 200 https://registry.npmjs.org/postcss-color-rebeccapurple 302ms (cache miss)
4906 timing metavuln:packument:postcss-color-rebeccapurple Completed in 302ms
4907 timing metavuln:load:security-advisory:postcss-color-rebeccapurple:685RVq5xScaqegAXk2BRJrsMaZmsz1d/volUoA67iVw3AvHhUlX03u+VPRrmo8iuObcSDvuZF+fuiOnLC9L1uA== Completed in 2ms
4908 http fetch GET 200 https://registry.npmjs.org/postcss-color-hex-alpha 304ms (cache miss)
4909 timing metavuln:packument:postcss-color-hex-alpha Completed in 306ms
4910 timing metavuln:load:security-advisory:postcss-color-hex-alpha:685RVq5xScaqegAXk2BRJrsMaZmsz1d/volUoA67iVw3AvHhUlX03u+VPRrmo8iuObcSDvuZF+fuiOnLC9L1uA== Completed in 3ms
4911 http fetch GET 200 https://registry.npmjs.org/css-declaration-sorter 317ms (cache miss)
4912 timing metavuln:packument:css-declaration-sorter Completed in 317ms
4913 timing metavuln:load:security-advisory:css-declaration-sorter:685RVq5xScaqegAXk2BRJrsMaZmsz1d/volUoA67iVw3AvHhUlX03u+VPRrmo8iuObcSDvuZF+fuiOnLC9L1uA== Completed in 3ms
4914 http fetch GET 200 https://registry.npmjs.org/css-has-pseudo 325ms (cache miss)
4915 timing metavuln:packument:css-has-pseudo Completed in 326ms
4916 timing metavuln:load:security-advisory:css-has-pseudo:685RVq5xScaqegAXk2BRJrsMaZmsz1d/volUoA67iVw3AvHhUlX03u+VPRrmo8iuObcSDvuZF+fuiOnLC9L1uA== Completed in 1ms
4917 http fetch GET 200 https://registry.npmjs.org/postcss-colormin 326ms (cache miss)
4918 timing metavuln:packument:postcss-colormin Completed in 327ms
4919 timing metavuln:load:security-advisory:postcss-colormin:685RVq5xScaqegAXk2BRJrsMaZmsz1d/volUoA67iVw3AvHhUlX03u+VPRrmo8iuObcSDvuZF+fuiOnLC9L1uA== Completed in 3ms
4920 http fetch GET 200 https://registry.npmjs.org/css-minimizer-webpack-plugin 346ms (cache miss)
4921 timing metavuln:packument:css-minimizer-webpack-plugin Completed in 349ms
4922 timing metavuln:load:security-advisory:css-minimizer-webpack-plugin:685RVq5xScaqegAXk2BRJrsMaZmsz1d/volUoA67iVw3AvHhUlX03u+VPRrmo8iuObcSDvuZF+fuiOnLC9L1uA== Completed in 3ms
4923 timing metavuln:cache:put:security-advisory:css-blank-pseudo:GhfatBNA7EGkMfMi9PORj5pRep/uJhD0olsRULRAGswFO+Z6Sm2icbVC7j4GpRX5/OYDznufap8rygRA/y3hXA== Completed in 48ms
4924 timing metavuln:calculate:security-advisory:css-blank-pseudo:685RVq5xScaqegAXk2BRJrsMaZmsz1d/volUoA67iVw3AvHhUlX03u+VPRrmo8iuObcSDvuZF+fuiOnLC9L1uA== Completed in 356ms
4925 timing metavuln:cache:put:security-advisory:postcss-color-rebeccapurple:Iv5VrHdPELTsrAH0BPc9KGP8erSdu0Ytbwh6lESRGjG13n+XLFOBp65pMfIEMII4Xi3JoeWv0c36mOPwNsW8BA== Completed in 47ms
4926 timing metavuln:calculate:security-advisory:postcss-color-rebeccapurple:685RVq5xScaqegAXk2BRJrsMaZmsz1d/volUoA67iVw3AvHhUlX03u+VPRrmo8iuObcSDvuZF+fuiOnLC9L1uA== Completed in 351ms
4927 timing metavuln:cache:put:security-advisory:postcss-color-hex-alpha:RKbKlxREP4oLFckIb62ZrQKYpCROkZcZCnLp4wKNlnLfdLHhGA3kmT88P7OKwhy4ptGoMRs8U3slwcOlc8CZjw== Completed in 46ms
4928 timing metavuln:calculate:security-advisory:postcss-color-hex-alpha:685RVq5xScaqegAXk2BRJrsMaZmsz1d/volUoA67iVw3AvHhUlX03u+VPRrmo8iuObcSDvuZF+fuiOnLC9L1uA== Completed in 355ms
4929 timing metavuln:cache:put:security-advisory:css-declaration-sorter:DbKsXFTnbOIqZ4Qal2XvgITRN/T/PSQaEgS9C0Prw2iyvx51ZhXQRw9mtxMzQEd9bCNbiCQ7H9LS0JG3KtaJMg== Completed in 47ms
4930 timing metavuln:calculate:security-advisory:css-declaration-sorter:685RVq5xScaqegAXk2BRJrsMaZmsz1d/volUoA67iVw3AvHhUlX03u+VPRrmo8iuObcSDvuZF+fuiOnLC9L1uA== Completed in 367ms
4931 http fetch GET 200 https://registry.npmjs.org/postcss-dir-pseudo-class 360ms (cache miss)
4932 timing metavuln:packument:postcss-dir-pseudo-class Completed in 361ms
4933 timing metavuln:load:security-advisory:postcss-dir-pseudo-class:685RVq5xScaqegAXk2BRJrsMaZmsz1d/volUoA67iVw3AvHhUlX03u+VPRrmo8iuObcSDvuZF+fuiOnLC9L1uA== Completed in 5ms
4934 http fetch GET 200 https://registry.npmjs.org/postcss-custom-selectors 384ms (cache miss)
4935 timing metavuln:packument:postcss-custom-selectors Completed in 385ms
4936 timing metavuln:load:security-advisory:postcss-custom-selectors:685RVq5xScaqegAXk2BRJrsMaZmsz1d/volUoA67iVw3AvHhUlX03u+VPRrmo8iuObcSDvuZF+fuiOnLC9L1uA== Completed in 9ms
4937 timing metavuln:cache:put:security-advisory:css-has-pseudo:2Ow9E0P58yBrQpQrz45ej0Pjy//ZgKYdM/QvyiARChDOxuj1Hk+QvRjCYG+1QRmOT9edXHSjrYWw6fC/ZGFfgQ== Completed in 76ms
4938 timing metavuln:calculate:security-advisory:css-has-pseudo:685RVq5xScaqegAXk2BRJrsMaZmsz1d/volUoA67iVw3AvHhUlX03u+VPRrmo8iuObcSDvuZF+fuiOnLC9L1uA== Completed in 404ms
4939 http fetch GET 200 https://registry.npmjs.org/postcss-convert-values 418ms (cache miss)
4940 timing metavuln:packument:postcss-convert-values Completed in 419ms
4941 timing metavuln:load:security-advisory:postcss-convert-values:685RVq5xScaqegAXk2BRJrsMaZmsz1d/volUoA67iVw3AvHhUlX03u+VPRrmo8iuObcSDvuZF+fuiOnLC9L1uA== Completed in 5ms
4942 timing metavuln:cache:put:security-advisory:postcss-colormin:bi05Jsaf5huh8BpPDd7xk8fwK0oGllA9dW6mxOZ4D6aU9D8itZJnS4+7+0U636ImfhlzQfzOAZyrAXlHwws9aQ== Completed in 110ms
4943 timing metavuln:calculate:security-advisory:postcss-colormin:685RVq5xScaqegAXk2BRJrsMaZmsz1d/volUoA67iVw3AvHhUlX03u+VPRrmo8iuObcSDvuZF+fuiOnLC9L1uA== Completed in 440ms
4944 http fetch GET 200 https://registry.npmjs.org/postcss-double-position-gradients 440ms (cache miss)
4945 timing metavuln:packument:postcss-double-position-gradients Completed in 440ms
4946 timing metavuln:load:security-advisory:postcss-double-position-gradients:685RVq5xScaqegAXk2BRJrsMaZmsz1d/volUoA67iVw3AvHhUlX03u+VPRrmo8iuObcSDvuZF+fuiOnLC9L1uA== Completed in 1ms
4947 timing metavuln:cache:put:security-advisory:css-minimizer-webpack-plugin:3OaZh2BDs3kLE8rfgwe+KdGRB1XnQJ+xkut92H2SkBfVFz/wRfcMKg1aYR9YVrdsMj0ehsHdH57Kn9zp/rRgQg== Completed in 99ms
4948 timing metavuln:calculate:security-advisory:css-minimizer-webpack-plugin:685RVq5xScaqegAXk2BRJrsMaZmsz1d/volUoA67iVw3AvHhUlX03u+VPRrmo8iuObcSDvuZF+fuiOnLC9L1uA== Completed in 451ms
4949 http fetch GET 200 https://registry.npmjs.org/postcss-discard-duplicates 444ms (cache miss)
4950 timing metavuln:packument:postcss-discard-duplicates Completed in 444ms
4951 timing metavuln:load:security-advisory:postcss-discard-duplicates:685RVq5xScaqegAXk2BRJrsMaZmsz1d/volUoA67iVw3AvHhUlX03u+VPRrmo8iuObcSDvuZF+fuiOnLC9L1uA== Completed in 2ms
4952 http fetch GET 200 https://registry.npmjs.org/icss-utils 452ms (cache miss)
4953 timing metavuln:packument:icss-utils Completed in 452ms
4954 timing metavuln:load:security-advisory:icss-utils:685RVq5xScaqegAXk2BRJrsMaZmsz1d/volUoA67iVw3AvHhUlX03u+VPRrmo8iuObcSDvuZF+fuiOnLC9L1uA== Completed in 1ms
4955 http fetch GET 200 https://registry.npmjs.org/postcss-discard-overridden 450ms (cache miss)
4956 timing metavuln:packument:postcss-discard-overridden Completed in 450ms
4957 timing metavuln:load:security-advisory:postcss-discard-overridden:685RVq5xScaqegAXk2BRJrsMaZmsz1d/volUoA67iVw3AvHhUlX03u+VPRrmo8iuObcSDvuZF+fuiOnLC9L1uA== Completed in 2ms
4958 http fetch GET 200 https://registry.npmjs.org/postcss-flexbugs-fixes 451ms (cache miss)
4959 timing metavuln:packument:postcss-flexbugs-fixes Completed in 452ms
4960 timing metavuln:load:security-advisory:postcss-flexbugs-fixes:685RVq5xScaqegAXk2BRJrsMaZmsz1d/volUoA67iVw3AvHhUlX03u+VPRrmo8iuObcSDvuZF+fuiOnLC9L1uA== Completed in 1ms
4961 http fetch GET 200 https://registry.npmjs.org/postcss-focus-visible 453ms (cache miss)
4962 timing metavuln:packument:postcss-focus-visible Completed in 453ms
4963 timing metavuln:load:security-advisory:postcss-focus-visible:685RVq5xScaqegAXk2BRJrsMaZmsz1d/volUoA67iVw3AvHhUlX03u+VPRrmo8iuObcSDvuZF+fuiOnLC9L1uA== Completed in 3ms
4964 http fetch GET 200 https://registry.npmjs.org/postcss-custom-properties 462ms (cache miss)
4965 timing metavuln:packument:postcss-custom-properties Completed in 464ms
4966 timing metavuln:load:security-advisory:postcss-custom-properties:685RVq5xScaqegAXk2BRJrsMaZmsz1d/volUoA67iVw3AvHhUlX03u+VPRrmo8iuObcSDvuZF+fuiOnLC9L1uA== Completed in 2ms
4967 http fetch GET 200 https://registry.npmjs.org/postcss-discard-comments 465ms (cache miss)
4968 timing metavuln:packument:postcss-discard-comments Completed in 466ms
4969 timing metavuln:load:security-advisory:postcss-discard-comments:685RVq5xScaqegAXk2BRJrsMaZmsz1d/volUoA67iVw3AvHhUlX03u+VPRrmo8iuObcSDvuZF+fuiOnLC9L1uA== Completed in 2ms
4970 http fetch GET 200 https://registry.npmjs.org/postcss-env-function 465ms (cache miss)
4971 timing metavuln:packument:postcss-env-function Completed in 467ms
4972 timing metavuln:load:security-advisory:postcss-env-function:685RVq5xScaqegAXk2BRJrsMaZmsz1d/volUoA67iVw3AvHhUlX03u+VPRrmo8iuObcSDvuZF+fuiOnLC9L1uA== Completed in 0ms
4973 timing metavuln:cache:put:security-advisory:postcss-dir-pseudo-class:a8SDUr1oF/8dxFOHwbeuYOLrRnR1wLegZQVBKiTrp3uYi6KW5eIXC1XOiByFlrSq5ouAztJdi6/JV+KflHWjKQ== Completed in 116ms
4974 timing metavuln:calculate:security-advisory:postcss-dir-pseudo-class:685RVq5xScaqegAXk2BRJrsMaZmsz1d/volUoA67iVw3AvHhUlX03u+VPRrmo8iuObcSDvuZF+fuiOnLC9L1uA== Completed in 482ms
4975 http fetch GET 200 https://registry.npmjs.org/postcss-font-variant 478ms (cache miss)
4976 timing metavuln:packument:postcss-font-variant Completed in 478ms
4977 timing metavuln:load:security-advisory:postcss-font-variant:685RVq5xScaqegAXk2BRJrsMaZmsz1d/volUoA67iVw3AvHhUlX03u+VPRrmo8iuObcSDvuZF+fuiOnLC9L1uA== Completed in 1ms
4978 timing metavuln:cache:put:security-advisory:postcss-custom-selectors:A5XSZSPI0vCwrRMWy7u5Hmrq4EOJcDksx7RPeoZFZLA/YGSG9/MlPYBesvD7LfxLrkTTXJux5ENqHcoR4lCPxA== Completed in 96ms
4979 timing metavuln:calculate:security-advisory:postcss-custom-selectors:685RVq5xScaqegAXk2BRJrsMaZmsz1d/volUoA67iVw3AvHhUlX03u+VPRrmo8iuObcSDvuZF+fuiOnLC9L1uA== Completed in 491ms
4980 http fetch GET 200 https://registry.npmjs.org/postcss-gap-properties 486ms (cache miss)
4981 timing metavuln:packument:postcss-gap-properties Completed in 487ms
4982 timing metavuln:load:security-advisory:postcss-gap-properties:685RVq5xScaqegAXk2BRJrsMaZmsz1d/volUoA67iVw3AvHhUlX03u+VPRrmo8iuObcSDvuZF+fuiOnLC9L1uA== Completed in 0ms
4983 http fetch GET 200 https://registry.npmjs.org/postcss-focus-within 488ms (cache miss)
4984 timing metavuln:packument:postcss-focus-within Completed in 489ms
4985 timing metavuln:load:security-advisory:postcss-focus-within:685RVq5xScaqegAXk2BRJrsMaZmsz1d/volUoA67iVw3AvHhUlX03u+VPRrmo8iuObcSDvuZF+fuiOnLC9L1uA== Completed in 0ms
4986 http fetch GET 200 https://registry.npmjs.org/postcss-image-set-function 487ms (cache miss)
4987 timing metavuln:packument:postcss-image-set-function Completed in 488ms
4988 timing metavuln:load:security-advisory:postcss-image-set-function:685RVq5xScaqegAXk2BRJrsMaZmsz1d/volUoA67iVw3AvHhUlX03u+VPRrmo8iuObcSDvuZF+fuiOnLC9L1uA== Completed in 0ms
4989 http fetch GET 200 https://registry.npmjs.org/postcss-media-minmax 481ms (cache miss)
4990 timing metavuln:packument:postcss-media-minmax Completed in 483ms
4991 timing metavuln:load:security-advisory:postcss-media-minmax:685RVq5xScaqegAXk2BRJrsMaZmsz1d/volUoA67iVw3AvHhUlX03u+VPRrmo8iuObcSDvuZF+fuiOnLC9L1uA== Completed in 0ms
4992 timing metavuln:cache:put:security-advisory:postcss-convert-values:1hTaN2SLyCqvylvNr4lemq/Sb9nnSFmGAFziUYgVXCFNZtz/NV7WngrbpyMREOzQOFxY1A0Ov3YneeNHK286xw== Completed in 73ms
4993 timing metavuln:calculate:security-advisory:postcss-convert-values:685RVq5xScaqegAXk2BRJrsMaZmsz1d/volUoA67iVw3AvHhUlX03u+VPRrmo8iuObcSDvuZF+fuiOnLC9L1uA== Completed in 497ms
4994 http fetch GET 200 https://registry.npmjs.org/postcss-js 487ms (cache miss)
4995 timing metavuln:packument:postcss-js Completed in 491ms
4996 timing metavuln:load:security-advisory:postcss-js:685RVq5xScaqegAXk2BRJrsMaZmsz1d/volUoA67iVw3AvHhUlX03u+VPRrmo8iuObcSDvuZF+fuiOnLC9L1uA== Completed in 5ms
4997 http fetch GET 200 https://registry.npmjs.org/@csstools%2fpostcss-normalize-display-values 513ms (cache miss)
4998 timing metavuln:packument:@csstools/postcss-normalize-display-values Completed in 514ms
4999 timing metavuln:load:security-advisory:@csstools/postcss-normalize-display-values:685RVq5xScaqegAXk2BRJrsMaZmsz1d/volUoA67iVw3AvHhUlX03u+VPRrmo8iuObcSDvuZF+fuiOnLC9L1uA== Completed in 0ms
5000 http fetch GET 200 https://registry.npmjs.org/postcss-logical 492ms (cache miss)
5001 timing metavuln:packument:postcss-logical Completed in 492ms
5002 timing metavuln:load:security-advisory:postcss-logical:685RVq5xScaqegAXk2BRJrsMaZmsz1d/volUoA67iVw3AvHhUlX03u+VPRrmo8iuObcSDvuZF+fuiOnLC9L1uA== Completed in 1ms
5003 http fetch GET 200 https://registry.npmjs.org/cssnano-preset-default 513ms (cache miss)
5004 timing metavuln:packument:cssnano-preset-default Completed in 515ms
5005 timing metavuln:load:security-advisory:cssnano-preset-default:685RVq5xScaqegAXk2BRJrsMaZmsz1d/volUoA67iVw3AvHhUlX03u+VPRrmo8iuObcSDvuZF+fuiOnLC9L1uA== Completed in 2ms
5006 http fetch GET 200 https://registry.npmjs.org/postcss-import 507ms (cache miss)
5007 timing metavuln:packument:postcss-import Completed in 507ms
5008 timing metavuln:load:security-advisory:postcss-import:685RVq5xScaqegAXk2BRJrsMaZmsz1d/volUoA67iVw3AvHhUlX03u+VPRrmo8iuObcSDvuZF+fuiOnLC9L1uA== Completed in 3ms
5009 http fetch GET 200 https://registry.npmjs.org/postcss-load-config 506ms (cache miss)
5010 timing metavuln:packument:postcss-load-config Completed in 506ms
5011 timing metavuln:load:security-advisory:postcss-load-config:685RVq5xScaqegAXk2BRJrsMaZmsz1d/volUoA67iVw3AvHhUlX03u+VPRrmo8iuObcSDvuZF+fuiOnLC9L1uA== Completed in 1ms
5012 timing metavuln:cache:put:security-advisory:postcss-double-position-gradients:y6G4Lj5afuQvrqymsqTuThh5y2c5Vd5paL7dgiZMFTYEilNwtZqNnR8tfeqxsOnr1ml4wrXfIfRVa+fBKxUdZw== Completed in 86ms
5013 timing metavuln:calculate:security-advisory:postcss-double-position-gradients:685RVq5xScaqegAXk2BRJrsMaZmsz1d/volUoA67iVw3AvHhUlX03u+VPRrmo8iuObcSDvuZF+fuiOnLC9L1uA== Completed in 527ms
5014 http fetch GET 200 https://registry.npmjs.org/postcss-lab-function 519ms (cache miss)
5015 timing metavuln:packument:postcss-lab-function Completed in 521ms
5016 timing metavuln:load:security-advisory:postcss-lab-function:685RVq5xScaqegAXk2BRJrsMaZmsz1d/volUoA67iVw3AvHhUlX03u+VPRrmo8iuObcSDvuZF+fuiOnLC9L1uA== Completed in 1ms
5017 http fetch GET 200 https://registry.npmjs.org/postcss-color-functional-notation 534ms (cache miss)
5018 timing metavuln:packument:postcss-color-functional-notation Completed in 535ms
5019 timing metavuln:load:security-advisory:postcss-color-functional-notation:685RVq5xScaqegAXk2BRJrsMaZmsz1d/volUoA67iVw3AvHhUlX03u+VPRrmo8iuObcSDvuZF+fuiOnLC9L1uA== Completed in 0ms
5020 timing metavuln:cache:put:security-advisory:postcss-discard-duplicates:mftW3DG4+ojceT/QZB+Hc5XrweKT1GugXIaX3JLxpIg+M7ieF20S71gINAjwNFAFyoHSfwUJyfdJBx6edaIY4w== Completed in 90ms
5021 timing metavuln:calculate:security-advisory:postcss-discard-duplicates:685RVq5xScaqegAXk2BRJrsMaZmsz1d/volUoA67iVw3AvHhUlX03u+VPRrmo8iuObcSDvuZF+fuiOnLC9L1uA== Completed in 536ms
5022 timing metavuln:cache:put:security-advisory:icss-utils:WdRXxjFePQqEm1GmdeyUnxBbgN/TR9u3JfBEB4t/vnGSJaGhibbJanI6rsm+7dbUnIhACwM58cmwGwSW7tlh/Q== Completed in 88ms
5023 timing metavuln:calculate:security-advisory:icss-utils:685RVq5xScaqegAXk2BRJrsMaZmsz1d/volUoA67iVw3AvHhUlX03u+VPRrmo8iuObcSDvuZF+fuiOnLC9L1uA== Completed in 542ms
5024 http fetch GET 200 https://registry.npmjs.org/cssnano 546ms (cache miss)
5025 timing metavuln:packument:cssnano Completed in 548ms
5026 timing metavuln:load:security-advisory:cssnano:685RVq5xScaqegAXk2BRJrsMaZmsz1d/volUoA67iVw3AvHhUlX03u+VPRrmo8iuObcSDvuZF+fuiOnLC9L1uA== Completed in 5ms
5027 timing metavuln:cache:put:security-advisory:postcss-flexbugs-fixes:Our2Lv/yGdD1Z7jzm6DndI0reC21CeebSy1AX9vtvaYtwcNOiDkgctyIv28Lj2SLrk7nB39L4HQIkgbq4eeJPA== Completed in 92ms
5028 timing metavuln:calculate:security-advisory:postcss-flexbugs-fixes:685RVq5xScaqegAXk2BRJrsMaZmsz1d/volUoA67iVw3AvHhUlX03u+VPRrmo8iuObcSDvuZF+fuiOnLC9L1uA== Completed in 545ms
5029 timing metavuln:cache:put:security-advisory:postcss-discard-overridden:acBnCkGEEdVd6xRS7Y/8QlPcK7tMP132iFDE0Ad8v5zMwi519R/tGNQhwZuHVtm5TGVtj/tJemjuEEHZyc2gZQ== Completed in 94ms
5030 timing metavuln:calculate:security-advisory:postcss-discard-overridden:685RVq5xScaqegAXk2BRJrsMaZmsz1d/volUoA67iVw3AvHhUlX03u+VPRrmo8iuObcSDvuZF+fuiOnLC9L1uA== Completed in 546ms
5031 timing metavuln:cache:put:security-advisory:postcss-focus-visible:mVFA140VhyXfNOMPdTdPx72oAzBAiLbDR15HofKviZQw5N7G2n1iAB8L+O6+KSAUfi6BiTfZWwSIc561WAH5CA== Completed in 88ms
5032 timing metavuln:calculate:security-advisory:postcss-focus-visible:685RVq5xScaqegAXk2BRJrsMaZmsz1d/volUoA67iVw3AvHhUlX03u+VPRrmo8iuObcSDvuZF+fuiOnLC9L1uA== Completed in 545ms
5033 timing metavuln:cache:put:security-advisory:postcss-discard-comments:cP+QEoBx9ijmy5c1OTIUyV8cXtWNbP5SiLSd8CrASyvVA90nuPz7On3Z8M96RLjMgqnmnuK36VYn+GZw3dbF9A== Completed in 81ms
5034 timing metavuln:calculate:security-advisory:postcss-discard-comments:685RVq5xScaqegAXk2BRJrsMaZmsz1d/volUoA67iVw3AvHhUlX03u+VPRrmo8iuObcSDvuZF+fuiOnLC9L1uA== Completed in 549ms
5035 timing metavuln:cache:put:security-advisory:postcss-env-function:XlKr+IAGofNBHUaGkGe/pNj1FtEC6FJLluWdRLszSbDUfEvz6xr3IGafhoG7ITmYo6leoR5p7dAB7Se1ePMv2w== Completed in 81ms
5036 timing metavuln:calculate:security-advisory:postcss-env-function:685RVq5xScaqegAXk2BRJrsMaZmsz1d/volUoA67iVw3AvHhUlX03u+VPRrmo8iuObcSDvuZF+fuiOnLC9L1uA== Completed in 548ms
5037 http fetch GET 200 https://registry.npmjs.org/postcss-modules-extract-imports 536ms (cache miss)
5038 timing metavuln:packument:postcss-modules-extract-imports Completed in 536ms
5039 timing metavuln:load:security-advisory:postcss-modules-extract-imports:685RVq5xScaqegAXk2BRJrsMaZmsz1d/volUoA67iVw3AvHhUlX03u+VPRrmo8iuObcSDvuZF+fuiOnLC9L1uA== Completed in 1ms
5040 timing metavuln:cache:put:security-advisory:postcss-custom-properties:fLDgpD7Wk1hZUnonGFAe7JcSf9czj8hNS0dY3UNqd7q78LMV9FSXnPU3GWqfAHrDlB1lHzD3Yovv6mMNQeecUQ== Completed in 90ms
5041 timing metavuln:calculate:security-advisory:postcss-custom-properties:685RVq5xScaqegAXk2BRJrsMaZmsz1d/volUoA67iVw3AvHhUlX03u+VPRrmo8iuObcSDvuZF+fuiOnLC9L1uA== Completed in 556ms
5042 http fetch GET 200 https://registry.npmjs.org/postcss-loader 547ms (cache miss)
5043 timing metavuln:packument:postcss-loader Completed in 550ms
5044 timing metavuln:load:security-advisory:postcss-loader:685RVq5xScaqegAXk2BRJrsMaZmsz1d/volUoA67iVw3AvHhUlX03u+VPRrmo8iuObcSDvuZF+fuiOnLC9L1uA== Completed in 11ms
5045 timing metavuln:cache:put:security-advisory:postcss-font-variant:mkrHVZkSSyi0axAGqifa9VBFvpWFC6gq8xeevkoJoTN04gdki7yxy3rZB8IqeWShc/FO6nZcbQfD1J4mcmvhyw== Completed in 89ms
5046 timing metavuln:calculate:security-advisory:postcss-font-variant:685RVq5xScaqegAXk2BRJrsMaZmsz1d/volUoA67iVw3AvHhUlX03u+VPRrmo8iuObcSDvuZF+fuiOnLC9L1uA== Completed in 568ms
5047 http fetch GET 200 https://registry.npmjs.org/postcss-custom-media 578ms (cache miss)
5048 timing metavuln:packument:postcss-custom-media Completed in 578ms
5049 timing metavuln:load:security-advisory:postcss-custom-media:685RVq5xScaqegAXk2BRJrsMaZmsz1d/volUoA67iVw3AvHhUlX03u+VPRrmo8iuObcSDvuZF+fuiOnLC9L1uA== Completed in 1ms
5050 http fetch GET 200 https://registry.npmjs.org/postcss-nested 562ms (cache miss)
5051 timing metavuln:packument:postcss-nested Completed in 564ms
5052 timing metavuln:load:security-advisory:postcss-nested:685RVq5xScaqegAXk2BRJrsMaZmsz1d/volUoA67iVw3AvHhUlX03u+VPRrmo8iuObcSDvuZF+fuiOnLC9L1uA== Completed in 4ms
5053 http fetch GET 200 https://registry.npmjs.org/postcss-modules-local-by-default 569ms (cache miss)
5054 timing metavuln:packument:postcss-modules-local-by-default Completed in 570ms
5055 timing metavuln:load:security-advisory:postcss-modules-local-by-default:685RVq5xScaqegAXk2BRJrsMaZmsz1d/volUoA67iVw3AvHhUlX03u+VPRrmo8iuObcSDvuZF+fuiOnLC9L1uA== Completed in 1ms
5056 timing metavuln:cache:put:security-advisory:postcss-gap-properties:WOYWbVSkGCv/uv66c2aDtgwM3ZqiTsREMYKrJXiMkc51ZtGy9tofbZpP5cDp6de/ZuD+tYDnYeYHGibrZcS/JA== Completed in 95ms
5057 timing metavuln:calculate:security-advisory:postcss-gap-properties:685RVq5xScaqegAXk2BRJrsMaZmsz1d/volUoA67iVw3AvHhUlX03u+VPRrmo8iuObcSDvuZF+fuiOnLC9L1uA== Completed in 582ms
5058 timing metavuln:cache:put:security-advisory:postcss-focus-within:/0cuhbEIeqyyE4QKuUtpaWvhTbjYdQCWPa9kOoC18RS4kcT4osHFn+M/RNrqN+yQhrOtu19Pt9lNUNrWGHem0w== Completed in 94ms
5059 timing metavuln:calculate:security-advisory:postcss-focus-within:685RVq5xScaqegAXk2BRJrsMaZmsz1d/volUoA67iVw3AvHhUlX03u+VPRrmo8iuObcSDvuZF+fuiOnLC9L1uA== Completed in 583ms
5060 timing metavuln:cache:put:security-advisory:postcss-image-set-function:6wAHs4azpn7VwEo7EZOaFKDbzDA5G5ZBpxMPrGBvZQZUnQXkVM6ZCnmOwaaX38/qbX4EEwfGcvbNYQjsscWtQg== Completed in 93ms
5061 timing metavuln:calculate:security-advisory:postcss-image-set-function:685RVq5xScaqegAXk2BRJrsMaZmsz1d/volUoA67iVw3AvHhUlX03u+VPRrmo8iuObcSDvuZF+fuiOnLC9L1uA== Completed in 581ms
5062 timing metavuln:cache:put:security-advisory:postcss-media-minmax:qQyloIDoZRM3f8WgDZROaNGtBwVdZ12BJLvLmL9oM75v1s/Yy7sj3Any2lopvr/xaWeWtaJJbQFxUimPSQv9OQ== Completed in 92ms
5063 timing metavuln:calculate:security-advisory:postcss-media-minmax:685RVq5xScaqegAXk2BRJrsMaZmsz1d/volUoA67iVw3AvHhUlX03u+VPRrmo8iuObcSDvuZF+fuiOnLC9L1uA== Completed in 575ms
5064 http fetch GET 200 https://registry.npmjs.org/postcss-merge-longhand 576ms (cache miss)
5065 timing metavuln:packument:postcss-merge-longhand Completed in 577ms
5066 timing metavuln:load:security-advisory:postcss-merge-longhand:685RVq5xScaqegAXk2BRJrsMaZmsz1d/volUoA67iVw3AvHhUlX03u+VPRrmo8iuObcSDvuZF+fuiOnLC9L1uA== Completed in 1ms
5067 http fetch GET 200 https://registry.npmjs.org/postcss-minify-selectors 577ms (cache miss)
5068 timing metavuln:packument:postcss-minify-selectors Completed in 577ms
5069 timing metavuln:load:security-advisory:postcss-minify-selectors:685RVq5xScaqegAXk2BRJrsMaZmsz1d/volUoA67iVw3AvHhUlX03u+VPRrmo8iuObcSDvuZF+fuiOnLC9L1uA== Completed in 2ms
5070 http fetch GET 200 https://registry.npmjs.org/postcss-minify-params 580ms (cache miss)
5071 timing metavuln:packument:postcss-minify-params Completed in 581ms
5072 timing metavuln:load:security-advisory:postcss-minify-params:685RVq5xScaqegAXk2BRJrsMaZmsz1d/volUoA67iVw3AvHhUlX03u+VPRrmo8iuObcSDvuZF+fuiOnLC9L1uA== Completed in 2ms
5073 timing metavuln:cache:put:security-advisory:@csstools/postcss-normalize-display-values:GIl/yGkELA9/GprdIcqYLt7Wks5Zqwz491oXvINKJCn7u2KB4jcqQ8pH9Ba1wi5TJHpSjiuKbqVJh/xFhjhoqw== Completed in 93ms
5074 timing metavuln:calculate:security-advisory:@csstools/postcss-normalize-display-values:685RVq5xScaqegAXk2BRJrsMaZmsz1d/volUoA67iVw3AvHhUlX03u+VPRrmo8iuObcSDvuZF+fuiOnLC9L1uA== Completed in 607ms
5075 timing metavuln:cache:put:security-advisory:postcss-js:7Dfa3WF0PqZkbUhxoAQjJlkgZdLuLp+fhJ3URm30MQcXmsnM0xU7R5N+3bgIodfXBSgD0HfwyzJ32xZgkHlaLw== Completed in 94ms
5076 timing metavuln:calculate:security-advisory:postcss-js:685RVq5xScaqegAXk2BRJrsMaZmsz1d/volUoA67iVw3AvHhUlX03u+VPRrmo8iuObcSDvuZF+fuiOnLC9L1uA== Completed in 590ms
5077 timing metavuln:cache:put:security-advisory:postcss-logical:IhkgaqnF3+doNWxJQcJFVd8QJ0WuqJeXwD5UxLIZupkfp+vmww6jNgDAi+hUWAhWyd0UanV7ungRk4WY4SdgKg== Completed in 92ms
5078 timing metavuln:calculate:security-advisory:postcss-logical:685RVq5xScaqegAXk2BRJrsMaZmsz1d/volUoA67iVw3AvHhUlX03u+VPRrmo8iuObcSDvuZF+fuiOnLC9L1uA== Completed in 585ms
5079 http fetch GET 200 https://registry.npmjs.org/postcss-discard-empty 595ms (cache miss)
5080 timing metavuln:packument:postcss-discard-empty Completed in 595ms
5081 timing metavuln:load:security-advisory:postcss-discard-empty:685RVq5xScaqegAXk2BRJrsMaZmsz1d/volUoA67iVw3AvHhUlX03u+VPRrmo8iuObcSDvuZF+fuiOnLC9L1uA== Completed in 2ms
5082 http fetch GET 200 https://registry.npmjs.org/postcss-normalize 582ms (cache miss)
5083 timing metavuln:packument:postcss-normalize Completed in 582ms
5084 timing metavuln:load:security-advisory:postcss-normalize:685RVq5xScaqegAXk2BRJrsMaZmsz1d/volUoA67iVw3AvHhUlX03u+VPRrmo8iuObcSDvuZF+fuiOnLC9L1uA== Completed in 2ms
5085 timing metavuln:cache:put:security-advisory:postcss-import:VwOtlh0IEief3sJNT7YB6dWCFbrUSx8kyCkkQBGvgztZjufcSWUmNUdFxNrSSuBepUEeidxUn3nRzgJLMEjQGw== Completed in 89ms
5086 timing metavuln:calculate:security-advisory:postcss-import:685RVq5xScaqegAXk2BRJrsMaZmsz1d/volUoA67iVw3AvHhUlX03u+VPRrmo8iuObcSDvuZF+fuiOnLC9L1uA== Completed in 599ms
5087 timing metavuln:cache:put:security-advisory:postcss-load-config:FhXdA0fR1IrxHaZK3QtL/wev11dqh32g/R01sTwLFp0C+REMgRE0t1cm510C+M6iUo9KWFktfyTpp4X4qqA4og== Completed in 87ms
5088 timing metavuln:calculate:security-advisory:postcss-load-config:685RVq5xScaqegAXk2BRJrsMaZmsz1d/volUoA67iVw3AvHhUlX03u+VPRrmo8iuObcSDvuZF+fuiOnLC9L1uA== Completed in 594ms
5089 http fetch GET 200 https://registry.npmjs.org/postcss-merge-rules 592ms (cache miss)
5090 timing metavuln:packument:postcss-merge-rules Completed in 593ms
5091 timing metavuln:load:security-advisory:postcss-merge-rules:685RVq5xScaqegAXk2BRJrsMaZmsz1d/volUoA67iVw3AvHhUlX03u+VPRrmo8iuObcSDvuZF+fuiOnLC9L1uA== Completed in 2ms
5092 timing metavuln:cache:put:security-advisory:cssnano-preset-default:cMV+TE6ervXqeTh+WyauUkXbLmmRLpM2+NTOQkgfSoDdiXeZTo/nUgQujxc0lFYrpPNMPbcP0nVDIibqz5z6bA== Completed in 100ms
5093 timing metavuln:calculate:security-advisory:cssnano-preset-default:685RVq5xScaqegAXk2BRJrsMaZmsz1d/volUoA67iVw3AvHhUlX03u+VPRrmo8iuObcSDvuZF+fuiOnLC9L1uA== Completed in 617ms
5094 http fetch GET 200 https://registry.npmjs.org/postcss-nesting 597ms (cache miss)
5095 timing metavuln:packument:postcss-nesting Completed in 598ms
5096 timing metavuln:load:security-advisory:postcss-nesting:685RVq5xScaqegAXk2BRJrsMaZmsz1d/volUoA67iVw3AvHhUlX03u+VPRrmo8iuObcSDvuZF+fuiOnLC9L1uA== Completed in 2ms
5097 timing metavuln:cache:put:security-advisory:postcss-lab-function:78hJUWNnt+5H9O22L8oQsYds7w/nHC7aRbhJqC0Xb0CGE6IYRDsml+ZtR3mcmEVpBnTJPOmIN4AYJNNb4KhvCw== Completed in 90ms
5098 timing metavuln:calculate:security-advisory:postcss-lab-function:685RVq5xScaqegAXk2BRJrsMaZmsz1d/volUoA67iVw3AvHhUlX03u+VPRrmo8iuObcSDvuZF+fuiOnLC9L1uA== Completed in 612ms
5099 timing metavuln:cache:put:security-advisory:postcss-color-functional-notation:VE+UPR9XCTylNHWxE4/MF2C+yAedYMokiWY1/QLJ5hKdU2npYTidH3B7E2gw0p0RXu7+g8iymNe1qleTxmITwQ== Completed in 89ms
5100 timing metavuln:calculate:security-advisory:postcss-color-functional-notation:685RVq5xScaqegAXk2BRJrsMaZmsz1d/volUoA67iVw3AvHhUlX03u+VPRrmo8iuObcSDvuZF+fuiOnLC9L1uA== Completed in 624ms
5101 http fetch GET 200 https://registry.npmjs.org/postcss-normalize-charset 604ms (cache miss)
5102 timing metavuln:packument:postcss-normalize-charset Completed in 605ms
5103 timing metavuln:load:security-advisory:postcss-normalize-charset:685RVq5xScaqegAXk2BRJrsMaZmsz1d/volUoA67iVw3AvHhUlX03u+VPRrmo8iuObcSDvuZF+fuiOnLC9L1uA== Completed in 1ms
5104 http fetch GET 200 https://registry.npmjs.org/postcss-normalize-repeat-style 608ms (cache miss)
5105 timing metavuln:packument:postcss-normalize-repeat-style Completed in 608ms
5106 timing metavuln:load:security-advisory:postcss-normalize-repeat-style:685RVq5xScaqegAXk2BRJrsMaZmsz1d/volUoA67iVw3AvHhUlX03u+VPRrmo8iuObcSDvuZF+fuiOnLC9L1uA== Completed in 2ms
5107 http fetch GET 200 https://registry.npmjs.org/postcss-normalize-timing-functions 605ms (cache miss)
5108 timing metavuln:packument:postcss-normalize-timing-functions Completed in 605ms
5109 timing metavuln:load:security-advisory:postcss-normalize-timing-functions:685RVq5xScaqegAXk2BRJrsMaZmsz1d/volUoA67iVw3AvHhUlX03u+VPRrmo8iuObcSDvuZF+fuiOnLC9L1uA== Completed in 2ms
5110 http fetch GET 200 https://registry.npmjs.org/postcss-normalize-unicode 609ms (cache miss)
5111 timing metavuln:packument:postcss-normalize-unicode Completed in 610ms
5112 timing metavuln:load:security-advisory:postcss-normalize-unicode:685RVq5xScaqegAXk2BRJrsMaZmsz1d/volUoA67iVw3AvHhUlX03u+VPRrmo8iuObcSDvuZF+fuiOnLC9L1uA== Completed in 2ms
5113 timing metavuln:cache:put:security-advisory:cssnano:zD72djLmLBGc+ei+4AuLhHkje1xTjNb+s6cc0hvEJ2mVwSj9Z7FW7jYvud1cqVoXLDybXs1lz4SuYhFlpN/1BA== Completed in 88ms
5114 timing metavuln:calculate:security-advisory:cssnano:685RVq5xScaqegAXk2BRJrsMaZmsz1d/volUoA67iVw3AvHhUlX03u+VPRrmo8iuObcSDvuZF+fuiOnLC9L1uA== Completed in 641ms
5115 http fetch GET 200 https://registry.npmjs.org/postcss-opacity-percentage 616ms (cache miss)
5116 timing metavuln:packument:postcss-opacity-percentage Completed in 617ms
5117 timing metavuln:load:security-advisory:postcss-opacity-percentage:685RVq5xScaqegAXk2BRJrsMaZmsz1d/volUoA67iVw3AvHhUlX03u+VPRrmo8iuObcSDvuZF+fuiOnLC9L1uA== Completed in 0ms
5118 timing metavuln:cache:put:security-advisory:postcss-modules-extract-imports:pO8adaVoFeIpeh6QK333I1nCbDg4nBxesCC+lYFOdYBQkunfbi3v22rvCst6i4GAROIURKXDeJwoCghggF75cw== Completed in 93ms
5119 timing metavuln:calculate:security-advisory:postcss-modules-extract-imports:685RVq5xScaqegAXk2BRJrsMaZmsz1d/volUoA67iVw3AvHhUlX03u+VPRrmo8iuObcSDvuZF+fuiOnLC9L1uA== Completed in 630ms
5120 http fetch GET 200 https://registry.npmjs.org/postcss-overflow-shorthand 619ms (cache miss)
5121 timing metavuln:packument:postcss-overflow-shorthand Completed in 621ms
5122 timing metavuln:load:security-advisory:postcss-overflow-shorthand:685RVq5xScaqegAXk2BRJrsMaZmsz1d/volUoA67iVw3AvHhUlX03u+VPRrmo8iuObcSDvuZF+fuiOnLC9L1uA== Completed in 0ms
5123 timing metavuln:cache:put:security-advisory:postcss-loader:l9BA25/ejvuCBl+IvVZsH9JNMfX2qs+U1LcZzDlKtOoxBe8eHzHyIGj96SMIRn4zppHFRF/XKFcCYvxUVzeQ7g== Completed in 78ms
5124 timing metavuln:calculate:security-advisory:postcss-loader:685RVq5xScaqegAXk2BRJrsMaZmsz1d/volUoA67iVw3AvHhUlX03u+VPRrmo8iuObcSDvuZF+fuiOnLC9L1uA== Completed in 639ms
5125 http fetch GET 200 https://registry.npmjs.org/postcss-initial 644ms (cache miss)
5126 timing metavuln:packument:postcss-initial Completed in 645ms
5127 timing metavuln:load:security-advisory:postcss-initial:685RVq5xScaqegAXk2BRJrsMaZmsz1d/volUoA67iVw3AvHhUlX03u+VPRrmo8iuObcSDvuZF+fuiOnLC9L1uA== Completed in 1ms
5128 http fetch GET 200 https://registry.npmjs.org/postcss-place 625ms (cache miss)
5129 timing metavuln:packument:postcss-place Completed in 625ms
5130 timing metavuln:load:security-advisory:postcss-place:685RVq5xScaqegAXk2BRJrsMaZmsz1d/volUoA67iVw3AvHhUlX03u+VPRrmo8iuObcSDvuZF+fuiOnLC9L1uA== Completed in 1ms
5131 timing metavuln:cache:put:security-advisory:postcss-custom-media:o69dEgIl4zp8TAO02D4EXOpN410k3TxMQBBNi+Jd+/I268YZcSLgyWiuHDd6+8NqX1U2cr7lsP773i87TNdV1A== Completed in 77ms
5132 timing metavuln:calculate:security-advisory:postcss-custom-media:685RVq5xScaqegAXk2BRJrsMaZmsz1d/volUoA67iVw3AvHhUlX03u+VPRrmo8iuObcSDvuZF+fuiOnLC9L1uA== Completed in 656ms
5133 timing metavuln:cache:put:security-advisory:postcss-nested:mCcKA8XFfvT6w6bGl6a7/k6RImZZVDi8KAjU+A8cPCNXq2a3dx9LcOsomm9MDeI53yVFAiyp53jHXE2ps3qhVQ== Completed in 73ms
5134 timing metavuln:calculate:security-advisory:postcss-nested:685RVq5xScaqegAXk2BRJrsMaZmsz1d/volUoA67iVw3AvHhUlX03u+VPRrmo8iuObcSDvuZF+fuiOnLC9L1uA== Completed in 641ms
5135 timing metavuln:cache:put:security-advisory:postcss-modules-local-by-default:IoxeA9so2tiLbcQ0Ba2wfcMpOVMJaQc2Om8oaXwISH7qf7K4DX2JybvewEXwWRf4IaCCem6mSD6tFn2FRRP/qA== Completed in 72ms
5136 timing metavuln:calculate:security-advisory:postcss-modules-local-by-default:685RVq5xScaqegAXk2BRJrsMaZmsz1d/volUoA67iVw3AvHhUlX03u+VPRrmo8iuObcSDvuZF+fuiOnLC9L1uA== Completed in 643ms
5137 http fetch GET 200 https://registry.npmjs.org/postcss-normalize-whitespace 633ms (cache miss)
5138 timing metavuln:packument:postcss-normalize-whitespace Completed in 634ms
5139 timing metavuln:load:security-advisory:postcss-normalize-whitespace:685RVq5xScaqegAXk2BRJrsMaZmsz1d/volUoA67iVw3AvHhUlX03u+VPRrmo8iuObcSDvuZF+fuiOnLC9L1uA== Completed in 1ms
5140 timing metavuln:cache:put:security-advisory:postcss-merge-longhand:QAhwqKeudEcRvGgZDQKhB330L6JNShVZ3lnROR9BfeRP11E7dM/x7T8ij9CjwncxIudKgRryTFbFcGAO/7Wfag== Completed in 71ms
5141 timing metavuln:calculate:security-advisory:postcss-merge-longhand:685RVq5xScaqegAXk2BRJrsMaZmsz1d/volUoA67iVw3AvHhUlX03u+VPRrmo8iuObcSDvuZF+fuiOnLC9L1uA== Completed in 649ms
5142 timing metavuln:cache:put:security-advisory:postcss-normalize:fvabTe6JJglKayjBvESeusXccyFUr3WDMLv8CgsQT7hfWlUBQSpIwC3z1VUlHrYPTIsxpwoS/PKjyO/sdi1AUA== Completed in 61ms
5143 timing metavuln:calculate:security-advisory:postcss-normalize:685RVq5xScaqegAXk2BRJrsMaZmsz1d/volUoA67iVw3AvHhUlX03u+VPRrmo8iuObcSDvuZF+fuiOnLC9L1uA== Completed in 645ms
5144 timing metavuln:cache:put:security-advisory:postcss-minify-selectors:XYAroQh+8rvQjxptLx403+EWgTZCcXTX8dJT2dtfDIG5xSML27Qe1U6k7ZA/1STtCVPQzD7w9/2OtSD2pJ6w+g== Completed in 68ms
5145 timing metavuln:calculate:security-advisory:postcss-minify-selectors:685RVq5xScaqegAXk2BRJrsMaZmsz1d/volUoA67iVw3AvHhUlX03u+VPRrmo8iuObcSDvuZF+fuiOnLC9L1uA== Completed in 648ms
5146 timing metavuln:cache:put:security-advisory:postcss-minify-params:x02B2k9TNqMB2euNendTYwMS257olihGn1Xw19HFHIQUULTdJhfjhnW4SmVKwCIw4mzss42P6wIBL3xEFZgiYg== Completed in 65ms
5147 timing metavuln:calculate:security-advisory:postcss-minify-params:685RVq5xScaqegAXk2BRJrsMaZmsz1d/volUoA67iVw3AvHhUlX03u+VPRrmo8iuObcSDvuZF+fuiOnLC9L1uA== Completed in 648ms
5148 timing metavuln:cache:put:security-advisory:postcss-discard-empty:Idt2Y2UTi70B+O9kdcqYpZAC24KILK2EFv8x44d+rUfmq8BHyXF+XQ4zuFyIJzkQoZSoqLW9p9eceSNkdYuKEQ== Completed in 63ms
5149 timing metavuln:calculate:security-advisory:postcss-discard-empty:685RVq5xScaqegAXk2BRJrsMaZmsz1d/volUoA67iVw3AvHhUlX03u+VPRrmo8iuObcSDvuZF+fuiOnLC9L1uA== Completed in 660ms
5150 timing metavuln:cache:put:security-advisory:postcss-merge-rules:8GkrIU2NT5yzFLzGeWQnvoBc/Y+1zcIFJM3k1mI843x7QQC1elQKGpd/xuR8DCgaFDyksRFi8l7azddd/3YK7w== Completed in 55ms
5151 timing metavuln:calculate:security-advisory:postcss-merge-rules:685RVq5xScaqegAXk2BRJrsMaZmsz1d/volUoA67iVw3AvHhUlX03u+VPRrmo8iuObcSDvuZF+fuiOnLC9L1uA== Completed in 650ms
5152 http fetch GET 200 https://registry.npmjs.org/postcss-pseudo-class-any-link 635ms (cache miss)
5153 timing metavuln:packument:postcss-pseudo-class-any-link Completed in 635ms
5154 timing metavuln:load:security-advisory:postcss-pseudo-class-any-link:685RVq5xScaqegAXk2BRJrsMaZmsz1d/volUoA67iVw3AvHhUlX03u+VPRrmo8iuObcSDvuZF+fuiOnLC9L1uA== Completed in 1ms
5155 http fetch GET 200 https://registry.npmjs.org/postcss-replace-overflow-wrap 636ms (cache miss)
5156 timing metavuln:packument:postcss-replace-overflow-wrap Completed in 636ms
5157 timing metavuln:load:security-advisory:postcss-replace-overflow-wrap:685RVq5xScaqegAXk2BRJrsMaZmsz1d/volUoA67iVw3AvHhUlX03u+VPRrmo8iuObcSDvuZF+fuiOnLC9L1uA== Completed in 0ms
5158 timing metavuln:cache:put:security-advisory:postcss-nesting:kgarDL2G2BdPZ4Hsriu39o/GYvQrqOKAx5hvSKdhVuJ/yoow1w8/L+ptSx7FtB86iJBY7PSMl9ccMokxbJYTGw== Completed in 51ms
5159 timing metavuln:calculate:security-advisory:postcss-nesting:685RVq5xScaqegAXk2BRJrsMaZmsz1d/volUoA67iVw3AvHhUlX03u+VPRrmo8iuObcSDvuZF+fuiOnLC9L1uA== Completed in 651ms
5160 timing metavuln:cache:put:security-advisory:postcss-normalize-charset:E3Du6EOlfHLpxoqiN2PSjybi0zLZpPDkjfS0wF1H6RTp1yWwrxhs8IwOfPKpT6iJ6CvbDEzB2eYYcKqGcZmV2Q== Completed in 45ms
5161 timing metavuln:calculate:security-advisory:postcss-normalize-charset:685RVq5xScaqegAXk2BRJrsMaZmsz1d/volUoA67iVw3AvHhUlX03u+VPRrmo8iuObcSDvuZF+fuiOnLC9L1uA== Completed in 651ms
5162 http fetch GET 200 https://registry.npmjs.org/postcss-reduce-initial 640ms (cache miss)
5163 timing metavuln:packument:postcss-reduce-initial Completed in 642ms
5164 timing metavuln:load:security-advisory:postcss-reduce-initial:685RVq5xScaqegAXk2BRJrsMaZmsz1d/volUoA67iVw3AvHhUlX03u+VPRrmo8iuObcSDvuZF+fuiOnLC9L1uA== Completed in 1ms
5165 timing metavuln:cache:put:security-advisory:postcss-normalize-repeat-style:E2ww2IApidsxEYrO/e9/Kk7NMYVW5USclGJPtisu6YvoA+hvqTUgAXkWq+4D3zcpXHCRdt8Wlai7RexrbN8zGA== Completed in 43ms
5166 timing metavuln:calculate:security-advisory:postcss-normalize-repeat-style:685RVq5xScaqegAXk2BRJrsMaZmsz1d/volUoA67iVw3AvHhUlX03u+VPRrmo8iuObcSDvuZF+fuiOnLC9L1uA== Completed in 653ms
5167 timing metavuln:cache:put:security-advisory:postcss-normalize-timing-functions:E8wI8AThw4GozEIrQ9KZPuK65+E/qIA3gMcZHQaBU/Ok7kwugMi1AVPaTuMvmSlKPSSesY4jUM1Fo2GgNDGZBA== Completed in 41ms
5168 timing metavuln:calculate:security-advisory:postcss-normalize-timing-functions:685RVq5xScaqegAXk2BRJrsMaZmsz1d/volUoA67iVw3AvHhUlX03u+VPRrmo8iuObcSDvuZF+fuiOnLC9L1uA== Completed in 648ms
5169 http fetch GET 200 https://registry.npmjs.org/postcss-modules-scope 658ms (cache miss)
5170 timing metavuln:packument:postcss-modules-scope Completed in 658ms
5171 timing metavuln:load:security-advisory:postcss-modules-scope:685RVq5xScaqegAXk2BRJrsMaZmsz1d/volUoA67iVw3AvHhUlX03u+VPRrmo8iuObcSDvuZF+fuiOnLC9L1uA== Completed in 1ms
5172 timing metavuln:cache:put:security-advisory:postcss-normalize-unicode:DxhkA49buGqCkc6pIBr+AykEL9tvKGYfJGjHX8VJyE4dEg3DOz+wz3BFB4czvS1XgQJqwoTb5l/1g3XzW3zDKA== Completed in 40ms
5173 timing metavuln:calculate:security-advisory:postcss-normalize-unicode:685RVq5xScaqegAXk2BRJrsMaZmsz1d/volUoA67iVw3AvHhUlX03u+VPRrmo8iuObcSDvuZF+fuiOnLC9L1uA== Completed in 652ms
5174 http fetch GET 200 https://registry.npmjs.org/postcss-minify-font-values 662ms (cache miss)
5175 timing metavuln:packument:postcss-minify-font-values Completed in 663ms
5176 timing metavuln:load:security-advisory:postcss-minify-font-values:685RVq5xScaqegAXk2BRJrsMaZmsz1d/volUoA67iVw3AvHhUlX03u+VPRrmo8iuObcSDvuZF+fuiOnLC9L1uA== Completed in 1ms
5177 http fetch GET 200 https://registry.npmjs.org/postcss-modules-values 663ms (cache miss)
5178 timing metavuln:packument:postcss-modules-values Completed in 663ms
5179 timing metavuln:load:security-advisory:postcss-modules-values:685RVq5xScaqegAXk2BRJrsMaZmsz1d/volUoA67iVw3AvHhUlX03u+VPRrmo8iuObcSDvuZF+fuiOnLC9L1uA== Completed in 1ms
5180 http fetch GET 200 https://registry.npmjs.org/postcss-selector-not 650ms (cache miss)
5181 timing metavuln:packument:postcss-selector-not Completed in 650ms
5182 timing metavuln:load:security-advisory:postcss-selector-not:685RVq5xScaqegAXk2BRJrsMaZmsz1d/volUoA67iVw3AvHhUlX03u+VPRrmo8iuObcSDvuZF+fuiOnLC9L1uA== Completed in 0ms
5183 timing metavuln:cache:put:security-advisory:postcss-opacity-percentage:OnxAN6XRBh+pNsglBdrR9ekdMO/9QX/Vekmd76vrkMtoFiHJr2PoWvobctyJ5enY+pBwXSn+R1XsH9ANUgAHPQ== Completed in 38ms
5184 timing metavuln:calculate:security-advisory:postcss-opacity-percentage:685RVq5xScaqegAXk2BRJrsMaZmsz1d/volUoA67iVw3AvHhUlX03u+VPRrmo8iuObcSDvuZF+fuiOnLC9L1uA== Completed in 655ms
5185 http fetch GET 200 https://registry.npmjs.org/postcss-reduce-transforms 652ms (cache miss)
5186 timing metavuln:packument:postcss-reduce-transforms Completed in 653ms
5187 timing metavuln:load:security-advisory:postcss-reduce-transforms:685RVq5xScaqegAXk2BRJrsMaZmsz1d/volUoA67iVw3AvHhUlX03u+VPRrmo8iuObcSDvuZF+fuiOnLC9L1uA== Completed in 3ms
5188 timing metavuln:cache:put:security-advisory:postcss-overflow-shorthand:Brnq+clx4tpI6GWyGYa+LMHHn0ruFihegfcsPbAwWeF8Ks+xP+rTJeN8wESLMPCDaQ/lsiFmFpB7UpBD6ri5sw== Completed in 45ms
5189 timing metavuln:calculate:security-advisory:postcss-overflow-shorthand:685RVq5xScaqegAXk2BRJrsMaZmsz1d/volUoA67iVw3AvHhUlX03u+VPRrmo8iuObcSDvuZF+fuiOnLC9L1uA== Completed in 666ms
5190 timing metavuln:cache:put:security-advisory:postcss-initial:LeL2Lrmcigh4o5GjxuYoZQm6ikWDGh5CIAuRYsF7Cc/d9lu3XhF9RgsSI4iwXSCcLIkrOPSYj1RGH2A6NbPkDw== Completed in 40ms
5191 timing metavuln:calculate:security-advisory:postcss-initial:685RVq5xScaqegAXk2BRJrsMaZmsz1d/volUoA67iVw3AvHhUlX03u+VPRrmo8iuObcSDvuZF+fuiOnLC9L1uA== Completed in 686ms
5192 timing metavuln:cache:put:security-advisory:postcss-place:xodRyWsjBw5G9XJCh2AnVKalsz4TcGK+X9eqJ9hCCMss9WaM1gXrfl4hOwPkJPn5Z57KiB6UVdhFl0+YtJkAJA== Completed in 40ms
5193 timing metavuln:calculate:security-advisory:postcss-place:685RVq5xScaqegAXk2BRJrsMaZmsz1d/volUoA67iVw3AvHhUlX03u+VPRrmo8iuObcSDvuZF+fuiOnLC9L1uA== Completed in 666ms
5194 timing metavuln:cache:put:security-advisory:postcss-normalize-whitespace:yARv5yXxFDFT8EXykpHIhbUsT41HmbBS83R1zOCqhix37aGGenSRTA2WPqxBt9IIMHDoCGF2VaIPCeyCKaXy5Q== Completed in 37ms
5195 timing metavuln:calculate:security-advisory:postcss-normalize-whitespace:685RVq5xScaqegAXk2BRJrsMaZmsz1d/volUoA67iVw3AvHhUlX03u+VPRrmo8iuObcSDvuZF+fuiOnLC9L1uA== Completed in 672ms
5196 http fetch GET 200 https://registry.npmjs.org/postcss-svgo 667ms (cache miss)
5197 timing metavuln:packument:postcss-svgo Completed in 668ms
5198 timing metavuln:load:security-advisory:postcss-svgo:685RVq5xScaqegAXk2BRJrsMaZmsz1d/volUoA67iVw3AvHhUlX03u+VPRrmo8iuObcSDvuZF+fuiOnLC9L1uA== Completed in 2ms
5199 http fetch GET 200 https://registry.npmjs.org/postcss-minify-gradients 687ms (cache miss)
5200 timing metavuln:packument:postcss-minify-gradients Completed in 687ms
5201 timing metavuln:load:security-advisory:postcss-minify-gradients:685RVq5xScaqegAXk2BRJrsMaZmsz1d/volUoA67iVw3AvHhUlX03u+VPRrmo8iuObcSDvuZF+fuiOnLC9L1uA== Completed in 2ms
5202 http fetch GET 200 https://registry.npmjs.org/postcss-unique-selectors 675ms (cache miss)
5203 timing metavuln:packument:postcss-unique-selectors Completed in 676ms
5204 timing metavuln:load:security-advisory:postcss-unique-selectors:685RVq5xScaqegAXk2BRJrsMaZmsz1d/volUoA67iVw3AvHhUlX03u+VPRrmo8iuObcSDvuZF+fuiOnLC9L1uA== Completed in 3ms
5205 timing metavuln:cache:put:security-advisory:postcss-pseudo-class-any-link:3zKX3Ph+Yw6Aaoy5dSHU44twYD1mXuWrdF3Mkm7CqQ8FDKgSjM+uHObtXUN4oIxlWNrj4COUrc78SnD8rLHsFg== Completed in 45ms
5206 timing metavuln:calculate:security-advisory:postcss-pseudo-class-any-link:685RVq5xScaqegAXk2BRJrsMaZmsz1d/volUoA67iVw3AvHhUlX03u+VPRrmo8iuObcSDvuZF+fuiOnLC9L1uA== Completed in 681ms
5207 timing metavuln:cache:put:security-advisory:postcss-replace-overflow-wrap:TijqBaD11c8TSRZMq0lY319NyiVNSSDu3EvPkpNttYZPabisiBCI5qZltxO7KiN3V0e+t6qexpBVEE2rZDjztw== Completed in 44ms
5208 timing metavuln:calculate:security-advisory:postcss-replace-overflow-wrap:685RVq5xScaqegAXk2BRJrsMaZmsz1d/volUoA67iVw3AvHhUlX03u+VPRrmo8iuObcSDvuZF+fuiOnLC9L1uA== Completed in 680ms
5209 timing metavuln:cache:put:security-advisory:postcss-reduce-initial:HhBjkDYAbVkuDlozXHYk0JQhcnu8HBYybXnM8uXD8qZeOEl2TBQdnMi7FToT3Z8eakRK9jsmVZ7o7RDzydZsAA== Completed in 42ms
5210 timing metavuln:calculate:security-advisory:postcss-reduce-initial:685RVq5xScaqegAXk2BRJrsMaZmsz1d/volUoA67iVw3AvHhUlX03u+VPRrmo8iuObcSDvuZF+fuiOnLC9L1uA== Completed in 685ms
5211 timing metavuln:cache:put:security-advisory:postcss-modules-scope:z+3PTeHIelVshhTe2Ovq0Y9wC3+Q0QfTrrJbv7XtO31Shr3eq9UViirIFZfVcs4XzMaFMlDmdBvR45D6ISwEqA== Completed in 39ms
5212 timing metavuln:calculate:security-advisory:postcss-modules-scope:685RVq5xScaqegAXk2BRJrsMaZmsz1d/volUoA67iVw3AvHhUlX03u+VPRrmo8iuObcSDvuZF+fuiOnLC9L1uA== Completed in 698ms
5213 timing metavuln:cache:put:security-advisory:postcss-minify-font-values:VOEmQCTFy3YBSBqR/zVarL+QNqJSoP4Fo+7YkcpCpYwrtyiuARH7ZhGYn9eTsbIiRtTH4WSGTHXD4yxtVoSTEQ== Completed in 37ms
5214 timing metavuln:calculate:security-advisory:postcss-minify-font-values:685RVq5xScaqegAXk2BRJrsMaZmsz1d/volUoA67iVw3AvHhUlX03u+VPRrmo8iuObcSDvuZF+fuiOnLC9L1uA== Completed in 702ms
5215 timing metavuln:cache:put:security-advisory:postcss-modules-values:KFmsl5u6hC2dp0QQ2Ksw2XQKCfRZ0q9cfRETuUxHJpoCBmS+N/n0FEVOS5+9bA4qU2zkg2VIwXbf6Z9u67Wxdg== Completed in 35ms
5216 timing metavuln:calculate:security-advisory:postcss-modules-values:685RVq5xScaqegAXk2BRJrsMaZmsz1d/volUoA67iVw3AvHhUlX03u+VPRrmo8iuObcSDvuZF+fuiOnLC9L1uA== Completed in 699ms
5217 timing metavuln:cache:put:security-advisory:postcss-selector-not:JOf41ckECHS657WNDpSdjhFs2Fru69x+dUKDFVJshjKrVImb3IUjq25eTVaqG+GpTQw4f1xaehSef4dvPU26Og== Completed in 35ms
5218 timing metavuln:calculate:security-advisory:postcss-selector-not:685RVq5xScaqegAXk2BRJrsMaZmsz1d/volUoA67iVw3AvHhUlX03u+VPRrmo8iuObcSDvuZF+fuiOnLC9L1uA== Completed in 686ms
5219 timing metavuln:cache:put:security-advisory:postcss-reduce-transforms:mvYKn1YXcMB9yhu6vWxXU47nPwB1WkJp/6ybzNdy3T+hu5r0GQbABW4T6gwvFeLdItNfBrk/0p/lyjvE+8XH6A== Completed in 32ms
5220 timing metavuln:calculate:security-advisory:postcss-reduce-transforms:685RVq5xScaqegAXk2BRJrsMaZmsz1d/volUoA67iVw3AvHhUlX03u+VPRrmo8iuObcSDvuZF+fuiOnLC9L1uA== Completed in 688ms
5221 http fetch GET 200 https://registry.npmjs.org/postcss-normalize-positions 698ms (cache miss)
5222 timing metavuln:packument:postcss-normalize-positions Completed in 699ms
5223 timing metavuln:load:security-advisory:postcss-normalize-positions:685RVq5xScaqegAXk2BRJrsMaZmsz1d/volUoA67iVw3AvHhUlX03u+VPRrmo8iuObcSDvuZF+fuiOnLC9L1uA== Completed in 1ms
5224 http fetch GET 200 https://registry.npmjs.org/postcss-normalize-string 698ms (cache miss)
5225 timing metavuln:packument:postcss-normalize-string Completed in 704ms
5226 timing metavuln:load:security-advisory:postcss-normalize-string:685RVq5xScaqegAXk2BRJrsMaZmsz1d/volUoA67iVw3AvHhUlX03u+VPRrmo8iuObcSDvuZF+fuiOnLC9L1uA== Completed in 1ms
5227 http fetch GET 200 https://registry.npmjs.org/postcss-normalize-display-values 706ms (cache miss)
5228 timing metavuln:packument:postcss-normalize-display-values Completed in 706ms
5229 timing metavuln:load:security-advisory:postcss-normalize-display-values:685RVq5xScaqegAXk2BRJrsMaZmsz1d/volUoA67iVw3AvHhUlX03u+VPRrmo8iuObcSDvuZF+fuiOnLC9L1uA== Completed in 2ms
5230 http fetch GET 200 https://registry.npmjs.org/postcss-normalize-url 701ms (cache miss)
5231 timing metavuln:packument:postcss-normalize-url Completed in 701ms
5232 timing metavuln:load:security-advisory:postcss-normalize-url:685RVq5xScaqegAXk2BRJrsMaZmsz1d/volUoA67iVw3AvHhUlX03u+VPRrmo8iuObcSDvuZF+fuiOnLC9L1uA== Completed in 2ms
5233 timing metavuln:cache:put:security-advisory:postcss-svgo:ie2TPfTFXTcQgcGGQPaw1f8QQ0iWqYO3Zy9G9Ql95EfJnp4kAruES7FoDM7DDrrYujUGFr7EjLAVnZoNzxHBSw== Completed in 29ms
5234 timing metavuln:calculate:security-advisory:postcss-svgo:685RVq5xScaqegAXk2BRJrsMaZmsz1d/volUoA67iVw3AvHhUlX03u+VPRrmo8iuObcSDvuZF+fuiOnLC9L1uA== Completed in 699ms
5235 timing metavuln:cache:put:security-advisory:postcss-minify-gradients:k24kUcI7VFSTmW8YVG5XHIwPfHsJ8pWSWhW14jqa2R7w6o3t4183TUjo5I1V0SC78cRP2cEmfoQQvTccore3rg== Completed in 30ms
5236 timing metavuln:calculate:security-advisory:postcss-minify-gradients:685RVq5xScaqegAXk2BRJrsMaZmsz1d/volUoA67iVw3AvHhUlX03u+VPRrmo8iuObcSDvuZF+fuiOnLC9L1uA== Completed in 719ms
5237 timing metavuln:cache:put:security-advisory:postcss-unique-selectors:4c8dC/4q/sA22OUR9spyZaSXKo1Tu/NOqeMRx90w0BMnxWCsEftQILNWu89/9u+WRYhqsict1/bk3SvZvMvOYg== Completed in 25ms
5238 timing metavuln:calculate:security-advisory:postcss-unique-selectors:685RVq5xScaqegAXk2BRJrsMaZmsz1d/volUoA67iVw3AvHhUlX03u+VPRrmo8iuObcSDvuZF+fuiOnLC9L1uA== Completed in 704ms
5239 timing metavuln:cache:put:security-advisory:postcss-normalize-positions:wud9B1ltjYuClr5tGR+CVd87LwxVkugS9/25w+MMuqRMDeCKZk+KyRTSZMcSzJaWzqWz2qeYmhYlIl/+EjLHFA== Completed in 24ms
5240 timing metavuln:calculate:security-advisory:postcss-normalize-positions:685RVq5xScaqegAXk2BRJrsMaZmsz1d/volUoA67iVw3AvHhUlX03u+VPRrmo8iuObcSDvuZF+fuiOnLC9L1uA== Completed in 724ms
5241 timing metavuln:cache:put:security-advisory:postcss-normalize-string:5/ZeUXaxqoWaw8YsGL1wObbNDQNmhwAGvbagWbVEVxcJdaHu3g4uzmOgp/riWiYa4kT1Is9dmwonPd5LRVXTow== Completed in 19ms
5242 timing metavuln:calculate:security-advisory:postcss-normalize-string:685RVq5xScaqegAXk2BRJrsMaZmsz1d/volUoA67iVw3AvHhUlX03u+VPRrmo8iuObcSDvuZF+fuiOnLC9L1uA== Completed in 724ms
5243 timing metavuln:cache:put:security-advisory:postcss-normalize-url:MZz0iug/tsqpSw2XqEvOAQqQ1fS3uP0Ftab5KTFCHWYh3VYPJ/cXImBdm8V+6vE4zgcMlJr917eNRnt5qWsPrg== Completed in 15ms
5244 timing metavuln:calculate:security-advisory:postcss-normalize-url:685RVq5xScaqegAXk2BRJrsMaZmsz1d/volUoA67iVw3AvHhUlX03u+VPRrmo8iuObcSDvuZF+fuiOnLC9L1uA== Completed in 718ms
5245 timing metavuln:cache:put:security-advisory:postcss-normalize-display-values:au0dPbeKabXAokoEcQeipDDJXrhkLYfjVFxGyPrIJimhl4Ca1306ss+C8jR6F1PsBBl6wV/w5+Sb8EfmfBk10w== Completed in 17ms
5246 timing metavuln:calculate:security-advisory:postcss-normalize-display-values:685RVq5xScaqegAXk2BRJrsMaZmsz1d/volUoA67iVw3AvHhUlX03u+VPRrmo8iuObcSDvuZF+fuiOnLC9L1uA== Completed in 725ms
5247 http fetch GET 200 https://registry.npmjs.org/postcss-page-break 716ms (cache miss)
5248 timing metavuln:packument:postcss-page-break Completed in 716ms
5249 timing metavuln:load:security-advisory:postcss-page-break:685RVq5xScaqegAXk2BRJrsMaZmsz1d/volUoA67iVw3AvHhUlX03u+VPRrmo8iuObcSDvuZF+fuiOnLC9L1uA== Completed in 2ms
5250 http fetch GET 200 https://registry.npmjs.org/postcss-ordered-values 723ms (cache miss)
5251 timing metavuln:packument:postcss-ordered-values Completed in 723ms
5252 timing metavuln:load:security-advisory:postcss-ordered-values:685RVq5xScaqegAXk2BRJrsMaZmsz1d/volUoA67iVw3AvHhUlX03u+VPRrmo8iuObcSDvuZF+fuiOnLC9L1uA== Completed in 2ms
5253 timing metavuln:cache:put:security-advisory:postcss-page-break:5FaWVO+jkz3WC0W0KfjbfavhqumW2pfsL+YbL5T6ASrTGvLi/rSxGcC4Y4YX1riYSMm5kJxatzeSOl+8JVjFaw== Completed in 15ms
5254 timing metavuln:calculate:security-advisory:postcss-page-break:685RVq5xScaqegAXk2BRJrsMaZmsz1d/volUoA67iVw3AvHhUlX03u+VPRrmo8iuObcSDvuZF+fuiOnLC9L1uA== Completed in 733ms
5255 timing metavuln:cache:put:security-advisory:postcss-ordered-values:G9H+XVSmIBGHDIS8Gtj1l8RI7H5y6KOSkhGeRWlgbSx2xTKm5lK2FeV3GzDOqHkNueSu14R0hn4VRNDiTksEQA== Completed in 12ms
5256 timing metavuln:calculate:security-advisory:postcss-ordered-values:685RVq5xScaqegAXk2BRJrsMaZmsz1d/volUoA67iVw3AvHhUlX03u+VPRrmo8iuObcSDvuZF+fuiOnLC9L1uA== Completed in 737ms
5257 http fetch GET 200 https://registry.npmjs.org/postcss-preset-env 759ms (cache miss)
5258 timing metavuln:packument:postcss-preset-env Completed in 764ms
5259 timing metavuln:load:security-advisory:postcss-preset-env:685RVq5xScaqegAXk2BRJrsMaZmsz1d/volUoA67iVw3AvHhUlX03u+VPRrmo8iuObcSDvuZF+fuiOnLC9L1uA== Completed in 3ms
5260 timing metavuln:cache:put:security-advisory:postcss-preset-env:GZUcWFY7cvkZtnmCuh3NgctrgeIZlM7X0w+6sHtYY+PKZoNllkC68F2CO+T7L+diFSZyZ8S5VJvpwCVDRE8Rtw== Completed in 9ms
5261 timing metavuln:calculate:security-advisory:postcss-preset-env:685RVq5xScaqegAXk2BRJrsMaZmsz1d/volUoA67iVw3AvHhUlX03u+VPRrmo8iuObcSDvuZF+fuiOnLC9L1uA== Completed in 777ms
5262 http fetch GET 200 https://registry.npmjs.org/stylehacks 846ms (cache miss)
5263 timing metavuln:packument:stylehacks Completed in 847ms
5264 timing metavuln:load:security-advisory:stylehacks:685RVq5xScaqegAXk2BRJrsMaZmsz1d/volUoA67iVw3AvHhUlX03u+VPRrmo8iuObcSDvuZF+fuiOnLC9L1uA== Completed in 2ms
5265 http fetch GET 200 https://registry.npmjs.org/react-scripts 853ms (cache miss)
5266 timing metavuln:packument:react-scripts Completed in 858ms
5267 timing metavuln:load:security-advisory:react-scripts:685RVq5xScaqegAXk2BRJrsMaZmsz1d/volUoA67iVw3AvHhUlX03u+VPRrmo8iuObcSDvuZF+fuiOnLC9L1uA== Completed in 4ms
5268 timing metavuln:cache:put:security-advisory:stylehacks:UUK22sH+mLvLVhpxrVvvF8VG+dT6nKViqN4dzJMheVnogbIcUwOqgKxbmh1Nq4v9YNGnPyHd9/ekR8/KUfAj4w== Completed in 20ms
5269 timing metavuln:calculate:security-advisory:stylehacks:685RVq5xScaqegAXk2BRJrsMaZmsz1d/volUoA67iVw3AvHhUlX03u+VPRrmo8iuObcSDvuZF+fuiOnLC9L1uA== Completed in 869ms
5270 timing metavuln:cache:put:security-advisory:react-scripts:Os59a9FJQFFrA03hxsWMyAX7Fpx3gE4McG0xBNd6g7exoz9Xvc06jKgDy2LsjHbWE4fiWd23pUueybjqp/gzsQ== Completed in 11ms
5271 timing metavuln:calculate:security-advisory:react-scripts:685RVq5xScaqegAXk2BRJrsMaZmsz1d/volUoA67iVw3AvHhUlX03u+VPRrmo8iuObcSDvuZF+fuiOnLC9L1uA== Completed in 873ms
5272 http fetch GET 200 https://registry.npmjs.org/tailwindcss 1077ms (cache miss)
5273 timing metavuln:packument:tailwindcss Completed in 1103ms
5274 timing metavuln:load:security-advisory:tailwindcss:685RVq5xScaqegAXk2BRJrsMaZmsz1d/volUoA67iVw3AvHhUlX03u+VPRrmo8iuObcSDvuZF+fuiOnLC9L1uA== Completed in 120ms
5275 timing metavuln:cache:put:security-advisory:tailwindcss:Wm007sCVWjkA04OBm6ZCSCsJkdGQY5RAH4XpfgL2p7xK66fUCbotwkcxJYpDlyc4fFY46o8Kz8jfv4HeADWOJQ== Completed in 7ms
5276 timing metavuln:calculate:security-advisory:tailwindcss:685RVq5xScaqegAXk2BRJrsMaZmsz1d/volUoA67iVw3AvHhUlX03u+VPRrmo8iuObcSDvuZF+fuiOnLC9L1uA== Completed in 1231ms
5277 timing metavuln:cache:get:security-advisory:cosmiconfig:ZvIWteQ796/BgjsXeBwnpY0UlwY+M0jRkgNj5nVphOxv65fNOs7olWBctH9D4KJrcua3xImx2wvc2Yt82iaKyA== Completed in 1ms
5278 timing metavuln:cache:get:security-advisory:cssnano:la3FBUzMDWBRWUReTQJaXn9GcfYlmFnXn6w6rkJhe6Ze5Pj9B99yQ5tWXb3gavPX1/yQVN4KnPDkBXITv+O37g== Completed in 1ms
5279 timing metavuln:load:security-advisory:cssnano:O6zOK1Cn9/3FZISL60o6/SOMQkiOfzmZ3FIQSh8ciqQQ3pt7Wl9H9Q/gRJuFGa9hM9N+9vhsYsf7hziTGiJueg== Completed in 1ms
5280 timing metavuln:cache:put:security-advisory:cssnano:la3FBUzMDWBRWUReTQJaXn9GcfYlmFnXn6w6rkJhe6Ze5Pj9B99yQ5tWXb3gavPX1/yQVN4KnPDkBXITv+O37g== Completed in 8ms
5281 timing metavuln:calculate:security-advisory:cssnano:O6zOK1Cn9/3FZISL60o6/SOMQkiOfzmZ3FIQSh8ciqQQ3pt7Wl9H9Q/gRJuFGa9hM9N+9vhsYsf7hziTGiJueg== Completed in 10ms
5282 http fetch GET 200 https://registry.npmjs.org/core-js/-/core-js-3.42.0.tgz 16362ms (cache miss)
5283 timing reifyNode:node_modules/core-js Completed in 17481ms
5284 http fetch GET 200 https://registry.npmjs.org/core-js-pure/-/core-js-pure-3.42.0.tgz 16366ms (cache miss)
5285 timing reifyNode:node_modules/core-js-pure Completed in 17483ms
5286 http fetch GET 200 https://registry.npmjs.org/typescript/-/typescript-4.9.5.tgz 17004ms (cache miss)
5287 timing reifyNode:node_modules/typescript Completed in 17618ms
5288 timing reify:unpack Completed in 17629ms
5289 timing reify:unretire Completed in 1ms
5290 timing build:queue Completed in 27ms
5291 timing build:link:node_modules/ansi-html-community Completed in 9ms
5292 timing build:link:node_modules/jest-cli Completed in 7ms
5293 timing build:link:node_modules/@babel/parser Completed in 14ms
5294 timing build:link:node_modules/@babel/eslint-parser/node_modules/semver Completed in 9ms
5295 timing build:link:node_modules/@babel/core/node_modules/semver Completed in 10ms
5296 timing build:link:node_modules/@babel/helper-create-regexp-features-plugin/node_modules/semver Completed in 9ms
5297 timing build:link:node_modules/@babel/helper-compilation-targets/node_modules/semver Completed in 9ms
5298 timing build:link:node_modules/@babel/preset-env/node_modules/semver Completed in 9ms
5299 timing build:link:node_modules/@babel/helper-create-class-features-plugin/node_modules/semver Completed in 9ms
5300 timing build:link:node_modules/@eslint/eslintrc/node_modules/js-yaml Completed in 9ms
5301 timing build:link:node_modules/@babel/plugin-transform-runtime/node_modules/semver Completed in 9ms
5302 timing build:link:node_modules/acorn-globals/node_modules/acorn Completed in 9ms
5303 timing build:link:node_modules/babel-plugin-polyfill-corejs2/node_modules/semver Completed in 9ms
5304 timing build:link:node_modules/eslint-plugin-import/node_modules/semver Completed in 9ms
5305 timing build:link:node_modules/eslint-plugin-react/node_modules/resolve Completed in 9ms
5306 timing build:link:node_modules/eslint/node_modules/js-yaml Completed in 9ms
5307 timing build:link:node_modules/global-prefix/node_modules/which Completed in 9ms
5308 timing build:link:node_modules/istanbul-lib-instrument/node_modules/semver Completed in 9ms
5309 timing build:link:node_modules/make-dir/node_modules/semver Completed in 9ms
5310 timing build:link:node_modules/postcss-load-config/node_modules/yaml Completed in 9ms
5311 timing build:link:node_modules/postcss-svgo/node_modules/svgo Completed in 9ms
5312 timing build:link:node_modules/regjsparser/node_modules/jsesc Completed in 8ms
5313 timing build:link:node_modules/sucrase/node_modules/glob Completed in 8ms
5314 timing build:link:node_modules/tsconfig-paths/node_modules/json5 Completed in 9ms
5315 timing build:link:node_modules/acorn Completed in 14ms
5316 timing build:link:node_modules/ansi-html Completed in 14ms
5317 timing build:link:node_modules/autoprefixer Completed in 14ms
5318 timing build:link:node_modules/browserslist Completed in 14ms
5319 timing build:link:node_modules/css-blank-pseudo Completed in 14ms
5320 timing build:link:node_modules/css-has-pseudo Completed in 14ms
5321 timing build:link:node_modules/css-prefers-color-scheme Completed in 13ms
5322 timing build:link:node_modules/cssesc Completed in 13ms
5323 timing build:link:node_modules/detect-port-alt Completed in 13ms
5324 timing build:link:node_modules/ejs Completed in 13ms
5325 timing build:link:node_modules/escodegen Completed in 13ms
5326 timing build:link:node_modules/eslint Completed in 13ms
5327 timing build:link:node_modules/esprima Completed in 13ms
5328 timing build:link:node_modules/gh-pages Completed in 13ms
5329 timing build:link:node_modules/he Completed in 12ms
5330 timing build:link:node_modules/html-minifier-terser Completed in 12ms
5331 timing build:link:node_modules/import-local Completed in 12ms
5332 timing build:link:node_modules/is-docker Completed in 12ms
5333 timing build:link:node_modules/jake Completed in 12ms
5334 timing build:link:node_modules/jest Completed in 12ms
5335 timing build:link:node_modules/jiti Completed in 12ms
5336 timing build:link:node_modules/js-yaml Completed in 12ms
5337 timing build:link:node_modules/jsesc Completed in 12ms
5338 timing build:link:node_modules/json5 Completed in 12ms
5339 timing build:link:node_modules/loose-envify Completed in 12ms
5340 timing build:link:node_modules/lz-string Completed in 12ms
5341 timing build:link:node_modules/mime Completed in 12ms
5342 timing build:link:node_modules/mkdirp Completed in 12ms
5343 timing build:link:node_modules/multicast-dns Completed in 12ms
5344 timing build:link:node_modules/resolve Completed in 12ms
5345 timing build:link:node_modules/regjsparser Completed in 12ms
5346 timing build:link:node_modules/rimraf Completed in 12ms
5347 timing build:link:node_modules/rollup Completed in 12ms
5348 timing build:link:node_modules/semver Completed in 11ms
5349 timing build:link:node_modules/nanoid Completed in 12ms
5350 timing build:link:node_modules/svgo Completed in 11ms
5351 timing build:link:node_modules/react-scripts Completed in 12ms
5352 timing build:link:node_modules/tailwindcss Completed in 11ms
5353 timing build:link:node_modules/sucrase Completed in 11ms
5354 timing build:link:node_modules/terser Completed in 11ms
5355 timing build:link:node_modules/typescript Completed in 11ms
5356 timing build:link:node_modules/update-browserslist-db Completed in 11ms
5357 timing build:link:node_modules/uuid Completed in 11ms
5358 timing build:link:node_modules/webpack Completed in 11ms
5359 timing build:link:node_modules/webpack-dev-server Completed in 11ms
5360 timing build:link:node_modules/which Completed in 11ms
5361 timing build:link:node_modules/eslint-plugin-react/node_modules/semver Completed in 10ms
5362 timing build:link:node_modules/jsonpath/node_modules/esprima Completed in 10ms
5363 timing build:link:node_modules/static-eval/node_modules/escodegen Completed in 9ms
5364 timing build:link Completed in 15ms
5365 info run core-js@3.42.0 postinstall node_modules/core-js node -e "try{require('./postinstall')}catch(e){}"
5366 info run core-js-pure@3.42.0 postinstall node_modules/core-js-pure node -e "try{require('./postinstall')}catch(e){}"
5367 http fetch GET 200 https://registry.npmjs.org/cosmiconfig 211ms (cache miss)
5368 timing metavuln:packument:cosmiconfig Completed in 212ms
5369 timing metavuln:load:security-advisory:cosmiconfig:O6zOK1Cn9/3FZISL60o6/SOMQkiOfzmZ3FIQSh8ciqQQ3pt7Wl9H9Q/gRJuFGa9hM9N+9vhsYsf7hziTGiJueg== Completed in 1ms
5370 timing metavuln:cache:put:security-advisory:cosmiconfig:ZvIWteQ796/BgjsXeBwnpY0UlwY+M0jRkgNj5nVphOxv65fNOs7olWBctH9D4KJrcua3xImx2wvc2Yt82iaKyA== Completed in 0ms
5371 timing metavuln:calculate:security-advisory:cosmiconfig:O6zOK1Cn9/3FZISL60o6/SOMQkiOfzmZ3FIQSh8ciqQQ3pt7Wl9H9Q/gRJuFGa9hM9N+9vhsYsf7hziTGiJueg== Completed in 214ms
5372 timing metavuln:cache:get:security-advisory:postcss-load-config:nq911Ldi+k25b3bDUTGGDMAkDcdNK9FmRhlWw/8ExYFNtxJ/HbEq7IfuoOpmvOYQTVVUFR9jGsPNJlVEpS2wvQ== Completed in 0ms
5373 timing metavuln:load:security-advisory:postcss-load-config:3AQn1Aj8kwFHIquLochLADJtKOJ++bvPtGJHT6dWct73zyp4H3E792uuAF7M2BJRI4DEvXF3aOujF4vdnIDz2g== Completed in 2ms
5374 timing metavuln:cache:put:security-advisory:postcss-load-config:nq911Ldi+k25b3bDUTGGDMAkDcdNK9FmRhlWw/8ExYFNtxJ/HbEq7IfuoOpmvOYQTVVUFR9jGsPNJlVEpS2wvQ== Completed in 1ms
5375 timing metavuln:calculate:security-advisory:postcss-load-config:3AQn1Aj8kwFHIquLochLADJtKOJ++bvPtGJHT6dWct73zyp4H3E792uuAF7M2BJRI4DEvXF3aOujF4vdnIDz2g== Completed in 4ms
5376 timing metavuln:cache:get:security-advisory:postcss-svgo:x13Io04+UypYzHX30ShUaeP6nL8mdXXW/8NJg1jEP9FlYdx+ldrkV5bCdfMZ8Gff0KdldTqnPVH2llZ9iZzoBA== Completed in 0ms
5377 timing metavuln:load:security-advisory:postcss-svgo:RQHcl6wg87UpAUZ17mmLaPbCDlkDk1i66EPwiyZfLkY7PjluT6UrbKDViEsQBOupoTQQReMpAPNAvSqQiUYBYg== Completed in 6ms
5378 timing metavuln:cache:put:security-advisory:postcss-svgo:x13Io04+UypYzHX30ShUaeP6nL8mdXXW/8NJg1jEP9FlYdx+ldrkV5bCdfMZ8Gff0KdldTqnPVH2llZ9iZzoBA== Completed in 4ms
5379 timing metavuln:calculate:security-advisory:postcss-svgo:RQHcl6wg87UpAUZ17mmLaPbCDlkDk1i66EPwiyZfLkY7PjluT6UrbKDViEsQBOupoTQQReMpAPNAvSqQiUYBYg== Completed in 10ms
5380 timing metavuln:cache:get:security-advisory:body-parser:SVY1QJwUSfML2NehOGcSVstcXKS/eDua/5V2EUmKoUvvslju7nOUuG2U2s8Ab8JiwWLyYwOKkJuQtb6QCoInhg== Completed in 1ms
5381 timing metavuln:cache:get:security-advisory:express:Qxs0t5MAyfWkxZXrn5d46toL85dY/eYqwQswCjVN3ze7zcZExphuyuGvmDChb/mvSc6A1P848uOkCDpJiTx7sA== Completed in 0ms
5382 timing metavuln:load:security-advisory:express:vVSN+MRVpdux32gCUfPGidHUGmS/0G5Ziwtmb1YXw3NARw1r47LtySeR7yFf/LZ4sKzi41443WWDDZzPHuCh9g== Completed in 19ms
5383 timing metavuln:cache:put:security-advisory:express:Qxs0t5MAyfWkxZXrn5d46toL85dY/eYqwQswCjVN3ze7zcZExphuyuGvmDChb/mvSc6A1P848uOkCDpJiTx7sA== Completed in 3ms
5384 timing metavuln:calculate:security-advisory:express:vVSN+MRVpdux32gCUfPGidHUGmS/0G5Ziwtmb1YXw3NARw1r47LtySeR7yFf/LZ4sKzi41443WWDDZzPHuCh9g== Completed in 22ms
5385 http fetch GET 200 https://registry.npmjs.org/body-parser 61ms (cache miss)
5386 timing metavuln:packument:body-parser Completed in 63ms
5387 timing metavuln:load:security-advisory:body-parser:vVSN+MRVpdux32gCUfPGidHUGmS/0G5Ziwtmb1YXw3NARw1r47LtySeR7yFf/LZ4sKzi41443WWDDZzPHuCh9g== Completed in 5ms
5388 timing metavuln:cache:put:security-advisory:body-parser:SVY1QJwUSfML2NehOGcSVstcXKS/eDua/5V2EUmKoUvvslju7nOUuG2U2s8Ab8JiwWLyYwOKkJuQtb6QCoInhg== Completed in 2ms
5389 timing metavuln:calculate:security-advisory:body-parser:vVSN+MRVpdux32gCUfPGidHUGmS/0G5Ziwtmb1YXw3NARw1r47LtySeR7yFf/LZ4sKzi41443WWDDZzPHuCh9g== Completed in 70ms
5390 timing metavuln:cache:get:security-advisory:@rollup/plugin-babel:QUgM4qnpJo3gEqTpzzO6xOBztoW3EL74sJ9HZCZPWSgMevnlI4LsbwkAC4wH18bWjAxGFEr5qKte0KYgVKYmOA== Completed in 4ms
5391 timing metavuln:cache:get:security-advisory:@rollup/plugin-node-resolve:HeUt3zyFcrW9hT3yNOXUxnZVD93suCG3k4EurGhKxauYRMDuxeozsj5BsTamDhNFAdY6o1BcJpb/lvpesunt0Q== Completed in 3ms
5392 timing metavuln:cache:get:security-advisory:@rollup/plugin-replace:+6/JIMEFQmpSJVfk5C7EiZcQ4b+7nD9ZyE/EQTkF3Nj1WXa+1moVaghT/B2Ba6cdq1cm9utMwTMJo1bMB7c5Ug== Completed in 2ms
5393 timing metavuln:cache:get:security-advisory:@rollup/pluginutils:6OzVKg/zYK/b2+07k5CDPwg6EkpD7fRwOdEbih1fQGGnKIu0yag+wQmbtZsJYRXTAkVe/Fn9IZTxbE598u3Apg== Completed in 2ms
5394 timing metavuln:load:security-advisory:@rollup/pluginutils:wvI6OK0UYkdu1ie+OgqGl1Ts6uqRHKmJvpy+9hLlTsneMQcWx9C1Ka+m19thxOafs1fMQMcb0kVjFL6LgUpdgg== Completed in 14ms
5395 timing metavuln:cache:get:security-advisory:rollup-plugin-terser:AVGBP5uT1kPBpsIRKrH16iy2O7x8Fa6FokgX7WAc9P2KmM753C56C76ckf0kb4qj2PbdqELAuDlKnHZ+g2cF6A== Completed in 16ms
5396 timing metavuln:cache:get:security-advisory:workbox-build:SWj6FaNIbohlS57yosKBoyvGJ4Q47fyJ5OfcGcpzgvHT9XR1ov6/UIBMUZ9NgMoH3VCHCJqqBrKAyQZ/1L1Y7A== Completed in 16ms
5397 timing metavuln:load:security-advisory:workbox-build:wvI6OK0UYkdu1ie+OgqGl1Ts6uqRHKmJvpy+9hLlTsneMQcWx9C1Ka+m19thxOafs1fMQMcb0kVjFL6LgUpdgg== Completed in 21ms
5398 info run core-js-pure@3.42.0 postinstall { code: 0, signal: null }
5399 timing build:run:postinstall:node_modules/core-js-pure Completed in 163ms
5400 info run core-js@3.42.0 postinstall { code: 0, signal: null }
5401 timing build:run:postinstall:node_modules/core-js Completed in 177ms
5402 timing build:run:postinstall Completed in 177ms
5403 timing build:deps Completed in 220ms
5404 timing build Completed in 221ms
5405 timing reify:build Completed in 223ms
5406 timing reify:trash Completed in 2ms
5407 timing reify:save Completed in 313ms
5408 timing metavuln:cache:put:security-advisory:workbox-build:SWj6FaNIbohlS57yosKBoyvGJ4Q47fyJ5OfcGcpzgvHT9XR1ov6/UIBMUZ9NgMoH3VCHCJqqBrKAyQZ/1L1Y7A== Completed in 474ms
5409 timing metavuln:calculate:security-advisory:workbox-build:wvI6OK0UYkdu1ie+OgqGl1Ts6uqRHKmJvpy+9hLlTsneMQcWx9C1Ka+m19thxOafs1fMQMcb0kVjFL6LgUpdgg== Completed in 511ms
5410 timing metavuln:cache:put:security-advisory:@rollup/pluginutils:6OzVKg/zYK/b2+07k5CDPwg6EkpD7fRwOdEbih1fQGGnKIu0yag+wQmbtZsJYRXTAkVe/Fn9IZTxbE598u3Apg== Completed in 495ms
5411 timing metavuln:calculate:security-advisory:@rollup/pluginutils:wvI6OK0UYkdu1ie+OgqGl1Ts6uqRHKmJvpy+9hLlTsneMQcWx9C1Ka+m19thxOafs1fMQMcb0kVjFL6LgUpdgg== Completed in 512ms
5412 http fetch GET 200 https://registry.npmjs.org/@rollup%2fplugin-replace 514ms (cache miss)
5413 timing metavuln:packument:@rollup/plugin-replace Completed in 514ms
5414 timing metavuln:load:security-advisory:@rollup/plugin-replace:wvI6OK0UYkdu1ie+OgqGl1Ts6uqRHKmJvpy+9hLlTsneMQcWx9C1Ka+m19thxOafs1fMQMcb0kVjFL6LgUpdgg== Completed in 4ms
5415 http fetch GET 200 https://registry.npmjs.org/@rollup%2fplugin-babel 520ms (cache miss)
5416 timing metavuln:packument:@rollup/plugin-babel Completed in 521ms
5417 timing metavuln:load:security-advisory:@rollup/plugin-babel:wvI6OK0UYkdu1ie+OgqGl1Ts6uqRHKmJvpy+9hLlTsneMQcWx9C1Ka+m19thxOafs1fMQMcb0kVjFL6LgUpdgg== Completed in 4ms
5418 http fetch GET 200 https://registry.npmjs.org/rollup-plugin-terser 522ms (cache miss)
5419 timing metavuln:packument:rollup-plugin-terser Completed in 523ms
5420 timing metavuln:load:security-advisory:rollup-plugin-terser:wvI6OK0UYkdu1ie+OgqGl1Ts6uqRHKmJvpy+9hLlTsneMQcWx9C1Ka+m19thxOafs1fMQMcb0kVjFL6LgUpdgg== Completed in 13ms
5421 http fetch GET 200 https://registry.npmjs.org/@rollup%2fplugin-node-resolve 538ms (cache miss)
5422 timing metavuln:packument:@rollup/plugin-node-resolve Completed in 540ms
5423 timing metavuln:load:security-advisory:@rollup/plugin-node-resolve:wvI6OK0UYkdu1ie+OgqGl1Ts6uqRHKmJvpy+9hLlTsneMQcWx9C1Ka+m19thxOafs1fMQMcb0kVjFL6LgUpdgg== Completed in 11ms
5424 timing metavuln:cache:put:security-advisory:@rollup/plugin-replace:+6/JIMEFQmpSJVfk5C7EiZcQ4b+7nD9ZyE/EQTkF3Nj1WXa+1moVaghT/B2Ba6cdq1cm9utMwTMJo1bMB7c5Ug== Completed in 34ms
5425 timing metavuln:calculate:security-advisory:@rollup/plugin-replace:wvI6OK0UYkdu1ie+OgqGl1Ts6uqRHKmJvpy+9hLlTsneMQcWx9C1Ka+m19thxOafs1fMQMcb0kVjFL6LgUpdgg== Completed in 552ms
5426 timing metavuln:cache:put:security-advisory:rollup-plugin-terser:AVGBP5uT1kPBpsIRKrH16iy2O7x8Fa6FokgX7WAc9P2KmM753C56C76ckf0kb4qj2PbdqELAuDlKnHZ+g2cF6A== Completed in 15ms
5427 timing metavuln:calculate:security-advisory:rollup-plugin-terser:wvI6OK0UYkdu1ie+OgqGl1Ts6uqRHKmJvpy+9hLlTsneMQcWx9C1Ka+m19thxOafs1fMQMcb0kVjFL6LgUpdgg== Completed in 552ms
5428 timing metavuln:cache:put:security-advisory:@rollup/plugin-babel:QUgM4qnpJo3gEqTpzzO6xOBztoW3EL74sJ9HZCZPWSgMevnlI4LsbwkAC4wH18bWjAxGFEr5qKte0KYgVKYmOA== Completed in 29ms
5429 timing metavuln:calculate:security-advisory:@rollup/plugin-babel:wvI6OK0UYkdu1ie+OgqGl1Ts6uqRHKmJvpy+9hLlTsneMQcWx9C1Ka+m19thxOafs1fMQMcb0kVjFL6LgUpdgg== Completed in 554ms
5430 timing metavuln:cache:put:security-advisory:@rollup/plugin-node-resolve:HeUt3zyFcrW9hT3yNOXUxnZVD93suCG3k4EurGhKxauYRMDuxeozsj5BsTamDhNFAdY6o1BcJpb/lvpesunt0Q== Completed in 1ms
5431 timing metavuln:calculate:security-advisory:@rollup/plugin-node-resolve:wvI6OK0UYkdu1ie+OgqGl1Ts6uqRHKmJvpy+9hLlTsneMQcWx9C1Ka+m19thxOafs1fMQMcb0kVjFL6LgUpdgg== Completed in 553ms
5432 timing metavuln:cache:get:security-advisory:rollup-plugin-terser:a26GZag+KyrVZ3LK2nTzSerB+g1AaEomAsJszgvXFqBM53J4So8R4i3ZSxSoEeT2dRU8bZxEWnWHL4FyRZBZDQ== Completed in 1ms
5433 timing metavuln:load:security-advisory:rollup-plugin-terser:VNhzhjSQJJPSfVWQUXMpEy6hsW23faurQllLlGbSJ7QrUHjncb9PKDTQYw8APRVBzMug+7YJc5EWXV6SYvPIiw== Completed in 2ms
5434 timing metavuln:cache:get:security-advisory:css-minimizer-webpack-plugin:3IDyNCJ7lAU8evvQtAT6KkzWd1WG6hPQnzTICpmFFsj+NcXLcxwxjKBm+ESeKBg6SxsmbxIOt7wBvNlCtkNh1g== Completed in 3ms
5435 timing metavuln:load:security-advisory:css-minimizer-webpack-plugin:VNhzhjSQJJPSfVWQUXMpEy6hsW23faurQllLlGbSJ7QrUHjncb9PKDTQYw8APRVBzMug+7YJc5EWXV6SYvPIiw== Completed in 2ms
5436 timing metavuln:cache:get:security-advisory:terser-webpack-plugin:329sgNMopuugPFiEvSVitHHehdTr5nHB47XwDe3JfAo+J6Nc9SQhgI2F9XPbnv2SVTzEoWYsaJ8lBj3HmQYXeg== Completed in 5ms
5437 timing metavuln:cache:put:security-advisory:rollup-plugin-terser:a26GZag+KyrVZ3LK2nTzSerB+g1AaEomAsJszgvXFqBM53J4So8R4i3ZSxSoEeT2dRU8bZxEWnWHL4FyRZBZDQ== Completed in 4ms
5438 timing metavuln:calculate:security-advisory:rollup-plugin-terser:VNhzhjSQJJPSfVWQUXMpEy6hsW23faurQllLlGbSJ7QrUHjncb9PKDTQYw8APRVBzMug+7YJc5EWXV6SYvPIiw== Completed in 7ms
5439 timing metavuln:cache:put:security-advisory:css-minimizer-webpack-plugin:3IDyNCJ7lAU8evvQtAT6KkzWd1WG6hPQnzTICpmFFsj+NcXLcxwxjKBm+ESeKBg6SxsmbxIOt7wBvNlCtkNh1g== Completed in 2ms
5440 timing metavuln:calculate:security-advisory:css-minimizer-webpack-plugin:VNhzhjSQJJPSfVWQUXMpEy6hsW23faurQllLlGbSJ7QrUHjncb9PKDTQYw8APRVBzMug+7YJc5EWXV6SYvPIiw== Completed in 7ms
5441 http fetch GET 200 https://registry.npmjs.org/terser-webpack-plugin 70ms (cache miss)
5442 timing metavuln:packument:terser-webpack-plugin Completed in 73ms
5443 timing metavuln:load:security-advisory:terser-webpack-plugin:VNhzhjSQJJPSfVWQUXMpEy6hsW23faurQllLlGbSJ7QrUHjncb9PKDTQYw8APRVBzMug+7YJc5EWXV6SYvPIiw== Completed in 2ms
5444 timing metavuln:cache:put:security-advisory:terser-webpack-plugin:329sgNMopuugPFiEvSVitHHehdTr5nHB47XwDe3JfAo+J6Nc9SQhgI2F9XPbnv2SVTzEoWYsaJ8lBj3HmQYXeg== Completed in 1ms
5445 timing metavuln:calculate:security-advisory:terser-webpack-plugin:VNhzhjSQJJPSfVWQUXMpEy6hsW23faurQllLlGbSJ7QrUHjncb9PKDTQYw8APRVBzMug+7YJc5EWXV6SYvPIiw== Completed in 77ms
5446 timing metavuln:cache:get:security-advisory:jsonpath:euB+AH1ERJZ2tgyHvhWh5bLKTMjanzNPyv/Q/y57c3wJP6KxWvg0KwRMUzSQ3JpAawg+WDjLyiYNosEHEjQCBQ== Completed in 1ms
5447 timing metavuln:load:security-advisory:jsonpath:jL8WkEyYWw2njehkX9fwBE8MeUUUgreXkVvNy4xs6WKAEH6IsobE3rznvjIUKeKEs/8CZacIZAhLUmFmJgXRwQ== Completed in 1ms
5448 timing metavuln:cache:put:security-advisory:jsonpath:euB+AH1ERJZ2tgyHvhWh5bLKTMjanzNPyv/Q/y57c3wJP6KxWvg0KwRMUzSQ3JpAawg+WDjLyiYNosEHEjQCBQ== Completed in 1ms
5449 timing metavuln:calculate:security-advisory:jsonpath:jL8WkEyYWw2njehkX9fwBE8MeUUUgreXkVvNy4xs6WKAEH6IsobE3rznvjIUKeKEs/8CZacIZAhLUmFmJgXRwQ== Completed in 3ms
5450 timing metavuln:cache:get:security-advisory:@pmmmwh/react-refresh-webpack-plugin:cOsytHtlt7R4YskrehlxBZE5xFGbatHPazTzRi23x+fm9oZ7E5ppfvOmWIcYU5j12els1khMuiI2JiyqBimm8Q== Completed in 6ms
5451 timing metavuln:cache:get:security-advisory:babel-loader:6TEgrHbOKCQeFNSfFpjzvddEZ1LE++0fw5fTKNsTS0inTjFYmNoMoYQO/mTOQqw9SrzSkj2OqTNSLEMLP6EAAQ== Completed in 6ms
5452 timing metavuln:cache:get:security-advisory:css-loader:Ow76q8hhhU3MvyLxgnm1y/zYo7Fm99dr11gKzfApuH8ncvHl4guATrwKI/IqfjYipYNSdQJKvS0ecZLpxoiVmQ== Completed in 5ms
5453 timing metavuln:load:security-advisory:css-loader:IzHFkMfHDC+SV3IL23ZHngntgLDUgyESA9Ge8Mh5rKNVcDpaWLuTZIcoUJg4/bAH+BQlnDzJ4nLfJCy6fOIM0A== Completed in 9ms
5454 timing metavuln:cache:get:security-advisory:css-minimizer-webpack-plugin:31nCjwdhcChKDRxQpDmX42K5sWFbSN+WOGRWPNkf1WrNyE7QBPgQK7vlLyLAoSSGeFElOc6OKcvuenWgJ6Gwsw== Completed in 15ms
5455 timing metavuln:load:security-advisory:css-minimizer-webpack-plugin:IzHFkMfHDC+SV3IL23ZHngntgLDUgyESA9Ge8Mh5rKNVcDpaWLuTZIcoUJg4/bAH+BQlnDzJ4nLfJCy6fOIM0A== Completed in 0ms
5456 timing metavuln:cache:get:security-advisory:eslint-webpack-plugin:sivepdrIMgI1Q/EFq7cuEoshoZtA6SzGYkuoJHIRQwo/ExuThp/d3DWRiWm0Q3BQw4NTww1IRg/k4E/b+qQiVg== Completed in 15ms
5457 timing metavuln:cache:get:security-advisory:file-loader:4be1vNJZyPan+QQKODkeM0RxspSuRVbgUxJe90+UWe7EPLp9Q/9wkJCg0iN5Nz/Vw4G1gxf/FHMq3zoTjoS7Xw== Completed in 15ms
5458 timing metavuln:cache:get:security-advisory:fork-ts-checker-webpack-plugin:WcEqZZltuM3oOG0rgH9c5RAD+9vR5cTHs4+85U/J4dskhtHjYEK8+Zta0QpkFYdsomn0Id1UlLI4+lJlL+CViw== Completed in 14ms
5459 timing metavuln:load:security-advisory:fork-ts-checker-webpack-plugin:IzHFkMfHDC+SV3IL23ZHngntgLDUgyESA9Ge8Mh5rKNVcDpaWLuTZIcoUJg4/bAH+BQlnDzJ4nLfJCy6fOIM0A== Completed in 11ms
5460 timing metavuln:cache:get:security-advisory:html-webpack-plugin:tnE23C/YKSoeRtSWNf831A9L2Muq7DL1MZso1D7J5ueJuhdRLnTF1UHqgiH0XUlEG/Zc6qch6+8rdfCAPE1A+A== Completed in 25ms
5461 timing metavuln:load:security-advisory:html-webpack-plugin:IzHFkMfHDC+SV3IL23ZHngntgLDUgyESA9Ge8Mh5rKNVcDpaWLuTZIcoUJg4/bAH+BQlnDzJ4nLfJCy6fOIM0A== Completed in 11ms
5462 timing metavuln:cache:get:security-advisory:mini-css-extract-plugin:G55y4j6io8Q0QytwZFEND0SCeOlZDD4Vj1H2U/A+S3fJbvRCbCyz3KTSkkMgsfR41LScHaNAhK7X/sWIKBGcAw== Completed in 37ms
5463 timing metavuln:cache:get:security-advisory:postcss-loader:DXVmPCdCF2nGNuMVH32rK2C2tdlIPP+YP4+6tvQUKKciz9TZ1Zjs5usF6+bNMulDraxLCZyfFAo09fSshG12RA== Completed in 37ms
5464 timing metavuln:load:security-advisory:postcss-loader:IzHFkMfHDC+SV3IL23ZHngntgLDUgyESA9Ge8Mh5rKNVcDpaWLuTZIcoUJg4/bAH+BQlnDzJ4nLfJCy6fOIM0A== Completed in 0ms
5465 timing metavuln:cache:get:security-advisory:react-scripts:rV3uivXjbPpkLnTCQ1xuYANlY4BZ9OWK6qlBMpCAXjEN1Kt3YZ6yc4jneVadYtAJyDOdS4gHa0STeGOxIhcDwA== Completed in 37ms
5466 timing metavuln:load:security-advisory:react-scripts:IzHFkMfHDC+SV3IL23ZHngntgLDUgyESA9Ge8Mh5rKNVcDpaWLuTZIcoUJg4/bAH+BQlnDzJ4nLfJCy6fOIM0A== Completed in 26ms
5467 timing metavuln:cache:get:security-advisory:sass-loader:0wv1UD9mqR/UxPKb5GTtYUiKHMrSgq7Q5cLVt+xlC4KJatvSWPRCcDXgTsQ8fE8fk81vk8riFh72T59WeRMrPg== Completed in 63ms
5468 timing metavuln:cache:get:security-advisory:source-map-loader:cQnlQtBSt40p6DA2/2i6Cw9qaBp2/XzSKWS+KLZ2Re19OHAP+CkNmFw8JZZJfeGphM3fX1WqFkDqlKBr+/8Knw== Completed in 62ms
5469 timing metavuln:cache:get:security-advisory:style-loader://zsLE/rNXdfMckNmpQNmCoWkrP2Nf7A28LGm4q43CiVrFNuxtrmx0tN+1t0mRm8jyGzzBYXQ9oXn2Zl71qHDA== Completed in 62ms
5470 timing metavuln:cache:get:security-advisory:terser-webpack-plugin:OYMC0geGD8QKOno0urEqU4CzSfBbjPVdXorYRugje09dSj0v95b22iyrJDHHzhuhDvgdM+pkY+8LIQ1bjQveVw== Completed in 62ms
5471 timing metavuln:load:security-advisory:terser-webpack-plugin:IzHFkMfHDC+SV3IL23ZHngntgLDUgyESA9Ge8Mh5rKNVcDpaWLuTZIcoUJg4/bAH+BQlnDzJ4nLfJCy6fOIM0A== Completed in 3ms
5472 timing metavuln:cache:get:security-advisory:webpack-dev-middleware:kyevCngDdEZnIvTjRmRm6Dp4LwTaJ7yjB1cGwhYbKIcpXVHw8jUmEGWeArooewz2N/t9oD2CCF5dTxHyAFv0/g== Completed in 65ms
5473 timing metavuln:cache:get:security-advisory:webpack-dev-server:YwbYgacUvQG3TBz/F7vu+3PEEwv58YJqsRXNF737CzQF+5kAyTVCJ7LUhlFdhVggjLULidxDQP+r1AZe2zOQCw== Completed in 64ms
5474 timing metavuln:load:security-advisory:webpack-dev-server:IzHFkMfHDC+SV3IL23ZHngntgLDUgyESA9Ge8Mh5rKNVcDpaWLuTZIcoUJg4/bAH+BQlnDzJ4nLfJCy6fOIM0A== Completed in 15ms
5475 timing metavuln:cache:get:security-advisory:webpack-manifest-plugin:68j93X2/PheXIojZGfTqICoFH+n3SRqh1F7Zq5H6pD7pcR2WFSgP2CPMZyGpCWhDwi4cjBcS8ICuR/DlwKMz6g== Completed in 79ms
5476 timing metavuln:cache:get:security-advisory:workbox-webpack-plugin:SPB2xGz7ybQE/WKR5N2W2MFKQrtC/dHYJeApD5B58gdR7ThemnYuNr/cjK+2OVe/Y/fG2+lJRuKawFC/XLA25g== Completed in 79ms
5477 timing metavuln:cache:put:security-advisory:css-minimizer-webpack-plugin:31nCjwdhcChKDRxQpDmX42K5sWFbSN+WOGRWPNkf1WrNyE7QBPgQK7vlLyLAoSSGeFElOc6OKcvuenWgJ6Gwsw== Completed in 73ms
5478 timing metavuln:calculate:security-advisory:css-minimizer-webpack-plugin:IzHFkMfHDC+SV3IL23ZHngntgLDUgyESA9Ge8Mh5rKNVcDpaWLuTZIcoUJg4/bAH+BQlnDzJ4nLfJCy6fOIM0A== Completed in 89ms
5479 timing metavuln:cache:put:security-advisory:fork-ts-checker-webpack-plugin:WcEqZZltuM3oOG0rgH9c5RAD+9vR5cTHs4+85U/J4dskhtHjYEK8+Zta0QpkFYdsomn0Id1UlLI4+lJlL+CViw== Completed in 63ms
5480 timing metavuln:calculate:security-advisory:fork-ts-checker-webpack-plugin:IzHFkMfHDC+SV3IL23ZHngntgLDUgyESA9Ge8Mh5rKNVcDpaWLuTZIcoUJg4/bAH+BQlnDzJ4nLfJCy6fOIM0A== Completed in 88ms
5481 timing metavuln:cache:put:security-advisory:css-loader:Ow76q8hhhU3MvyLxgnm1y/zYo7Fm99dr11gKzfApuH8ncvHl4guATrwKI/IqfjYipYNSdQJKvS0ecZLpxoiVmQ== Completed in 75ms
5482 timing metavuln:calculate:security-advisory:css-loader:IzHFkMfHDC+SV3IL23ZHngntgLDUgyESA9Ge8Mh5rKNVcDpaWLuTZIcoUJg4/bAH+BQlnDzJ4nLfJCy6fOIM0A== Completed in 89ms
5483 timing metavuln:cache:put:security-advisory:html-webpack-plugin:tnE23C/YKSoeRtSWNf831A9L2Muq7DL1MZso1D7J5ueJuhdRLnTF1UHqgiH0XUlEG/Zc6qch6+8rdfCAPE1A+A== Completed in 52ms
5484 timing metavuln:calculate:security-advisory:html-webpack-plugin:IzHFkMfHDC+SV3IL23ZHngntgLDUgyESA9Ge8Mh5rKNVcDpaWLuTZIcoUJg4/bAH+BQlnDzJ4nLfJCy6fOIM0A== Completed in 88ms
5485 timing metavuln:cache:put:security-advisory:postcss-loader:DXVmPCdCF2nGNuMVH32rK2C2tdlIPP+YP4+6tvQUKKciz9TZ1Zjs5usF6+bNMulDraxLCZyfFAo09fSshG12RA== Completed in 51ms
5486 timing metavuln:calculate:security-advisory:postcss-loader:IzHFkMfHDC+SV3IL23ZHngntgLDUgyESA9Ge8Mh5rKNVcDpaWLuTZIcoUJg4/bAH+BQlnDzJ4nLfJCy6fOIM0A== Completed in 88ms
5487 timing metavuln:cache:put:security-advisory:react-scripts:rV3uivXjbPpkLnTCQ1xuYANlY4BZ9OWK6qlBMpCAXjEN1Kt3YZ6yc4jneVadYtAJyDOdS4gHa0STeGOxIhcDwA== Completed in 25ms
5488 timing metavuln:calculate:security-advisory:react-scripts:IzHFkMfHDC+SV3IL23ZHngntgLDUgyESA9Ge8Mh5rKNVcDpaWLuTZIcoUJg4/bAH+BQlnDzJ4nLfJCy6fOIM0A== Completed in 88ms
5489 timing metavuln:cache:put:security-advisory:terser-webpack-plugin:OYMC0geGD8QKOno0urEqU4CzSfBbjPVdXorYRugje09dSj0v95b22iyrJDHHzhuhDvgdM+pkY+8LIQ1bjQveVw== Completed in 22ms
5490 timing metavuln:calculate:security-advisory:terser-webpack-plugin:IzHFkMfHDC+SV3IL23ZHngntgLDUgyESA9Ge8Mh5rKNVcDpaWLuTZIcoUJg4/bAH+BQlnDzJ4nLfJCy6fOIM0A== Completed in 87ms
5491 timing metavuln:cache:put:security-advisory:webpack-dev-server:YwbYgacUvQG3TBz/F7vu+3PEEwv58YJqsRXNF737CzQF+5kAyTVCJ7LUhlFdhVggjLULidxDQP+r1AZe2zOQCw== Completed in 7ms
5492 timing metavuln:calculate:security-advisory:webpack-dev-server:IzHFkMfHDC+SV3IL23ZHngntgLDUgyESA9Ge8Mh5rKNVcDpaWLuTZIcoUJg4/bAH+BQlnDzJ4nLfJCy6fOIM0A== Completed in 86ms
5493 http fetch GET 200 https://registry.npmjs.org/webpack-manifest-plugin 131ms (cache miss)
5494 timing metavuln:packument:webpack-manifest-plugin Completed in 132ms
5495 timing metavuln:load:security-advisory:webpack-manifest-plugin:IzHFkMfHDC+SV3IL23ZHngntgLDUgyESA9Ge8Mh5rKNVcDpaWLuTZIcoUJg4/bAH+BQlnDzJ4nLfJCy6fOIM0A== Completed in 17ms
5496 http fetch GET 200 https://registry.npmjs.org/eslint-webpack-plugin 152ms (cache miss)
5497 timing metavuln:packument:eslint-webpack-plugin Completed in 154ms
5498 timing metavuln:load:security-advisory:eslint-webpack-plugin:IzHFkMfHDC+SV3IL23ZHngntgLDUgyESA9Ge8Mh5rKNVcDpaWLuTZIcoUJg4/bAH+BQlnDzJ4nLfJCy6fOIM0A== Completed in 2ms
5499 http fetch GET 200 https://registry.npmjs.org/source-map-loader 160ms (cache miss)
5500 timing metavuln:packument:source-map-loader Completed in 160ms
5501 timing metavuln:load:security-advisory:source-map-loader:IzHFkMfHDC+SV3IL23ZHngntgLDUgyESA9Ge8Mh5rKNVcDpaWLuTZIcoUJg4/bAH+BQlnDzJ4nLfJCy6fOIM0A== Completed in 3ms
5502 http fetch GET 200 https://registry.npmjs.org/file-loader 165ms (cache miss)
5503 timing metavuln:packument:file-loader Completed in 167ms
5504 timing metavuln:load:security-advisory:file-loader:IzHFkMfHDC+SV3IL23ZHngntgLDUgyESA9Ge8Mh5rKNVcDpaWLuTZIcoUJg4/bAH+BQlnDzJ4nLfJCy6fOIM0A== Completed in 4ms
5505 http fetch GET 200 https://registry.npmjs.org/sass-loader 175ms (cache miss)
5506 timing metavuln:packument:sass-loader Completed in 179ms
5507 timing metavuln:load:security-advisory:sass-loader:IzHFkMfHDC+SV3IL23ZHngntgLDUgyESA9Ge8Mh5rKNVcDpaWLuTZIcoUJg4/bAH+BQlnDzJ4nLfJCy6fOIM0A== Completed in 12ms
5508 timing metavuln:cache:put:security-advisory:webpack-manifest-plugin:68j93X2/PheXIojZGfTqICoFH+n3SRqh1F7Zq5H6pD7pcR2WFSgP2CPMZyGpCWhDwi4cjBcS8ICuR/DlwKMz6g== Completed in 40ms
5509 timing metavuln:calculate:security-advisory:webpack-manifest-plugin:IzHFkMfHDC+SV3IL23ZHngntgLDUgyESA9Ge8Mh5rKNVcDpaWLuTZIcoUJg4/bAH+BQlnDzJ4nLfJCy6fOIM0A== Completed in 190ms
5510 timing metavuln:cache:put:security-advisory:eslint-webpack-plugin:sivepdrIMgI1Q/EFq7cuEoshoZtA6SzGYkuoJHIRQwo/ExuThp/d3DWRiWm0Q3BQw4NTww1IRg/k4E/b+qQiVg== Completed in 37ms
5511 timing metavuln:calculate:security-advisory:eslint-webpack-plugin:IzHFkMfHDC+SV3IL23ZHngntgLDUgyESA9Ge8Mh5rKNVcDpaWLuTZIcoUJg4/bAH+BQlnDzJ4nLfJCy6fOIM0A== Completed in 193ms
5512 timing metavuln:cache:put:security-advisory:source-map-loader:cQnlQtBSt40p6DA2/2i6Cw9qaBp2/XzSKWS+KLZ2Re19OHAP+CkNmFw8JZZJfeGphM3fX1WqFkDqlKBr+/8Knw== Completed in 28ms
5513 timing metavuln:calculate:security-advisory:source-map-loader:IzHFkMfHDC+SV3IL23ZHngntgLDUgyESA9Ge8Mh5rKNVcDpaWLuTZIcoUJg4/bAH+BQlnDzJ4nLfJCy6fOIM0A== Completed in 191ms
5514 timing metavuln:cache:put:security-advisory:file-loader:4be1vNJZyPan+QQKODkeM0RxspSuRVbgUxJe90+UWe7EPLp9Q/9wkJCg0iN5Nz/Vw4G1gxf/FHMq3zoTjoS7Xw== Completed in 22ms
5515 timing metavuln:calculate:security-advisory:file-loader:IzHFkMfHDC+SV3IL23ZHngntgLDUgyESA9Ge8Mh5rKNVcDpaWLuTZIcoUJg4/bAH+BQlnDzJ4nLfJCy6fOIM0A== Completed in 193ms
5516 http fetch GET 200 https://registry.npmjs.org/mini-css-extract-plugin 193ms (cache miss)
5517 timing metavuln:packument:mini-css-extract-plugin Completed in 195ms
5518 timing metavuln:load:security-advisory:mini-css-extract-plugin:IzHFkMfHDC+SV3IL23ZHngntgLDUgyESA9Ge8Mh5rKNVcDpaWLuTZIcoUJg4/bAH+BQlnDzJ4nLfJCy6fOIM0A== Completed in 3ms
5519 http fetch GET 200 https://registry.npmjs.org/style-loader 198ms (cache miss)
5520 timing metavuln:packument:style-loader Completed in 198ms
5521 timing metavuln:load:security-advisory:style-loader:IzHFkMfHDC+SV3IL23ZHngntgLDUgyESA9Ge8Mh5rKNVcDpaWLuTZIcoUJg4/bAH+BQlnDzJ4nLfJCy6fOIM0A== Completed in 1ms
5522 http fetch GET 200 https://registry.npmjs.org/webpack-dev-middleware 198ms (cache miss)
5523 timing metavuln:packument:webpack-dev-middleware Completed in 201ms
5524 timing metavuln:load:security-advisory:webpack-dev-middleware:IzHFkMfHDC+SV3IL23ZHngntgLDUgyESA9Ge8Mh5rKNVcDpaWLuTZIcoUJg4/bAH+BQlnDzJ4nLfJCy6fOIM0A== Completed in 15ms
5525 http fetch GET 200 https://registry.npmjs.org/babel-loader 221ms (cache miss)
5526 timing metavuln:packument:babel-loader Completed in 223ms
5527 timing metavuln:load:security-advisory:babel-loader:IzHFkMfHDC+SV3IL23ZHngntgLDUgyESA9Ge8Mh5rKNVcDpaWLuTZIcoUJg4/bAH+BQlnDzJ4nLfJCy6fOIM0A== Completed in 17ms
5528 http fetch GET 200 https://registry.npmjs.org/workbox-webpack-plugin 236ms (cache miss)
5529 timing metavuln:packument:workbox-webpack-plugin Completed in 238ms
5530 timing metavuln:load:security-advisory:workbox-webpack-plugin:IzHFkMfHDC+SV3IL23ZHngntgLDUgyESA9Ge8Mh5rKNVcDpaWLuTZIcoUJg4/bAH+BQlnDzJ4nLfJCy6fOIM0A== Completed in 6ms
5531 timing metavuln:cache:put:security-advisory:sass-loader:0wv1UD9mqR/UxPKb5GTtYUiKHMrSgq7Q5cLVt+xlC4KJatvSWPRCcDXgTsQ8fE8fk81vk8riFh72T59WeRMrPg== Completed in 55ms
5532 timing metavuln:calculate:security-advisory:sass-loader:IzHFkMfHDC+SV3IL23ZHngntgLDUgyESA9Ge8Mh5rKNVcDpaWLuTZIcoUJg4/bAH+BQlnDzJ4nLfJCy6fOIM0A== Completed in 246ms
5533 http fetch GET 200 https://registry.npmjs.org/@pmmmwh%2freact-refresh-webpack-plugin 250ms (cache miss)
5534 timing metavuln:packument:@pmmmwh/react-refresh-webpack-plugin Completed in 252ms
5535 timing metavuln:load:security-advisory:@pmmmwh/react-refresh-webpack-plugin:IzHFkMfHDC+SV3IL23ZHngntgLDUgyESA9Ge8Mh5rKNVcDpaWLuTZIcoUJg4/bAH+BQlnDzJ4nLfJCy6fOIM0A== Completed in 3ms
5536 timing metavuln:cache:put:security-advisory:mini-css-extract-plugin:G55y4j6io8Q0QytwZFEND0SCeOlZDD4Vj1H2U/A+S3fJbvRCbCyz3KTSkkMgsfR41LScHaNAhK7X/sWIKBGcAw== Completed in 56ms
5537 timing metavuln:calculate:security-advisory:mini-css-extract-plugin:IzHFkMfHDC+SV3IL23ZHngntgLDUgyESA9Ge8Mh5rKNVcDpaWLuTZIcoUJg4/bAH+BQlnDzJ4nLfJCy6fOIM0A== Completed in 254ms
5538 timing metavuln:cache:put:security-advisory:style-loader://zsLE/rNXdfMckNmpQNmCoWkrP2Nf7A28LGm4q43CiVrFNuxtrmx0tN+1t0mRm8jyGzzBYXQ9oXn2Zl71qHDA== Completed in 54ms
5539 timing metavuln:calculate:security-advisory:style-loader:IzHFkMfHDC+SV3IL23ZHngntgLDUgyESA9Ge8Mh5rKNVcDpaWLuTZIcoUJg4/bAH+BQlnDzJ4nLfJCy6fOIM0A== Completed in 253ms
5540 timing metavuln:cache:put:security-advisory:webpack-dev-middleware:kyevCngDdEZnIvTjRmRm6Dp4LwTaJ7yjB1cGwhYbKIcpXVHw8jUmEGWeArooewz2N/t9oD2CCF5dTxHyAFv0/g== Completed in 37ms
5541 timing metavuln:calculate:security-advisory:webpack-dev-middleware:IzHFkMfHDC+SV3IL23ZHngntgLDUgyESA9Ge8Mh5rKNVcDpaWLuTZIcoUJg4/bAH+BQlnDzJ4nLfJCy6fOIM0A== Completed in 253ms
5542 timing metavuln:cache:put:security-advisory:babel-loader:6TEgrHbOKCQeFNSfFpjzvddEZ1LE++0fw5fTKNsTS0inTjFYmNoMoYQO/mTOQqw9SrzSkj2OqTNSLEMLP6EAAQ== Completed in 16ms
5543 timing metavuln:calculate:security-advisory:babel-loader:IzHFkMfHDC+SV3IL23ZHngntgLDUgyESA9Ge8Mh5rKNVcDpaWLuTZIcoUJg4/bAH+BQlnDzJ4nLfJCy6fOIM0A== Completed in 256ms
5544 timing metavuln:cache:put:security-advisory:workbox-webpack-plugin:SPB2xGz7ybQE/WKR5N2W2MFKQrtC/dHYJeApD5B58gdR7ThemnYuNr/cjK+2OVe/Y/fG2+lJRuKawFC/XLA25g== Completed in 9ms
5545 timing metavuln:calculate:security-advisory:workbox-webpack-plugin:IzHFkMfHDC+SV3IL23ZHngntgLDUgyESA9Ge8Mh5rKNVcDpaWLuTZIcoUJg4/bAH+BQlnDzJ4nLfJCy6fOIM0A== Completed in 253ms
5546 timing metavuln:cache:put:security-advisory:@pmmmwh/react-refresh-webpack-plugin:cOsytHtlt7R4YskrehlxBZE5xFGbatHPazTzRi23x+fm9oZ7E5ppfvOmWIcYU5j12els1khMuiI2JiyqBimm8Q== Completed in 2ms
5547 timing metavuln:calculate:security-advisory:@pmmmwh/react-refresh-webpack-plugin:IzHFkMfHDC+SV3IL23ZHngntgLDUgyESA9Ge8Mh5rKNVcDpaWLuTZIcoUJg4/bAH+BQlnDzJ4nLfJCy6fOIM0A== Completed in 257ms
5548 timing metavuln:cache:get:security-advisory:@pmmmwh/react-refresh-webpack-plugin:lwxvVRxjN3NUW+ZPNvfYFqGA6tAtyptJw8XlYPSn9NoBLRP5HoxagsxZeFkzdtg6Yon+45EQ0MkXXwXKBuh4HA== Completed in 0ms
5549 timing metavuln:load:security-advisory:@pmmmwh/react-refresh-webpack-plugin:S4msAa42CSbP9G3yL/dwvZZ5cPcCL+QRxuEMItM2gN7hKlpH81WqAk7hl/RHHoEX/iKthZKYMNZMh67r9HW4dQ== Completed in 5ms
5550 timing metavuln:cache:get:security-advisory:react-scripts:tUBJ/OzUWE5BYtOYBtZhBWF0Ve7XmXc2AVgvm03GrLJeaKqfdlY6VztCPWJqEBzbAqkoV5mUqhQ0AehaPz1MsA== Completed in 5ms
5551 timing metavuln:load:security-advisory:react-scripts:S4msAa42CSbP9G3yL/dwvZZ5cPcCL+QRxuEMItM2gN7hKlpH81WqAk7hl/RHHoEX/iKthZKYMNZMh67r9HW4dQ== Completed in 10ms
5552 timing metavuln:cache:put:security-advisory:@pmmmwh/react-refresh-webpack-plugin:lwxvVRxjN3NUW+ZPNvfYFqGA6tAtyptJw8XlYPSn9NoBLRP5HoxagsxZeFkzdtg6Yon+45EQ0MkXXwXKBuh4HA== Completed in 13ms
5553 timing metavuln:calculate:security-advisory:@pmmmwh/react-refresh-webpack-plugin:S4msAa42CSbP9G3yL/dwvZZ5cPcCL+QRxuEMItM2gN7hKlpH81WqAk7hl/RHHoEX/iKthZKYMNZMh67r9HW4dQ== Completed in 18ms
5554 timing metavuln:cache:put:security-advisory:react-scripts:tUBJ/OzUWE5BYtOYBtZhBWF0Ve7XmXc2AVgvm03GrLJeaKqfdlY6VztCPWJqEBzbAqkoV5mUqhQ0AehaPz1MsA== Completed in 3ms
5555 timing metavuln:calculate:security-advisory:react-scripts:S4msAa42CSbP9G3yL/dwvZZ5cPcCL+QRxuEMItM2gN7hKlpH81WqAk7hl/RHHoEX/iKthZKYMNZMh67r9HW4dQ== Completed in 18ms
5556 timing metavuln:cache:get:security-advisory:jsdom:wQEAvL/Q4j7zUdvGw5n0bXowuRe5TwkEJsVmfIM9Q/9tgea2INgWTz296HBSWQ3NcM9rSllL44jnHZjIXB7PuQ== Completed in 0ms
5557 timing metavuln:load:security-advisory:jsdom:yWh+WsUCdzVUoHJ+ukHX3VBWHgc+bzFCiNYaEHuuvW29uVMpISqXUxRqbG/B55MQ8eiu9zSwUnABxh5qJf1U0w== Completed in 6ms
5558 timing metavuln:cache:put:security-advisory:jsdom:wQEAvL/Q4j7zUdvGw5n0bXowuRe5TwkEJsVmfIM9Q/9tgea2INgWTz296HBSWQ3NcM9rSllL44jnHZjIXB7PuQ== Completed in 1ms
5559 timing metavuln:calculate:security-advisory:jsdom:yWh+WsUCdzVUoHJ+ukHX3VBWHgc+bzFCiNYaEHuuvW29uVMpISqXUxRqbG/B55MQ8eiu9zSwUnABxh5qJf1U0w== Completed in 8ms
5560 timing metavuln:cache:get:security-advisory:svgo:XUKKCUuEIfThVsBLy+oF8GyP7lxkVuLkW//+NY5/KIf8QcWHSFuyi5ASrjDctKGKZ6oI4iYXN2mfMc9AZn06XQ== Completed in 0ms
5561 timing metavuln:load:security-advisory:svgo:SLFoDCntvPIX7nfh4g/iCe2/KeoLVy5CIo+Vtscwot4QJeqx55N/LgyavNwRLdiV5D/6y18tMpVEodIgf/9HMA== Completed in 4ms
5562 timing metavuln:cache:put:security-advisory:svgo:XUKKCUuEIfThVsBLy+oF8GyP7lxkVuLkW//+NY5/KIf8QcWHSFuyi5ASrjDctKGKZ6oI4iYXN2mfMc9AZn06XQ== Completed in 1ms
5563 timing metavuln:calculate:security-advisory:svgo:SLFoDCntvPIX7nfh4g/iCe2/KeoLVy5CIo+Vtscwot4QJeqx55N/LgyavNwRLdiV5D/6y18tMpVEodIgf/9HMA== Completed in 5ms
5564 timing metavuln:cache:get:security-advisory:webpack-dev-server:75kgL3Ouxko+Rs+Pb+gVOlTwKlqnYu2/PNKryRIDeQejBMHXID1xHaZaXz5BfDg3zj4Xyx2B2CdUWgomM1tdVQ== Completed in 0ms
5565 timing metavuln:load:security-advisory:webpack-dev-server:Huq7c89JK5BXQcE9DZw0MVDcGPHN59cP1la7rvM59DJxEu0MH2iAL2+Yj4XsVSVjaYaIYS5B6aMuaX1/Fn1QVQ== Completed in 5ms
5566 timing metavuln:cache:put:security-advisory:webpack-dev-server:75kgL3Ouxko+Rs+Pb+gVOlTwKlqnYu2/PNKryRIDeQejBMHXID1xHaZaXz5BfDg3zj4Xyx2B2CdUWgomM1tdVQ== Completed in 1ms
5567 timing metavuln:calculate:security-advisory:webpack-dev-server:Huq7c89JK5BXQcE9DZw0MVDcGPHN59cP1la7rvM59DJxEu0MH2iAL2+Yj4XsVSVjaYaIYS5B6aMuaX1/Fn1QVQ== Completed in 6ms
5568 timing metavuln:cache:get:security-advisory:webpack-dev-server:M76Fv8hEqdcA3ouo1Cog+38rCwJRiePF9lJPUruqw6VNuuqlQ/rcxQ41Wguk3fbNNymYr/5eeatv+myaLKkzaA== Completed in 1ms
5569 timing metavuln:load:security-advisory:webpack-dev-server:jDqZejHDGpsT112hJSvxQQ1A0teFqovvvxTAeepcEiijEn1yTlMMVXhcCJwTipS1Zn3FowB9Nv2mk4kUNVslIw== Completed in 12ms
5570 timing metavuln:cache:put:security-advisory:webpack-dev-server:M76Fv8hEqdcA3ouo1Cog+38rCwJRiePF9lJPUruqw6VNuuqlQ/rcxQ41Wguk3fbNNymYr/5eeatv+myaLKkzaA== Completed in 2ms
5571 timing metavuln:calculate:security-advisory:webpack-dev-server:jDqZejHDGpsT112hJSvxQQ1A0teFqovvvxTAeepcEiijEn1yTlMMVXhcCJwTipS1Zn3FowB9Nv2mk4kUNVslIw== Completed in 15ms
5572 timing metavuln:cache:get:security-advisory:react-scripts:XAw2VhKSpHJMG+2sRyITNuN3OOl/9vxyDoA25srMKOQKnXclL5HZYL/7F5PSV2CK7+IPLqTqlG2rJG5wmoyMOQ== Completed in 0ms
5573 timing metavuln:load:security-advisory:react-scripts:S39XmxbppZe2nbvhpOm/FbCIvpvN83PMDprIvl5s2+Tf+1c/WpXmtRkih7Vbk68CtSIhUfvZwG4CbuOyJ6kjfA== Completed in 4ms
5574 timing metavuln:cache:put:security-advisory:react-scripts:XAw2VhKSpHJMG+2sRyITNuN3OOl/9vxyDoA25srMKOQKnXclL5HZYL/7F5PSV2CK7+IPLqTqlG2rJG5wmoyMOQ== Completed in 1ms
5575 timing metavuln:calculate:security-advisory:react-scripts:S39XmxbppZe2nbvhpOm/FbCIvpvN83PMDprIvl5s2+Tf+1c/WpXmtRkih7Vbk68CtSIhUfvZwG4CbuOyJ6kjfA== Completed in 5ms
5576 timing metavuln:cache:get:security-advisory:express:q/7skjthOJPOG2ZYTJ9Rja6cWg3KGMxeevTEmftlBxFyNVt2s4UnSqwD8SEBUwJTSKwe3sbnu9VlN7kQqn3M6A== Completed in 0ms
5577 timing metavuln:load:security-advisory:express:SVY1QJwUSfML2NehOGcSVstcXKS/eDua/5V2EUmKoUvvslju7nOUuG2U2s8Ab8JiwWLyYwOKkJuQtb6QCoInhg== Completed in 6ms
5578 timing metavuln:cache:put:security-advisory:express:q/7skjthOJPOG2ZYTJ9Rja6cWg3KGMxeevTEmftlBxFyNVt2s4UnSqwD8SEBUwJTSKwe3sbnu9VlN7kQqn3M6A== Completed in 2ms
5579 timing metavuln:calculate:security-advisory:express:SVY1QJwUSfML2NehOGcSVstcXKS/eDua/5V2EUmKoUvvslju7nOUuG2U2s8Ab8JiwWLyYwOKkJuQtb6QCoInhg== Completed in 8ms
5580 timing metavuln:cache:get:security-advisory:workbox-build:w4jSu3agPpZzMQ4NleZi30m2ZrpuzGOgLlw9lbt9lsWmhEmrxMpqTlQ58s2SBPZax1B0Gdul+SbJjxcBrB4M1A== Completed in 0ms
5581 timing metavuln:load:security-advisory:workbox-build:a26GZag+KyrVZ3LK2nTzSerB+g1AaEomAsJszgvXFqBM53J4So8R4i3ZSxSoEeT2dRU8bZxEWnWHL4FyRZBZDQ== Completed in 2ms
5582 timing metavuln:cache:put:security-advisory:workbox-build:w4jSu3agPpZzMQ4NleZi30m2ZrpuzGOgLlw9lbt9lsWmhEmrxMpqTlQ58s2SBPZax1B0Gdul+SbJjxcBrB4M1A== Completed in 1ms
5583 timing metavuln:calculate:security-advisory:workbox-build:a26GZag+KyrVZ3LK2nTzSerB+g1AaEomAsJszgvXFqBM53J4So8R4i3ZSxSoEeT2dRU8bZxEWnWHL4FyRZBZDQ== Completed in 3ms
5584 timing metavuln:cache:get:security-advisory:react-scripts:NoX5UGzgJ1xdcM5dlkmPcmqOsEm87gCyLOmTKwtMhhGlspMOkW0yJp19ihUBui34Xl/51DB72zkhAHGGiW4azQ== Completed in 0ms
5585 timing metavuln:load:security-advisory:react-scripts:3IDyNCJ7lAU8evvQtAT6KkzWd1WG6hPQnzTICpmFFsj+NcXLcxwxjKBm+ESeKBg6SxsmbxIOt7wBvNlCtkNh1g== Completed in 3ms
5586 timing metavuln:cache:put:security-advisory:react-scripts:NoX5UGzgJ1xdcM5dlkmPcmqOsEm87gCyLOmTKwtMhhGlspMOkW0yJp19ihUBui34Xl/51DB72zkhAHGGiW4azQ== Completed in 1ms
5587 timing metavuln:calculate:security-advisory:react-scripts:3IDyNCJ7lAU8evvQtAT6KkzWd1WG6hPQnzTICpmFFsj+NcXLcxwxjKBm+ESeKBg6SxsmbxIOt7wBvNlCtkNh1g== Completed in 4ms
5588 timing metavuln:cache:get:security-advisory:react-scripts:ITiVRBCK+fYo6IwUGYOHRS5cqVVzdx3lo5oBOxPIgr7kZZrL/dBJce02k+LDOORnECNh5qPzwksU4/F3sK07BA== Completed in 0ms
5589 timing metavuln:load:security-advisory:react-scripts:329sgNMopuugPFiEvSVitHHehdTr5nHB47XwDe3JfAo+J6Nc9SQhgI2F9XPbnv2SVTzEoWYsaJ8lBj3HmQYXeg== Completed in 5ms
5590 timing metavuln:cache:get:security-advisory:webpack:JftYdshFur//E5T4X92eMr+3ntXPZDJ+GCIeFNjvSdMva59Eynz8k2kYRNBgeLJzm3dzvTSVXqU5Xweef/OxdQ== Completed in 6ms
5591 timing metavuln:load:security-advisory:webpack:329sgNMopuugPFiEvSVitHHehdTr5nHB47XwDe3JfAo+J6Nc9SQhgI2F9XPbnv2SVTzEoWYsaJ8lBj3HmQYXeg== Completed in 18ms
5592 timing metavuln:cache:put:security-advisory:react-scripts:ITiVRBCK+fYo6IwUGYOHRS5cqVVzdx3lo5oBOxPIgr7kZZrL/dBJce02k+LDOORnECNh5qPzwksU4/F3sK07BA== Completed in 21ms
5593 timing metavuln:calculate:security-advisory:react-scripts:329sgNMopuugPFiEvSVitHHehdTr5nHB47XwDe3JfAo+J6Nc9SQhgI2F9XPbnv2SVTzEoWYsaJ8lBj3HmQYXeg== Completed in 26ms
5594 timing metavuln:cache:put:security-advisory:webpack:JftYdshFur//E5T4X92eMr+3ntXPZDJ+GCIeFNjvSdMva59Eynz8k2kYRNBgeLJzm3dzvTSVXqU5Xweef/OxdQ== Completed in 1ms
5595 timing metavuln:calculate:security-advisory:webpack:329sgNMopuugPFiEvSVitHHehdTr5nHB47XwDe3JfAo+J6Nc9SQhgI2F9XPbnv2SVTzEoWYsaJ8lBj3HmQYXeg== Completed in 26ms
5596 timing metavuln:cache:get:security-advisory:jest-environment-jsdom:+qYoAjvPfiWwV0mqaQNvb/Qos1pktLr419QaFheA97EC1sYOxsDn197OpyFitmu4aAJNXfDNztcXa7meR+FMhw== Completed in 1ms
5597 http fetch GET 200 https://registry.npmjs.org/jest-environment-jsdom 146ms (cache miss)
5598 timing metavuln:packument:jest-environment-jsdom Completed in 147ms
5599 timing metavuln:load:security-advisory:jest-environment-jsdom:wQEAvL/Q4j7zUdvGw5n0bXowuRe5TwkEJsVmfIM9Q/9tgea2INgWTz296HBSWQ3NcM9rSllL44jnHZjIXB7PuQ== Completed in 16ms
5600 timing metavuln:cache:put:security-advisory:jest-environment-jsdom:+qYoAjvPfiWwV0mqaQNvb/Qos1pktLr419QaFheA97EC1sYOxsDn197OpyFitmu4aAJNXfDNztcXa7meR+FMhw== Completed in 3ms
5601 timing metavuln:calculate:security-advisory:jest-environment-jsdom:wQEAvL/Q4j7zUdvGw5n0bXowuRe5TwkEJsVmfIM9Q/9tgea2INgWTz296HBSWQ3NcM9rSllL44jnHZjIXB7PuQ== Completed in 166ms
5602 timing metavuln:cache:get:security-advisory:@svgr/plugin-svgo:EsuzSbf7+Y+7kKOmijkK+GD/doYYcoKZ2epSaSjuMjK3D5MenoOfnownHNwRmdBZcaR1NsuBUK35WDllW+AMMw== Completed in 0ms
5603 http fetch GET 200 https://registry.npmjs.org/@svgr%2fplugin-svgo 90ms (cache miss)
5604 timing metavuln:packument:@svgr/plugin-svgo Completed in 91ms
5605 timing metavuln:load:security-advisory:@svgr/plugin-svgo:XUKKCUuEIfThVsBLy+oF8GyP7lxkVuLkW//+NY5/KIf8QcWHSFuyi5ASrjDctKGKZ6oI4iYXN2mfMc9AZn06XQ== Completed in 3ms
5606 timing metavuln:cache:put:security-advisory:@svgr/plugin-svgo:EsuzSbf7+Y+7kKOmijkK+GD/doYYcoKZ2epSaSjuMjK3D5MenoOfnownHNwRmdBZcaR1NsuBUK35WDllW+AMMw== Completed in 1ms
5607 timing metavuln:calculate:security-advisory:@svgr/plugin-svgo:XUKKCUuEIfThVsBLy+oF8GyP7lxkVuLkW//+NY5/KIf8QcWHSFuyi5ASrjDctKGKZ6oI4iYXN2mfMc9AZn06XQ== Completed in 95ms
5608 timing metavuln:cache:get:security-advisory:workbox-webpack-plugin:eFNtzbT6LH+aVgtnHJMFXlU4W60PHAG/b+J5+HV+6YNoVmhqHF0XS+m8/aomiliuXln/fmKdxokfjndU4WeviQ== Completed in 1ms
5609 timing metavuln:load:security-advisory:workbox-webpack-plugin:w4jSu3agPpZzMQ4NleZi30m2ZrpuzGOgLlw9lbt9lsWmhEmrxMpqTlQ58s2SBPZax1B0Gdul+SbJjxcBrB4M1A== Completed in 9ms
5610 timing metavuln:cache:put:security-advisory:workbox-webpack-plugin:eFNtzbT6LH+aVgtnHJMFXlU4W60PHAG/b+J5+HV+6YNoVmhqHF0XS+m8/aomiliuXln/fmKdxokfjndU4WeviQ== Completed in 2ms
5611 timing metavuln:calculate:security-advisory:workbox-webpack-plugin:w4jSu3agPpZzMQ4NleZi30m2ZrpuzGOgLlw9lbt9lsWmhEmrxMpqTlQ58s2SBPZax1B0Gdul+SbJjxcBrB4M1A== Completed in 12ms
5612 timing metavuln:cache:get:security-advisory:jest-config:eK8XChVdI8clU5baWwTL+zKxVtR+17CgHhV8pg6SwOnfmrRpUpbXZT2fGWdyNRQLF/f3XcfT1VWkTmZ+91Q7IQ== Completed in 1ms
5613 timing metavuln:cache:get:security-advisory:jest-runner:3UmGHqj3TpOYqxa9u9pitzxYiuQpWpnodMQObc4QAcobr4LL4Tdp9xGueDS0Uk9iZpolcXaeS4En0F8vnU1p8A== Completed in 1ms
5614 http fetch GET 200 https://registry.npmjs.org/jest-runner 144ms (cache miss)
5615 timing metavuln:packument:jest-runner Completed in 147ms
5616 timing metavuln:load:security-advisory:jest-runner:+qYoAjvPfiWwV0mqaQNvb/Qos1pktLr419QaFheA97EC1sYOxsDn197OpyFitmu4aAJNXfDNztcXa7meR+FMhw== Completed in 10ms
5617 http fetch GET 200 https://registry.npmjs.org/jest-config 159ms (cache miss)
5618 timing metavuln:packument:jest-config Completed in 162ms
5619 timing metavuln:load:security-advisory:jest-config:+qYoAjvPfiWwV0mqaQNvb/Qos1pktLr419QaFheA97EC1sYOxsDn197OpyFitmu4aAJNXfDNztcXa7meR+FMhw== Completed in 55ms
5620 timing metavuln:cache:put:security-advisory:jest-runner:3UmGHqj3TpOYqxa9u9pitzxYiuQpWpnodMQObc4QAcobr4LL4Tdp9xGueDS0Uk9iZpolcXaeS4En0F8vnU1p8A== Completed in 61ms
5621 timing metavuln:calculate:security-advisory:jest-runner:+qYoAjvPfiWwV0mqaQNvb/Qos1pktLr419QaFheA97EC1sYOxsDn197OpyFitmu4aAJNXfDNztcXa7meR+FMhw== Completed in 218ms
5622 timing metavuln:cache:put:security-advisory:jest-config:eK8XChVdI8clU5baWwTL+zKxVtR+17CgHhV8pg6SwOnfmrRpUpbXZT2fGWdyNRQLF/f3XcfT1VWkTmZ+91Q7IQ== Completed in 2ms
5623 timing metavuln:calculate:security-advisory:jest-config:+qYoAjvPfiWwV0mqaQNvb/Qos1pktLr419QaFheA97EC1sYOxsDn197OpyFitmu4aAJNXfDNztcXa7meR+FMhw== Completed in 219ms
5624 timing metavuln:cache:get:security-advisory:@svgr/webpack:IqnIHrynVlqAtMhtysIZT7fFR47WkNiVdS0bltwMCNwW6AuOVEGK8Ns3UrtOyzCH0k8s8awx0D1vcr5HtSiaPw== Completed in 1ms
5625 http fetch GET 200 https://registry.npmjs.org/@svgr%2fwebpack 69ms (cache miss)
5626 timing metavuln:packument:@svgr/webpack Completed in 70ms
5627 timing metavuln:load:security-advisory:@svgr/webpack:EsuzSbf7+Y+7kKOmijkK+GD/doYYcoKZ2epSaSjuMjK3D5MenoOfnownHNwRmdBZcaR1NsuBUK35WDllW+AMMw== Completed in 5ms
5628 timing metavuln:cache:put:security-advisory:@svgr/webpack:IqnIHrynVlqAtMhtysIZT7fFR47WkNiVdS0bltwMCNwW6AuOVEGK8Ns3UrtOyzCH0k8s8awx0D1vcr5HtSiaPw== Completed in 0ms
5629 timing metavuln:calculate:security-advisory:@svgr/webpack:EsuzSbf7+Y+7kKOmijkK+GD/doYYcoKZ2epSaSjuMjK3D5MenoOfnownHNwRmdBZcaR1NsuBUK35WDllW+AMMw== Completed in 76ms
5630 timing metavuln:cache:get:security-advisory:react-scripts:aQDCu0NJ5YIVmA/KKTFlMDo5MmwROqdKXjOFpqdGI6FUXVGDjGjsHcV0q4q6377GntZurDQDeWX5wx6vX+v9CA== Completed in 0ms
5631 timing metavuln:load:security-advisory:react-scripts:eFNtzbT6LH+aVgtnHJMFXlU4W60PHAG/b+J5+HV+6YNoVmhqHF0XS+m8/aomiliuXln/fmKdxokfjndU4WeviQ== Completed in 5ms
5632 timing metavuln:cache:put:security-advisory:react-scripts:aQDCu0NJ5YIVmA/KKTFlMDo5MmwROqdKXjOFpqdGI6FUXVGDjGjsHcV0q4q6377GntZurDQDeWX5wx6vX+v9CA== Completed in 1ms
5633 timing metavuln:calculate:security-advisory:react-scripts:eFNtzbT6LH+aVgtnHJMFXlU4W60PHAG/b+J5+HV+6YNoVmhqHF0XS+m8/aomiliuXln/fmKdxokfjndU4WeviQ== Completed in 6ms
5634 timing metavuln:cache:get:security-advisory:@jest/core:NEXYpNf5SoniCwY9y5d4bEIiPoPxcsvgA96IPDf1mzI/jXO0NGQJwnkFMf7OgXWT3KdqDuymY7E49St2AMj6yQ== Completed in 1ms
5635 timing metavuln:cache:get:security-advisory:jest-config:+81TJ2vS9aLaIddG708Rrjpf0n3XvHAJukrO8WoWYR+fxI4kjJaC1IoBpNWD+jBc1+phzyY1nRKUxV3xXSLsUg== Completed in 0ms
5636 timing metavuln:load:security-advisory:jest-config:3UmGHqj3TpOYqxa9u9pitzxYiuQpWpnodMQObc4QAcobr4LL4Tdp9xGueDS0Uk9iZpolcXaeS4En0F8vnU1p8A== Completed in 46ms
5637 timing metavuln:cache:put:security-advisory:jest-config:+81TJ2vS9aLaIddG708Rrjpf0n3XvHAJukrO8WoWYR+fxI4kjJaC1IoBpNWD+jBc1+phzyY1nRKUxV3xXSLsUg== Completed in 2ms
5638 timing metavuln:calculate:security-advisory:jest-config:3UmGHqj3TpOYqxa9u9pitzxYiuQpWpnodMQObc4QAcobr4LL4Tdp9xGueDS0Uk9iZpolcXaeS4En0F8vnU1p8A== Completed in 48ms
5639 http fetch GET 200 https://registry.npmjs.org/@jest%2fcore 158ms (cache miss)
5640 timing metavuln:packument:@jest/core Completed in 161ms
5641 timing metavuln:load:security-advisory:@jest/core:3UmGHqj3TpOYqxa9u9pitzxYiuQpWpnodMQObc4QAcobr4LL4Tdp9xGueDS0Uk9iZpolcXaeS4En0F8vnU1p8A== Completed in 18ms
5642 timing metavuln:cache:put:security-advisory:@jest/core:NEXYpNf5SoniCwY9y5d4bEIiPoPxcsvgA96IPDf1mzI/jXO0NGQJwnkFMf7OgXWT3KdqDuymY7E49St2AMj6yQ== Completed in 1ms
5643 timing metavuln:calculate:security-advisory:@jest/core:3UmGHqj3TpOYqxa9u9pitzxYiuQpWpnodMQObc4QAcobr4LL4Tdp9xGueDS0Uk9iZpolcXaeS4En0F8vnU1p8A== Completed in 180ms
5644 timing metavuln:cache:get:security-advisory:@jest/core:ouL5BEm0p52Y1YN7k5+P71nlhVMN+OBCQ3703necJdYtAo7QbmY81YR9UrvcfifjM2aOQ9N0ll6WaMaC2viq3Q== Completed in 1ms
5645 timing metavuln:load:security-advisory:@jest/core:eK8XChVdI8clU5baWwTL+zKxVtR+17CgHhV8pg6SwOnfmrRpUpbXZT2fGWdyNRQLF/f3XcfT1VWkTmZ+91Q7IQ== Completed in 77ms
5646 timing metavuln:cache:get:security-advisory:jest-cli:DQYChiB86Dj11hhi0a/i8aSp2WN780iPgyGf3wELg3yp8MwOrJAzhwTXMK5f+RCIxjp1kTKsBvspLtjQuuiOcA== Completed in 78ms
5647 timing metavuln:cache:put:security-advisory:@jest/core:ouL5BEm0p52Y1YN7k5+P71nlhVMN+OBCQ3703necJdYtAo7QbmY81YR9UrvcfifjM2aOQ9N0ll6WaMaC2viq3Q== Completed in 2ms
5648 timing metavuln:calculate:security-advisory:@jest/core:eK8XChVdI8clU5baWwTL+zKxVtR+17CgHhV8pg6SwOnfmrRpUpbXZT2fGWdyNRQLF/f3XcfT1VWkTmZ+91Q7IQ== Completed in 80ms
5649 http fetch GET 200 https://registry.npmjs.org/jest-cli 239ms (cache miss)
5650 timing metavuln:packument:jest-cli Completed in 244ms
5651 timing metavuln:load:security-advisory:jest-cli:eK8XChVdI8clU5baWwTL+zKxVtR+17CgHhV8pg6SwOnfmrRpUpbXZT2fGWdyNRQLF/f3XcfT1VWkTmZ+91Q7IQ== Completed in 23ms
5652 timing metavuln:cache:put:security-advisory:jest-cli:DQYChiB86Dj11hhi0a/i8aSp2WN780iPgyGf3wELg3yp8MwOrJAzhwTXMK5f+RCIxjp1kTKsBvspLtjQuuiOcA== Completed in 1ms
5653 timing metavuln:calculate:security-advisory:jest-cli:eK8XChVdI8clU5baWwTL+zKxVtR+17CgHhV8pg6SwOnfmrRpUpbXZT2fGWdyNRQLF/f3XcfT1VWkTmZ+91Q7IQ== Completed in 268ms
5654 timing metavuln:cache:get:security-advisory:react-scripts:Oynm4f28m7wqpHeAVQPAu6HUX0KhswQORZBCdzEDs2/Qk227PWimoI5yjY/d79GoOSw+zJpJ6uMhVBngEzK4zQ== Completed in 0ms
5655 timing metavuln:load:security-advisory:react-scripts:IqnIHrynVlqAtMhtysIZT7fFR47WkNiVdS0bltwMCNwW6AuOVEGK8Ns3UrtOyzCH0k8s8awx0D1vcr5HtSiaPw== Completed in 3ms
5656 timing metavuln:cache:put:security-advisory:react-scripts:Oynm4f28m7wqpHeAVQPAu6HUX0KhswQORZBCdzEDs2/Qk227PWimoI5yjY/d79GoOSw+zJpJ6uMhVBngEzK4zQ== Completed in 1ms
5657 timing metavuln:calculate:security-advisory:react-scripts:IqnIHrynVlqAtMhtysIZT7fFR47WkNiVdS0bltwMCNwW6AuOVEGK8Ns3UrtOyzCH0k8s8awx0D1vcr5HtSiaPw== Completed in 4ms
5658 timing metavuln:cache:get:security-advisory:jest:Ghf4vktzKZsY7gfWlRGBWFOPNKhUMSiH1pOd6mMxIfe2WRmkOlDqh6ZTuYG85F1Qq7NZBWQ2XOxoW73jfPKiVQ== Completed in 1ms
5659 timing metavuln:cache:get:security-advisory:jest-cli:KYMccIv4jZq3aNoMDMvNC2BykxmXIj/wqbpswTXqFIx9B3poNJRK9UZGtjfthF/SHCU5derWfiSQ+xDDK3UhHA== Completed in 0ms
5660 timing metavuln:load:security-advisory:jest-cli:NEXYpNf5SoniCwY9y5d4bEIiPoPxcsvgA96IPDf1mzI/jXO0NGQJwnkFMf7OgXWT3KdqDuymY7E49St2AMj6yQ== Completed in 30ms
5661 timing metavuln:cache:put:security-advisory:jest-cli:KYMccIv4jZq3aNoMDMvNC2BykxmXIj/wqbpswTXqFIx9B3poNJRK9UZGtjfthF/SHCU5derWfiSQ+xDDK3UhHA== Completed in 2ms
5662 timing metavuln:calculate:security-advisory:jest-cli:NEXYpNf5SoniCwY9y5d4bEIiPoPxcsvgA96IPDf1mzI/jXO0NGQJwnkFMf7OgXWT3KdqDuymY7E49St2AMj6yQ== Completed in 32ms
5663 http fetch GET 200 https://registry.npmjs.org/jest 295ms (cache miss)
5664 timing metavuln:packument:jest Completed in 296ms
5665 timing metavuln:load:security-advisory:jest:NEXYpNf5SoniCwY9y5d4bEIiPoPxcsvgA96IPDf1mzI/jXO0NGQJwnkFMf7OgXWT3KdqDuymY7E49St2AMj6yQ== Completed in 5ms
5666 timing metavuln:cache:put:security-advisory:jest:Ghf4vktzKZsY7gfWlRGBWFOPNKhUMSiH1pOd6mMxIfe2WRmkOlDqh6ZTuYG85F1Qq7NZBWQ2XOxoW73jfPKiVQ== Completed in 0ms
5667 timing metavuln:calculate:security-advisory:jest:NEXYpNf5SoniCwY9y5d4bEIiPoPxcsvgA96IPDf1mzI/jXO0NGQJwnkFMf7OgXWT3KdqDuymY7E49St2AMj6yQ== Completed in 303ms
5668 timing metavuln:cache:get:security-advisory:jest:3FvX/18zOXz8pMM2wHZnShC9cD/euT84MFen5+8MEMlxrFaMv5dscgxlMYq/bJwPgGQMGkIctAOghJfbFNapOA== Completed in 1ms
5669 timing metavuln:load:security-advisory:jest:DQYChiB86Dj11hhi0a/i8aSp2WN780iPgyGf3wELg3yp8MwOrJAzhwTXMK5f+RCIxjp1kTKsBvspLtjQuuiOcA== Completed in 137ms
5670 timing metavuln:cache:put:security-advisory:jest:3FvX/18zOXz8pMM2wHZnShC9cD/euT84MFen5+8MEMlxrFaMv5dscgxlMYq/bJwPgGQMGkIctAOghJfbFNapOA== Completed in 2ms
5671 timing metavuln:calculate:security-advisory:jest:DQYChiB86Dj11hhi0a/i8aSp2WN780iPgyGf3wELg3yp8MwOrJAzhwTXMK5f+RCIxjp1kTKsBvspLtjQuuiOcA== Completed in 140ms
5672 timing metavuln:cache:get:security-advisory:jest-watch-typeahead:HOWXVmn3qZzqLOGWR0wYKtW9MFqQZCO9X08H+JJi5JRvt/iZN6KAnw/by+EjZ5upmem03OWSmsf0CV95q9MBbA== Completed in 1ms
5673 timing metavuln:cache:get:security-advisory:react-scripts:y7qmmq7Ru2hZAyf/55HBucxE77FPeSmgldyztAhuELd+cRXvJjU/YbPfBtaGnmijKZSZlCbUi8GiuRQbPQ7m/Q== Completed in 1ms
5674 timing metavuln:load:security-advisory:react-scripts:Ghf4vktzKZsY7gfWlRGBWFOPNKhUMSiH1pOd6mMxIfe2WRmkOlDqh6ZTuYG85F1Qq7NZBWQ2XOxoW73jfPKiVQ== Completed in 15ms
5675 timing metavuln:cache:put:security-advisory:react-scripts:y7qmmq7Ru2hZAyf/55HBucxE77FPeSmgldyztAhuELd+cRXvJjU/YbPfBtaGnmijKZSZlCbUi8GiuRQbPQ7m/Q== Completed in 2ms
5676 timing metavuln:calculate:security-advisory:react-scripts:Ghf4vktzKZsY7gfWlRGBWFOPNKhUMSiH1pOd6mMxIfe2WRmkOlDqh6ZTuYG85F1Qq7NZBWQ2XOxoW73jfPKiVQ== Completed in 18ms
5677 http fetch GET 200 https://registry.npmjs.org/jest-watch-typeahead 64ms (cache miss)
5678 timing metavuln:packument:jest-watch-typeahead Completed in 65ms
5679 timing metavuln:load:security-advisory:jest-watch-typeahead:Ghf4vktzKZsY7gfWlRGBWFOPNKhUMSiH1pOd6mMxIfe2WRmkOlDqh6ZTuYG85F1Qq7NZBWQ2XOxoW73jfPKiVQ== Completed in 9ms
5680 timing metavuln:cache:put:security-advisory:jest-watch-typeahead:HOWXVmn3qZzqLOGWR0wYKtW9MFqQZCO9X08H+JJi5JRvt/iZN6KAnw/by+EjZ5upmem03OWSmsf0CV95q9MBbA== Completed in 1ms
5681 timing metavuln:calculate:security-advisory:jest-watch-typeahead:Ghf4vktzKZsY7gfWlRGBWFOPNKhUMSiH1pOd6mMxIfe2WRmkOlDqh6ZTuYG85F1Qq7NZBWQ2XOxoW73jfPKiVQ== Completed in 75ms
5682 timing auditReport:init Completed in 18202ms
5683 timing reify:audit Completed in 20371ms
5684 timing reify Completed in 21156ms
5685 silly ADD node_modules/yocto-queue
5686 silly ADD node_modules/yargs-parser
5687 silly ADD node_modules/yargs
5688 silly ADD node_modules/yaml
5689 silly ADD node_modules/yallist
5690 silly ADD node_modules/y18n
5691 silly ADD node_modules/xmlchars
5692 silly ADD node_modules/xml-name-validator
5693 silly ADD node_modules/ws
5694 silly ADD node_modules/write-file-atomic
5695 silly ADD node_modules/wrappy
5696 silly ADD node_modules/wrap-ansi-cjs
5697 silly ADD node_modules/wrap-ansi
5698 silly ADD node_modules/workbox-window
5699 silly ADD node_modules/workbox-webpack-plugin
5700 silly ADD node_modules/workbox-webpack-plugin/node_modules/webpack-sources
5701 silly ADD node_modules/workbox-webpack-plugin/node_modules/source-map
5702 silly ADD node_modules/workbox-sw
5703 silly ADD node_modules/workbox-streams
5704 silly ADD node_modules/workbox-strategies
5705 silly ADD node_modules/workbox-routing
5706 silly ADD node_modules/workbox-recipes
5707 silly ADD node_modules/workbox-range-requests
5708 silly ADD node_modules/workbox-precaching
5709 silly ADD node_modules/workbox-navigation-preload
5710 silly ADD node_modules/workbox-google-analytics
5711 silly ADD node_modules/workbox-expiration
5712 silly ADD node_modules/workbox-core
5713 silly ADD node_modules/workbox-cacheable-response
5714 silly ADD node_modules/workbox-build
5715 silly ADD node_modules/workbox-build/node_modules/whatwg-url
5716 silly ADD node_modules/workbox-build/node_modules/webidl-conversions
5717 silly ADD node_modules/workbox-build/node_modules/tr46
5718 silly ADD node_modules/workbox-build/node_modules/source-map
5719 silly ADD node_modules/workbox-build/node_modules/json-schema-traverse
5720 silly ADD node_modules/workbox-build/node_modules/fs-extra
5721 silly ADD node_modules/workbox-build/node_modules/ajv
5722 silly ADD node_modules/workbox-build/node_modules/@apideck/better-ajv-errors
5723 silly ADD node_modules/workbox-broadcast-update
5724 silly ADD node_modules/workbox-background-sync
5725 silly ADD node_modules/word-wrap
5726 silly ADD node_modules/which-typed-array
5727 silly ADD node_modules/which-collection
5728 silly ADD node_modules/which-builtin-type
5729 silly ADD node_modules/which-boxed-primitive
5730 silly ADD node_modules/which
5731 silly ADD node_modules/whatwg-url
5732 silly ADD node_modules/whatwg-mimetype
5733 silly ADD node_modules/whatwg-fetch
5734 silly ADD node_modules/whatwg-encoding
5735 silly ADD node_modules/whatwg-encoding/node_modules/iconv-lite
5736 silly ADD node_modules/websocket-extensions
5737 silly ADD node_modules/websocket-driver
5738 silly ADD node_modules/webpack-sources
5739 silly ADD node_modules/webpack-manifest-plugin
5740 silly ADD node_modules/webpack-manifest-plugin/node_modules/webpack-sources
5741 silly ADD node_modules/webpack-manifest-plugin/node_modules/source-map
5742 silly ADD node_modules/webpack-dev-server
5743 silly ADD node_modules/webpack-dev-server/node_modules/ws
5744 silly ADD node_modules/webpack-dev-middleware
5745 silly ADD node_modules/webpack
5746 silly ADD node_modules/webpack/node_modules/estraverse
5747 silly ADD node_modules/webpack/node_modules/eslint-scope
5748 silly ADD node_modules/webidl-conversions
5749 silly ADD node_modules/web-vitals
5750 silly ADD node_modules/wbuf
5751 silly ADD node_modules/watchpack
5752 silly ADD node_modules/walker
5753 silly ADD node_modules/w3c-xmlserializer
5754 silly ADD node_modules/w3c-hr-time
5755 silly ADD node_modules/vary
5756 silly ADD node_modules/v8-to-istanbul
5757 silly ADD node_modules/v8-to-istanbul/node_modules/convert-source-map
5758 silly ADD node_modules/uuid
5759 silly ADD node_modules/utils-merge
5760 silly ADD node_modules/utila
5761 silly ADD node_modules/util.promisify
5762 silly ADD node_modules/util-deprecate
5763 silly ADD node_modules/url-parse
5764 silly ADD node_modules/uri-js
5765 silly ADD node_modules/update-browserslist-db
5766 silly ADD node_modules/upath
5767 silly ADD node_modules/unquote
5768 silly ADD node_modules/unpipe
5769 silly ADD node_modules/universalify
5770 silly ADD node_modules/unique-string
5771 silly ADD node_modules/unicode-property-aliases-ecmascript
5772 silly ADD node_modules/unicode-match-property-value-ecmascript
5773 silly ADD node_modules/unicode-match-property-ecmascript
5774 silly ADD node_modules/unicode-canonical-property-names-ecmascript
5775 silly ADD node_modules/undici-types
5776 silly ADD node_modules/underscore
5777 silly ADD node_modules/unbox-primitive
5778 silly ADD node_modules/typescript
5779 silly ADD node_modules/typedarray-to-buffer
5780 silly ADD node_modules/typed-array-length
5781 silly ADD node_modules/typed-array-byte-offset
5782 silly ADD node_modules/typed-array-byte-length
5783 silly ADD node_modules/typed-array-buffer
5784 silly ADD node_modules/type-is
5785 silly ADD node_modules/type-fest
5786 silly ADD node_modules/type-detect
5787 silly ADD node_modules/type-check
5788 silly ADD node_modules/tsutils
5789 silly ADD node_modules/tsutils/node_modules/tslib
5790 silly ADD node_modules/tslib
5791 silly ADD node_modules/tsconfig-paths
5792 silly ADD node_modules/tsconfig-paths/node_modules/strip-bom
5793 silly ADD node_modules/tsconfig-paths/node_modules/json5
5794 silly ADD node_modules/ts-interface-checker
5795 silly ADD node_modules/tryer
5796 silly ADD node_modules/trim-repeated
5797 silly ADD node_modules/trim-repeated/node_modules/escape-string-regexp
5798 silly ADD node_modules/tr46
5799 silly ADD node_modules/tough-cookie
5800 silly ADD node_modules/tough-cookie/node_modules/universalify
5801 silly ADD node_modules/toidentifier
5802 silly ADD node_modules/to-regex-range
5803 silly ADD node_modules/tmpl
5804 silly ADD node_modules/thunky
5805 silly ADD node_modules/throat
5806 silly ADD node_modules/thenify-all
5807 silly ADD node_modules/thenify
5808 silly ADD node_modules/text-table
5809 silly ADD node_modules/test-exclude
5810 silly ADD node_modules/terser-webpack-plugin
5811 silly ADD node_modules/terser
5812 silly ADD node_modules/terser/node_modules/commander
5813 silly ADD node_modules/terminal-link
5814 silly ADD node_modules/tempy
5815 silly ADD node_modules/tempy/node_modules/type-fest
5816 silly ADD node_modules/temp-dir
5817 silly ADD node_modules/tapable
5818 silly ADD node_modules/tailwindcss
5819 silly ADD node_modules/tailwindcss/node_modules/lilconfig
5820 silly ADD node_modules/symbol-tree
5821 silly ADD node_modules/svgo
5822 silly ADD node_modules/svgo/node_modules/supports-color
5823 silly ADD node_modules/svgo/node_modules/nth-check
5824 silly ADD node_modules/svgo/node_modules/has-flag
5825 silly ADD node_modules/svgo/node_modules/escape-string-regexp
5826 silly ADD node_modules/svgo/node_modules/domutils
5827 silly ADD node_modules/svgo/node_modules/domutils/node_modules/domelementtype
5828 silly ADD node_modules/svgo/node_modules/dom-serializer
5829 silly ADD node_modules/svgo/node_modules/css-what
5830 silly ADD node_modules/svgo/node_modules/css-select
5831 silly ADD node_modules/svgo/node_modules/color-name
5832 silly ADD node_modules/svgo/node_modules/color-convert
5833 silly ADD node_modules/svgo/node_modules/chalk
5834 silly ADD node_modules/svgo/node_modules/ansi-styles
5835 silly ADD node_modules/svg-parser
5836 silly ADD node_modules/supports-preserve-symlinks-flag
5837 silly ADD node_modules/supports-hyperlinks
5838 silly ADD node_modules/supports-color
5839 silly ADD node_modules/sucrase
5840 silly ADD node_modules/sucrase/node_modules/minimatch
5841 silly ADD node_modules/sucrase/node_modules/glob
5842 silly ADD node_modules/sucrase/node_modules/commander
5843 silly ADD node_modules/sucrase/node_modules/brace-expansion
5844 silly ADD node_modules/stylehacks
5845 silly ADD node_modules/style-loader
5846 silly ADD node_modules/strip-outer
5847 silly ADD node_modules/strip-outer/node_modules/escape-string-regexp
5848 silly ADD node_modules/strip-json-comments
5849 silly ADD node_modules/strip-indent
5850 silly ADD node_modules/strip-final-newline
5851 silly ADD node_modules/strip-comments
5852 silly ADD node_modules/strip-bom
5853 silly ADD node_modules/strip-ansi-cjs
5854 silly ADD node_modules/strip-ansi
5855 silly ADD node_modules/stringify-object
5856 silly ADD node_modules/string.prototype.trimstart
5857 silly ADD node_modules/string.prototype.trimend
5858 silly ADD node_modules/string.prototype.trim
5859 silly ADD node_modules/string.prototype.repeat
5860 silly ADD node_modules/string.prototype.matchall
5861 silly ADD node_modules/string.prototype.includes
5862 silly ADD node_modules/string-width-cjs
5863 silly ADD node_modules/string-width-cjs/node_modules/emoji-regex
5864 silly ADD node_modules/string-width
5865 silly ADD node_modules/string-width/node_modules/emoji-regex
5866 silly ADD node_modules/string-natural-compare
5867 silly ADD node_modules/string-length
5868 silly ADD node_modules/string_decoder
5869 silly ADD node_modules/statuses
5870 silly ADD node_modules/static-eval
5871 silly ADD node_modules/static-eval/node_modules/type-check
5872 silly ADD node_modules/static-eval/node_modules/source-map
5873 silly ADD node_modules/static-eval/node_modules/prelude-ls
5874 silly ADD node_modules/static-eval/node_modules/optionator
5875 silly ADD node_modules/static-eval/node_modules/levn
5876 silly ADD node_modules/static-eval/node_modules/estraverse
5877 silly ADD node_modules/static-eval/node_modules/escodegen
5878 silly ADD node_modules/stackframe
5879 silly ADD node_modules/stack-utils
5880 silly ADD node_modules/stack-utils/node_modules/escape-string-regexp
5881 silly ADD node_modules/stable
5882 silly ADD node_modules/sprintf-js
5883 silly ADD node_modules/spdy-transport
5884 silly ADD node_modules/spdy
5885 silly ADD node_modules/sourcemap-codec
5886 silly ADD node_modules/source-map-support
5887 silly ADD node_modules/source-map-support/node_modules/source-map
5888 silly ADD node_modules/source-map-loader
5889 silly ADD node_modules/source-map-js
5890 silly ADD node_modules/source-map
5891 silly ADD node_modules/source-list-map
5892 silly ADD node_modules/sockjs
5893 silly ADD node_modules/slash
5894 silly ADD node_modules/sisteransi
5895 silly ADD node_modules/signal-exit
5896 silly ADD node_modules/side-channel-weakmap
5897 silly ADD node_modules/side-channel-map
5898 silly ADD node_modules/side-channel-list
5899 silly ADD node_modules/side-channel
5900 silly ADD node_modules/shell-quote
5901 silly ADD node_modules/shebang-regex
5902 silly ADD node_modules/shebang-command
5903 silly ADD node_modules/setprototypeof
5904 silly ADD node_modules/set-proto
5905 silly ADD node_modules/set-function-name
5906 silly ADD node_modules/set-function-length
5907 silly ADD node_modules/serve-static
5908 silly ADD node_modules/serve-index
5909 silly ADD node_modules/serve-index/node_modules/statuses
5910 silly ADD node_modules/serve-index/node_modules/setprototypeof
5911 silly ADD node_modules/serve-index/node_modules/ms
5912 silly ADD node_modules/serve-index/node_modules/inherits
5913 silly ADD node_modules/serve-index/node_modules/http-errors
5914 silly ADD node_modules/serve-index/node_modules/depd
5915 silly ADD node_modules/serve-index/node_modules/debug
5916 silly ADD node_modules/serialize-javascript
5917 silly ADD node_modules/send
5918 silly ADD node_modules/send/node_modules/encodeurl
5919 silly ADD node_modules/send/node_modules/debug
5920 silly ADD node_modules/send/node_modules/debug/node_modules/ms
5921 silly ADD node_modules/semver
5922 silly ADD node_modules/selfsigned
5923 silly ADD node_modules/select-hose
5924 silly ADD node_modules/schema-utils
5925 silly ADD node_modules/schema-utils/node_modules/json-schema-traverse
5926 silly ADD node_modules/schema-utils/node_modules/ajv-keywords
5927 silly ADD node_modules/schema-utils/node_modules/ajv
5928 silly ADD node_modules/scheduler
5929 silly ADD node_modules/saxes
5930 silly ADD node_modules/sax
5931 silly ADD node_modules/sass-loader
5932 silly ADD node_modules/sanitize.css
5933 silly ADD node_modules/safer-buffer
5934 silly ADD node_modules/safe-regex-test
5935 silly ADD node_modules/safe-push-apply
5936 silly ADD node_modules/safe-buffer
5937 silly ADD node_modules/safe-array-concat
5938 silly ADD node_modules/run-parallel
5939 silly ADD node_modules/rollup-plugin-terser
5940 silly ADD node_modules/rollup-plugin-terser/node_modules/serialize-javascript
5941 silly ADD node_modules/rollup-plugin-terser/node_modules/jest-worker
5942 silly ADD node_modules/rollup
5943 silly ADD node_modules/rimraf
5944 silly ADD node_modules/reusify
5945 silly ADD node_modules/retry
5946 silly ADD node_modules/resolve.exports
5947 silly ADD node_modules/resolve-url-loader
5948 silly ADD node_modules/resolve-url-loader/node_modules/source-map
5949 silly ADD node_modules/resolve-url-loader/node_modules/postcss
5950 silly ADD node_modules/resolve-url-loader/node_modules/picocolors
5951 silly ADD node_modules/resolve-url-loader/node_modules/convert-source-map
5952 silly ADD node_modules/resolve-from
5953 silly ADD node_modules/resolve-cwd
5954 silly ADD node_modules/resolve
5955 silly ADD node_modules/requires-port
5956 silly ADD node_modules/require-from-string
5957 silly ADD node_modules/require-directory
5958 silly ADD node_modules/renderkid
5959 silly ADD node_modules/relateurl
5960 silly ADD node_modules/regjsparser
5961 silly ADD node_modules/regjsparser/node_modules/jsesc
5962 silly ADD node_modules/regjsgen
5963 silly ADD node_modules/regexpu-core
5964 silly ADD node_modules/regexp.prototype.flags
5965 silly ADD node_modules/regex-parser
5966 silly ADD node_modules/regenerator-runtime
5967 silly ADD node_modules/regenerate-unicode-properties
5968 silly ADD node_modules/regenerate
5969 silly ADD node_modules/reflect.getprototypeof
5970 silly ADD node_modules/redent
5971 silly ADD node_modules/recursive-readdir
5972 silly ADD node_modules/readdirp
5973 silly ADD node_modules/readable-stream
5974 silly ADD node_modules/read-cache
5975 silly ADD node_modules/react-scripts
5976 silly ADD node_modules/react-refresh
5977 silly ADD node_modules/react-is
5978 silly ADD node_modules/react-error-overlay
5979 silly ADD node_modules/react-dom
5980 silly ADD node_modules/react-dev-utils
5981 silly ADD node_modules/react-dev-utils/node_modules/p-locate
5982 silly ADD node_modules/react-dev-utils/node_modules/p-limit
5983 silly ADD node_modules/react-dev-utils/node_modules/locate-path
5984 silly ADD node_modules/react-dev-utils/node_modules/loader-utils
5985 silly ADD node_modules/react-dev-utils/node_modules/find-up
5986 silly ADD node_modules/react-app-polyfill
5987 silly ADD node_modules/react
5988 silly ADD node_modules/raw-body
5989 silly ADD node_modules/raw-body/node_modules/iconv-lite
5990 silly ADD node_modules/range-parser
5991 silly ADD node_modules/randombytes
5992 silly ADD node_modules/raf
5993 silly ADD node_modules/queue-microtask
5994 silly ADD node_modules/querystringify
5995 silly ADD node_modules/qs
5996 silly ADD node_modules/q
5997 silly ADD node_modules/punycode
5998 silly ADD node_modules/psl
5999 silly ADD node_modules/proxy-addr
6000 silly ADD node_modules/proxy-addr/node_modules/ipaddr.js
6001 silly ADD node_modules/prop-types
6002 silly ADD node_modules/prop-types/node_modules/react-is
6003 silly ADD node_modules/prompts
6004 silly ADD node_modules/promise
6005 silly ADD node_modules/process-nextick-args
6006 silly ADD node_modules/pretty-format
6007 silly ADD node_modules/pretty-format/node_modules/ansi-styles
6008 silly ADD node_modules/pretty-error
6009 silly ADD node_modules/pretty-bytes
6010 silly ADD node_modules/prelude-ls
6011 silly ADD node_modules/postcss-value-parser
6012 silly ADD node_modules/postcss-unique-selectors
6013 silly ADD node_modules/postcss-svgo
6014 silly ADD node_modules/postcss-svgo/node_modules/svgo
6015 silly ADD node_modules/postcss-svgo/node_modules/source-map
6016 silly ADD node_modules/postcss-svgo/node_modules/mdn-data
6017 silly ADD node_modules/postcss-svgo/node_modules/css-tree
6018 silly ADD node_modules/postcss-svgo/node_modules/commander
6019 silly ADD node_modules/postcss-selector-parser
6020 silly ADD node_modules/postcss-selector-not
6021 silly ADD node_modules/postcss-replace-overflow-wrap
6022 silly ADD node_modules/postcss-reduce-transforms
6023 silly ADD node_modules/postcss-reduce-initial
6024 silly ADD node_modules/postcss-pseudo-class-any-link
6025 silly ADD node_modules/postcss-preset-env
6026 silly ADD node_modules/postcss-place
6027 silly ADD node_modules/postcss-page-break
6028 silly ADD node_modules/postcss-overflow-shorthand
6029 silly ADD node_modules/postcss-ordered-values
6030 silly ADD node_modules/postcss-opacity-percentage
6031 silly ADD node_modules/postcss-normalize-whitespace
6032 silly ADD node_modules/postcss-normalize-url
6033 silly ADD node_modules/postcss-normalize-unicode
6034 silly ADD node_modules/postcss-normalize-timing-functions
6035 silly ADD node_modules/postcss-normalize-string
6036 silly ADD node_modules/postcss-normalize-repeat-style
6037 silly ADD node_modules/postcss-normalize-positions
6038 silly ADD node_modules/postcss-normalize-display-values
6039 silly ADD node_modules/postcss-normalize-charset
6040 silly ADD node_modules/postcss-normalize
6041 silly ADD node_modules/postcss-nesting
6042 silly ADD node_modules/postcss-nested
6043 silly ADD node_modules/postcss-modules-values
6044 silly ADD node_modules/postcss-modules-scope
6045 silly ADD node_modules/postcss-modules-scope/node_modules/postcss-selector-parser
6046 silly ADD node_modules/postcss-modules-local-by-default
6047 silly ADD node_modules/postcss-modules-local-by-default/node_modules/postcss-selector-parser
6048 silly ADD node_modules/postcss-modules-extract-imports
6049 silly ADD node_modules/postcss-minify-selectors
6050 silly ADD node_modules/postcss-minify-params
6051 silly ADD node_modules/postcss-minify-gradients
6052 silly ADD node_modules/postcss-minify-font-values
6053 silly ADD node_modules/postcss-merge-rules
6054 silly ADD node_modules/postcss-merge-longhand
6055 silly ADD node_modules/postcss-media-minmax
6056 silly ADD node_modules/postcss-logical
6057 silly ADD node_modules/postcss-loader
6058 silly ADD node_modules/postcss-load-config
6059 silly ADD node_modules/postcss-load-config/node_modules/yaml
6060 silly ADD node_modules/postcss-load-config/node_modules/lilconfig
6061 silly ADD node_modules/postcss-lab-function
6062 silly ADD node_modules/postcss-js
6063 silly ADD node_modules/postcss-initial
6064 silly ADD node_modules/postcss-import
6065 silly ADD node_modules/postcss-image-set-function
6066 silly ADD node_modules/postcss-gap-properties
6067 silly ADD node_modules/postcss-font-variant
6068 silly ADD node_modules/postcss-focus-within
6069 silly ADD node_modules/postcss-focus-visible
6070 silly ADD node_modules/postcss-flexbugs-fixes
6071 silly ADD node_modules/postcss-env-function
6072 silly ADD node_modules/postcss-double-position-gradients
6073 silly ADD node_modules/postcss-discard-overridden
6074 silly ADD node_modules/postcss-discard-empty
6075 silly ADD node_modules/postcss-discard-duplicates
6076 silly ADD node_modules/postcss-discard-comments
6077 silly ADD node_modules/postcss-dir-pseudo-class
6078 silly ADD node_modules/postcss-custom-selectors
6079 silly ADD node_modules/postcss-custom-properties
6080 silly ADD node_modules/postcss-custom-media
6081 silly ADD node_modules/postcss-convert-values
6082 silly ADD node_modules/postcss-colormin
6083 silly ADD node_modules/postcss-color-rebeccapurple
6084 silly ADD node_modules/postcss-color-hex-alpha
6085 silly ADD node_modules/postcss-color-functional-notation
6086 silly ADD node_modules/postcss-clamp
6087 silly ADD node_modules/postcss-calc
6088 silly ADD node_modules/postcss-browser-comments
6089 silly ADD node_modules/postcss-attribute-case-insensitive
6090 silly ADD node_modules/postcss
6091 silly ADD node_modules/possible-typed-array-names
6092 silly ADD node_modules/pkg-up
6093 silly ADD node_modules/pkg-up/node_modules/path-exists
6094 silly ADD node_modules/pkg-up/node_modules/p-locate
6095 silly ADD node_modules/pkg-up/node_modules/locate-path
6096 silly ADD node_modules/pkg-up/node_modules/find-up
6097 silly ADD node_modules/pkg-dir
6098 silly ADD node_modules/pirates
6099 silly ADD node_modules/pify
6100 silly ADD node_modules/picomatch
6101 silly ADD node_modules/picocolors
6102 silly ADD node_modules/performance-now
6103 silly ADD node_modules/path-type
6104 silly ADD node_modules/path-to-regexp
6105 silly ADD node_modules/path-scurry
6106 silly ADD node_modules/path-scurry/node_modules/lru-cache
6107 silly ADD node_modules/path-parse
6108 silly ADD node_modules/path-key
6109 silly ADD node_modules/path-is-absolute
6110 silly ADD node_modules/path-exists
6111 silly ADD node_modules/pascal-case
6112 silly ADD node_modules/parseurl
6113 silly ADD node_modules/parse5
6114 silly ADD node_modules/parse-json
6115 silly ADD node_modules/parent-module
6116 silly ADD node_modules/param-case
6117 silly ADD node_modules/package-json-from-dist
6118 silly ADD node_modules/p-try
6119 silly ADD node_modules/p-retry
6120 silly ADD node_modules/p-locate
6121 silly ADD node_modules/p-limit
6122 silly ADD node_modules/own-keys
6123 silly ADD node_modules/optionator
6124 silly ADD node_modules/open
6125 silly ADD node_modules/onetime
6126 silly ADD node_modules/once
6127 silly ADD node_modules/on-headers
6128 silly ADD node_modules/on-finished
6129 silly ADD node_modules/obuf
6130 silly ADD node_modules/object.values
6131 silly ADD node_modules/object.groupby
6132 silly ADD node_modules/object.getownpropertydescriptors
6133 silly ADD node_modules/object.fromentries
6134 silly ADD node_modules/object.entries
6135 silly ADD node_modules/object.assign
6136 silly ADD node_modules/object-keys
6137 silly ADD node_modules/object-inspect
6138 silly ADD node_modules/object-hash
6139 silly ADD node_modules/object-assign
6140 silly ADD node_modules/nwsapi
6141 silly ADD node_modules/nth-check
6142 silly ADD node_modules/npm-run-path
6143 silly ADD node_modules/normalize.css
6144 silly ADD node_modules/normalize-url
6145 silly ADD node_modules/normalize-range
6146 silly ADD node_modules/normalize-path
6147 silly ADD node_modules/node-releases
6148 silly ADD node_modules/node-int64
6149 silly ADD node_modules/node-forge
6150 silly ADD node_modules/no-case
6151 silly ADD node_modules/neo-async
6152 silly ADD node_modules/negotiator
6153 silly ADD node_modules/natural-compare-lite
6154 silly ADD node_modules/natural-compare
6155 silly ADD node_modules/nanoid
6156 silly ADD node_modules/mz
6157 silly ADD node_modules/multicast-dns
6158 silly ADD node_modules/ms
6159 silly ADD node_modules/mkdirp
6160 silly ADD node_modules/minipass
6161 silly ADD node_modules/minimist
6162 silly ADD node_modules/minimatch
6163 silly ADD node_modules/minimalistic-assert
6164 silly ADD node_modules/mini-css-extract-plugin
6165 silly ADD node_modules/min-indent
6166 silly ADD node_modules/mimic-fn
6167 silly ADD node_modules/mime-types
6168 silly ADD node_modules/mime-db
6169 silly ADD node_modules/mime
6170 silly ADD node_modules/milligram
6171 silly ADD node_modules/micromatch
6172 silly ADD node_modules/methods
6173 silly ADD node_modules/merge2
6174 silly ADD node_modules/merge-stream
6175 silly ADD node_modules/merge-descriptors
6176 silly ADD node_modules/memfs
6177 silly ADD node_modules/media-typer
6178 silly ADD node_modules/mdn-data
6179 silly ADD node_modules/math-intrinsics
6180 silly ADD node_modules/makeerror
6181 silly ADD node_modules/make-dir
6182 silly ADD node_modules/make-dir/node_modules/semver
6183 silly ADD node_modules/magic-string
6184 silly ADD node_modules/lz-string
6185 silly ADD node_modules/lru-cache
6186 silly ADD node_modules/lower-case
6187 silly ADD node_modules/loose-envify
6188 silly ADD node_modules/lodash.uniq
6189 silly ADD node_modules/lodash.sortby
6190 silly ADD node_modules/lodash.merge
6191 silly ADD node_modules/lodash.memoize
6192 silly ADD node_modules/lodash.debounce
6193 silly ADD node_modules/lodash
6194 silly ADD node_modules/locate-path
6195 silly ADD node_modules/loader-utils
6196 silly ADD node_modules/loader-runner
6197 silly ADD node_modules/lines-and-columns
6198 silly ADD node_modules/lilconfig
6199 silly ADD node_modules/levn
6200 silly ADD node_modules/leven
6201 silly ADD node_modules/launch-editor
6202 silly ADD node_modules/language-tags
6203 silly ADD node_modules/language-subtag-registry
6204 silly ADD node_modules/klona
6205 silly ADD node_modules/kleur
6206 silly ADD node_modules/kind-of
6207 silly ADD node_modules/keyv
6208 silly ADD node_modules/jsx-ast-utils
6209 silly ADD node_modules/jsonpointer
6210 silly ADD node_modules/jsonpath
6211 silly ADD node_modules/jsonpath/node_modules/esprima
6212 silly ADD node_modules/jsonfile
6213 silly ADD node_modules/json5
6214 silly ADD node_modules/json-stable-stringify-without-jsonify
6215 silly ADD node_modules/json-schema-traverse
6216 silly ADD node_modules/json-schema
6217 silly ADD node_modules/json-parse-even-better-errors
6218 silly ADD node_modules/json-buffer
6219 silly ADD node_modules/jsesc
6220 silly ADD node_modules/jsdom
6221 silly ADD node_modules/js-yaml
6222 silly ADD node_modules/js-tokens
6223 silly ADD node_modules/jiti
6224 silly ADD node_modules/jest-worker
6225 silly ADD node_modules/jest-worker/node_modules/supports-color
6226 silly ADD node_modules/jest-watcher
6227 silly ADD node_modules/jest-watch-typeahead
6228 silly ADD node_modules/jest-watch-typeahead/node_modules/strip-ansi
6229 silly ADD node_modules/jest-watch-typeahead/node_modules/strip-ansi/node_modules/ansi-regex
6230 silly ADD node_modules/jest-watch-typeahead/node_modules/string-length
6231 silly ADD node_modules/jest-watch-typeahead/node_modules/string-length/node_modules/char-regex
6232 silly ADD node_modules/jest-watch-typeahead/node_modules/slash
6233 silly ADD node_modules/jest-watch-typeahead/node_modules/react-is
6234 silly ADD node_modules/jest-watch-typeahead/node_modules/pretty-format
6235 silly ADD node_modules/jest-watch-typeahead/node_modules/jest-watcher
6236 silly ADD node_modules/jest-watch-typeahead/node_modules/jest-watcher/node_modules/strip-ansi
6237 silly ADD node_modules/jest-watch-typeahead/node_modules/jest-watcher/node_modules/string-length
6238 silly ADD node_modules/jest-watch-typeahead/node_modules/jest-util
6239 silly ADD node_modules/jest-watch-typeahead/node_modules/jest-regex-util
6240 silly ADD node_modules/jest-watch-typeahead/node_modules/jest-message-util
6241 silly ADD node_modules/jest-watch-typeahead/node_modules/jest-message-util/node_modules/slash
6242 silly ADD node_modules/jest-watch-typeahead/node_modules/emittery
6243 silly ADD node_modules/jest-watch-typeahead/node_modules/ansi-styles
6244 silly ADD node_modules/jest-watch-typeahead/node_modules/@types/yargs
6245 silly ADD node_modules/jest-watch-typeahead/node_modules/@jest/types
6246 silly ADD node_modules/jest-watch-typeahead/node_modules/@jest/test-result
6247 silly ADD node_modules/jest-watch-typeahead/node_modules/@jest/console
6248 silly ADD node_modules/jest-watch-typeahead/node_modules/@jest/console/node_modules/slash
6249 silly ADD node_modules/jest-validate
6250 silly ADD node_modules/jest-util
6251 silly ADD node_modules/jest-snapshot
6252 silly ADD node_modules/jest-serializer
6253 silly ADD node_modules/jest-runtime
6254 silly ADD node_modules/jest-runner
6255 silly ADD node_modules/jest-resolve-dependencies
6256 silly ADD node_modules/jest-resolve
6257 silly ADD node_modules/jest-regex-util
6258 silly ADD node_modules/jest-pnp-resolver
6259 silly ADD node_modules/jest-mock
6260 silly ADD node_modules/jest-message-util
6261 silly ADD node_modules/jest-matcher-utils
6262 silly ADD node_modules/jest-leak-detector
6263 silly ADD node_modules/jest-jasmine2
6264 silly ADD node_modules/jest-haste-map
6265 silly ADD node_modules/jest-get-type
6266 silly ADD node_modules/jest-environment-node
6267 silly ADD node_modules/jest-environment-jsdom
6268 silly ADD node_modules/jest-each
6269 silly ADD node_modules/jest-docblock
6270 silly ADD node_modules/jest-diff
6271 silly ADD node_modules/jest-config
6272 silly ADD node_modules/jest-cli
6273 silly ADD node_modules/jest-circus
6274 silly ADD node_modules/jest-changed-files
6275 silly ADD node_modules/jest
6276 silly ADD node_modules/jake
6277 silly ADD node_modules/jackspeak
6278 silly ADD node_modules/iterator.prototype
6279 silly ADD node_modules/istanbul-reports
6280 silly ADD node_modules/istanbul-lib-source-maps
6281 silly ADD node_modules/istanbul-lib-source-maps/node_modules/source-map
6282 silly ADD node_modules/istanbul-lib-report
6283 silly ADD node_modules/istanbul-lib-report/node_modules/make-dir
6284 silly ADD node_modules/istanbul-lib-instrument
6285 silly ADD node_modules/istanbul-lib-instrument/node_modules/semver
6286 silly ADD node_modules/istanbul-lib-coverage
6287 silly ADD node_modules/isexe
6288 silly ADD node_modules/isarray
6289 silly ADD node_modules/is-wsl
6290 silly ADD node_modules/is-weakset
6291 silly ADD node_modules/is-weakref
6292 silly ADD node_modules/is-weakmap
6293 silly ADD node_modules/is-typedarray
6294 silly ADD node_modules/is-typed-array
6295 silly ADD node_modules/is-symbol
6296 silly ADD node_modules/is-string
6297 silly ADD node_modules/is-stream
6298 silly ADD node_modules/is-shared-array-buffer
6299 silly ADD node_modules/is-set
6300 silly ADD node_modules/is-root
6301 silly ADD node_modules/is-regexp
6302 silly ADD node_modules/is-regex
6303 silly ADD node_modules/is-potential-custom-element-name
6304 silly ADD node_modules/is-plain-obj
6305 silly ADD node_modules/is-path-inside
6306 silly ADD node_modules/is-obj
6307 silly ADD node_modules/is-number-object
6308 silly ADD node_modules/is-number
6309 silly ADD node_modules/is-module
6310 silly ADD node_modules/is-map
6311 silly ADD node_modules/is-glob
6312 silly ADD node_modules/is-generator-function
6313 silly ADD node_modules/is-generator-fn
6314 silly ADD node_modules/is-fullwidth-code-point
6315 silly ADD node_modules/is-finalizationregistry
6316 silly ADD node_modules/is-extglob
6317 silly ADD node_modules/is-docker
6318 silly ADD node_modules/is-date-object
6319 silly ADD node_modules/is-data-view
6320 silly ADD node_modules/is-core-module
6321 silly ADD node_modules/is-callable
6322 silly ADD node_modules/is-boolean-object
6323 silly ADD node_modules/is-binary-path
6324 silly ADD node_modules/is-bigint
6325 silly ADD node_modules/is-async-function
6326 silly ADD node_modules/is-arrayish
6327 silly ADD node_modules/is-array-buffer
6328 silly ADD node_modules/ipaddr.js
6329 silly ADD node_modules/internal-slot
6330 silly ADD node_modules/ini
6331 silly ADD node_modules/inherits
6332 silly ADD node_modules/inflight
6333 silly ADD node_modules/indent-string
6334 silly ADD node_modules/imurmurhash
6335 silly ADD node_modules/import-local
6336 silly ADD node_modules/import-fresh
6337 silly ADD node_modules/import-fresh/node_modules/resolve-from
6338 silly ADD node_modules/immer
6339 silly ADD node_modules/ignore
6340 silly ADD node_modules/identity-obj-proxy
6341 silly ADD node_modules/idb
6342 silly ADD node_modules/icss-utils
6343 silly ADD node_modules/iconv-lite
6344 silly ADD node_modules/human-signals
6345 silly ADD node_modules/https-proxy-agent
6346 silly ADD node_modules/http-proxy-middleware
6347 silly ADD node_modules/http-proxy-agent
6348 silly ADD node_modules/http-proxy
6349 silly ADD node_modules/http-parser-js
6350 silly ADD node_modules/http-errors
6351 silly ADD node_modules/http-deceiver
6352 silly ADD node_modules/htmlparser2
6353 silly ADD node_modules/html-webpack-plugin
6354 silly ADD node_modules/html-minifier-terser
6355 silly ADD node_modules/html-escaper
6356 silly ADD node_modules/html-entities
6357 silly ADD node_modules/html-encoding-sniffer
6358 silly ADD node_modules/hpack.js
6359 silly ADD node_modules/hpack.js/node_modules/string_decoder
6360 silly ADD node_modules/hpack.js/node_modules/safe-buffer
6361 silly ADD node_modules/hpack.js/node_modules/readable-stream
6362 silly ADD node_modules/hpack.js/node_modules/isarray
6363 silly ADD node_modules/hoopy
6364 silly ADD node_modules/he
6365 silly ADD node_modules/hasown
6366 silly ADD node_modules/has-tostringtag
6367 silly ADD node_modules/has-symbols
6368 silly ADD node_modules/has-proto
6369 silly ADD node_modules/has-property-descriptors
6370 silly ADD node_modules/has-flag
6371 silly ADD node_modules/has-bigints
6372 silly ADD node_modules/harmony-reflect
6373 silly ADD node_modules/handle-thing
6374 silly ADD node_modules/gzip-size
6375 silly ADD node_modules/graphemer
6376 silly ADD node_modules/graceful-fs
6377 silly ADD node_modules/gopd
6378 silly ADD node_modules/globby
6379 silly ADD node_modules/globalthis
6380 silly ADD node_modules/globals
6381 silly ADD node_modules/global-prefix
6382 silly ADD node_modules/global-prefix/node_modules/which
6383 silly ADD node_modules/global-modules
6384 silly ADD node_modules/glob-to-regexp
6385 silly ADD node_modules/glob-parent
6386 silly ADD node_modules/glob
6387 silly ADD node_modules/gh-pages
6388 silly ADD node_modules/gh-pages/node_modules/fs-extra
6389 silly ADD node_modules/gh-pages/node_modules/commander
6390 silly ADD node_modules/get-symbol-description
6391 silly ADD node_modules/get-stream
6392 silly ADD node_modules/get-proto
6393 silly ADD node_modules/get-package-type
6394 silly ADD node_modules/get-own-enumerable-property-symbols
6395 silly ADD node_modules/get-intrinsic
6396 silly ADD node_modules/get-caller-file
6397 silly ADD node_modules/gensync
6398 silly ADD node_modules/functions-have-names
6399 silly ADD node_modules/function.prototype.name
6400 silly ADD node_modules/function-bind
6401 silly ADD
6402 silly ADD node_modules/fs.realpath
6403 silly ADD node_modules/fs-monkey
6404 silly ADD node_modules/fs-extra
6405 silly ADD node_modules/fresh
6406 silly ADD node_modules/fraction.js
6407 silly ADD node_modules/forwarded
6408 silly ADD node_modules/form-data
6409 silly ADD node_modules/fork-ts-checker-webpack-plugin
6410 silly ADD node_modules/fork-ts-checker-webpack-plugin/node_modules/tapable
6411 silly ADD node_modules/fork-ts-checker-webpack-plugin/node_modules/schema-utils
6412 silly ADD node_modules/fork-ts-checker-webpack-plugin/node_modules/fs-extra
6413 silly ADD node_modules/fork-ts-checker-webpack-plugin/node_modules/cosmiconfig
6414 silly ADD node_modules/foreground-child
6415 silly ADD node_modules/foreground-child/node_modules/signal-exit
6416 silly ADD node_modules/for-each
6417 silly ADD node_modules/follow-redirects
6418 silly ADD node_modules/flatted
6419 silly ADD node_modules/flat-cache
6420 silly ADD node_modules/find-up
6421 silly ADD node_modules/find-cache-dir
6422 silly ADD node_modules/finalhandler
6423 silly ADD node_modules/finalhandler/node_modules/ms
6424 silly ADD node_modules/finalhandler/node_modules/debug
6425 silly ADD node_modules/fill-range
6426 silly ADD node_modules/filesize
6427 silly ADD node_modules/filenamify
6428 silly ADD node_modules/filename-reserved-regex
6429 silly ADD node_modules/filelist
6430 silly ADD node_modules/filelist/node_modules/minimatch
6431 silly ADD node_modules/filelist/node_modules/brace-expansion
6432 silly ADD node_modules/file-loader
6433 silly ADD node_modules/file-loader/node_modules/schema-utils
6434 silly ADD node_modules/file-entry-cache
6435 silly ADD node_modules/fb-watchman
6436 silly ADD node_modules/faye-websocket
6437 silly ADD node_modules/fastq
6438 silly ADD node_modules/fast-uri
6439 silly ADD node_modules/fast-levenshtein
6440 silly ADD node_modules/fast-json-stable-stringify
6441 silly ADD node_modules/fast-glob
6442 silly ADD node_modules/fast-glob/node_modules/glob-parent
6443 silly ADD node_modules/fast-deep-equal
6444 silly ADD node_modules/express
6445 silly ADD node_modules/express/node_modules/ms
6446 silly ADD node_modules/express/node_modules/debug
6447 silly ADD node_modules/expect
6448 silly ADD node_modules/exit
6449 silly ADD node_modules/execa
6450 silly ADD node_modules/events
6451 silly ADD node_modules/eventemitter3
6452 silly ADD node_modules/etag
6453 silly ADD node_modules/esutils
6454 silly ADD node_modules/estree-walker
6455 silly ADD node_modules/estraverse
6456 silly ADD node_modules/esrecurse
6457 silly ADD node_modules/esquery
6458 silly ADD node_modules/esprima
6459 silly ADD node_modules/espree
6460 silly ADD node_modules/eslint-webpack-plugin
6461 silly ADD node_modules/eslint-webpack-plugin/node_modules/supports-color
6462 silly ADD node_modules/eslint-webpack-plugin/node_modules/jest-worker
6463 silly ADD node_modules/eslint-visitor-keys
6464 silly ADD node_modules/eslint-scope
6465 silly ADD node_modules/eslint-plugin-testing-library
6466 silly ADD node_modules/eslint-plugin-react-hooks
6467 silly ADD node_modules/eslint-plugin-react
6468 silly ADD node_modules/eslint-plugin-react/node_modules/semver
6469 silly ADD node_modules/eslint-plugin-react/node_modules/resolve
6470 silly ADD node_modules/eslint-plugin-react/node_modules/doctrine
6471 silly ADD node_modules/eslint-plugin-jsx-a11y
6472 silly ADD node_modules/eslint-plugin-jest
6473 silly ADD node_modules/eslint-plugin-import
6474 silly ADD node_modules/eslint-plugin-import/node_modules/semver
6475 silly ADD node_modules/eslint-plugin-import/node_modules/doctrine
6476 silly ADD node_modules/eslint-plugin-import/node_modules/debug
6477 silly ADD node_modules/eslint-plugin-flowtype
6478 silly ADD node_modules/eslint-module-utils
6479 silly ADD node_modules/eslint-module-utils/node_modules/debug
6480 silly ADD node_modules/eslint-import-resolver-node
6481 silly ADD node_modules/eslint-import-resolver-node/node_modules/debug
6482 silly ADD node_modules/eslint-config-react-app
6483 silly ADD node_modules/eslint
6484 silly ADD node_modules/eslint/node_modules/type-fest
6485 silly ADD node_modules/eslint/node_modules/p-locate
6486 silly ADD node_modules/eslint/node_modules/p-limit
6487 silly ADD node_modules/eslint/node_modules/locate-path
6488 silly ADD node_modules/eslint/node_modules/js-yaml
6489 silly ADD node_modules/eslint/node_modules/globals
6490 silly ADD node_modules/eslint/node_modules/find-up
6491 silly ADD node_modules/eslint/node_modules/argparse
6492 silly ADD node_modules/escodegen
6493 silly ADD node_modules/escodegen/node_modules/source-map
6494 silly ADD node_modules/escape-string-regexp
6495 silly ADD node_modules/escape-html
6496 silly ADD node_modules/escalade
6497 silly ADD node_modules/es-to-primitive
6498 silly ADD node_modules/es-shim-unscopables
6499 silly ADD node_modules/es-set-tostringtag
6500 silly ADD node_modules/es-object-atoms
6501 silly ADD node_modules/es-module-lexer
6502 silly ADD node_modules/es-iterator-helpers
6503 silly ADD node_modules/es-errors
6504 silly ADD node_modules/es-define-property
6505 silly ADD node_modules/es-array-method-boxes-properly
6506 silly ADD node_modules/es-abstract
6507 silly ADD node_modules/error-stack-parser
6508 silly ADD node_modules/error-ex
6509 silly ADD node_modules/entities
6510 silly ADD node_modules/enhanced-resolve
6511 silly ADD node_modules/encodeurl
6512 silly ADD node_modules/emojis-list
6513 silly ADD node_modules/emoji-regex
6514 silly ADD node_modules/emittery
6515 silly ADD node_modules/email-addresses
6516 silly ADD node_modules/electron-to-chromium
6517 silly ADD node_modules/ejs
6518 silly ADD node_modules/ee-first
6519 silly ADD node_modules/eastasianwidth
6520 silly ADD node_modules/duplexer
6521 silly ADD node_modules/dunder-proto
6522 silly ADD node_modules/dotenv-expand
6523 silly ADD node_modules/dotenv
6524 silly ADD node_modules/dot-case
6525 silly ADD node_modules/domutils
6526 silly ADD node_modules/domhandler
6527 silly ADD node_modules/domexception
6528 silly ADD node_modules/domexception/node_modules/webidl-conversions
6529 silly ADD node_modules/domelementtype
6530 silly ADD node_modules/dom-serializer
6531 silly ADD node_modules/dom-converter
6532 silly ADD node_modules/dom-accessibility-api
6533 silly ADD node_modules/doctrine
6534 silly ADD node_modules/dns-packet
6535 silly ADD node_modules/dlv
6536 silly ADD node_modules/dir-glob
6537 silly ADD node_modules/diff-sequences
6538 silly ADD node_modules/didyoumean
6539 silly ADD node_modules/detect-port-alt
6540 silly ADD node_modules/detect-port-alt/node_modules/ms
6541 silly ADD node_modules/detect-port-alt/node_modules/debug
6542 silly ADD node_modules/detect-node
6543 silly ADD node_modules/detect-newline
6544 silly ADD node_modules/destroy
6545 silly ADD node_modules/dequal
6546 silly ADD node_modules/depd
6547 silly ADD node_modules/delayed-stream
6548 silly ADD node_modules/define-properties
6549 silly ADD node_modules/define-lazy-prop
6550 silly ADD node_modules/define-data-property
6551 silly ADD node_modules/default-gateway
6552 silly ADD node_modules/deepmerge
6553 silly ADD node_modules/deep-is
6554 silly ADD node_modules/dedent
6555 silly ADD node_modules/decimal.js
6556 silly ADD node_modules/debug
6557 silly ADD node_modules/data-view-byte-offset
6558 silly ADD node_modules/data-view-byte-length
6559 silly ADD node_modules/data-view-buffer
6560 silly ADD node_modules/data-urls
6561 silly ADD node_modules/damerau-levenshtein
6562 silly ADD node_modules/cssstyle
6563 silly ADD node_modules/cssstyle/node_modules/cssom
6564 silly ADD node_modules/cssom
6565 silly ADD node_modules/csso
6566 silly ADD node_modules/csso/node_modules/source-map
6567 silly ADD node_modules/csso/node_modules/mdn-data
6568 silly ADD node_modules/csso/node_modules/css-tree
6569 silly ADD node_modules/cssnano-utils
6570 silly ADD node_modules/cssnano-preset-default
6571 silly ADD node_modules/cssnano
6572 silly ADD node_modules/cssesc
6573 silly ADD node_modules/cssdb
6574 silly ADD node_modules/css.escape
6575 silly ADD node_modules/css-what
6576 silly ADD node_modules/css-tree
6577 silly ADD node_modules/css-tree/node_modules/source-map
6578 silly ADD node_modules/css-select-base-adapter
6579 silly ADD node_modules/css-select
6580 silly ADD node_modules/css-prefers-color-scheme
6581 silly ADD node_modules/css-minimizer-webpack-plugin
6582 silly ADD node_modules/css-minimizer-webpack-plugin/node_modules/source-map
6583 silly ADD node_modules/css-loader
6584 silly ADD node_modules/css-has-pseudo
6585 silly ADD node_modules/css-declaration-sorter
6586 silly ADD node_modules/css-blank-pseudo
6587 silly ADD node_modules/crypto-random-string
6588 silly ADD node_modules/cross-spawn
6589 silly ADD node_modules/cosmiconfig
6590 silly ADD node_modules/core-util-is
6591 silly ADD node_modules/core-js-pure
6592 silly ADD node_modules/core-js-compat
6593 silly ADD node_modules/core-js
6594 silly ADD node_modules/cookie-signature
6595 silly ADD node_modules/cookie
6596 silly ADD node_modules/convert-source-map
6597 silly ADD node_modules/content-type
6598 silly ADD node_modules/content-disposition
6599 silly ADD node_modules/connect-history-api-fallback
6600 silly ADD node_modules/confusing-browser-globals
6601 silly ADD node_modules/concat-map
6602 silly ADD node_modules/compression
6603 silly ADD node_modules/compression/node_modules/ms
6604 silly ADD node_modules/compression/node_modules/debug
6605 silly ADD node_modules/compressible
6606 silly ADD node_modules/commondir
6607 silly ADD node_modules/common-tags
6608 silly ADD node_modules/commander
6609 silly ADD node_modules/combined-stream
6610 silly ADD node_modules/colorette
6611 silly ADD node_modules/colord
6612 silly ADD node_modules/color-name
6613 silly ADD node_modules/color-convert
6614 silly ADD node_modules/collect-v8-coverage
6615 silly ADD node_modules/coa
6616 silly ADD node_modules/coa/node_modules/supports-color
6617 silly ADD node_modules/coa/node_modules/has-flag
6618 silly ADD node_modules/coa/node_modules/escape-string-regexp
6619 silly ADD node_modules/coa/node_modules/color-name
6620 silly ADD node_modules/coa/node_modules/color-convert
6621 silly ADD node_modules/coa/node_modules/chalk
6622 silly ADD node_modules/coa/node_modules/ansi-styles
6623 silly ADD node_modules/co
6624 silly ADD node_modules/cliui
6625 silly ADD node_modules/clean-css
6626 silly ADD node_modules/clean-css/node_modules/source-map
6627 silly ADD node_modules/cjs-module-lexer
6628 silly ADD node_modules/ci-info
6629 silly ADD node_modules/chrome-trace-event
6630 silly ADD node_modules/chokidar
6631 silly ADD node_modules/chokidar/node_modules/glob-parent
6632 silly ADD node_modules/check-types
6633 silly ADD node_modules/char-regex
6634 silly ADD node_modules/chalk
6635 silly ADD node_modules/case-sensitive-paths-webpack-plugin
6636 silly ADD node_modules/caniuse-lite
6637 silly ADD node_modules/caniuse-api
6638 silly ADD node_modules/camelcase-css
6639 silly ADD node_modules/camelcase
6640 silly ADD node_modules/camel-case
6641 silly ADD node_modules/callsites
6642 silly ADD node_modules/call-bound
6643 silly ADD node_modules/call-bind-apply-helpers
6644 silly ADD node_modules/call-bind
6645 silly ADD node_modules/bytes
6646 silly ADD node_modules/builtin-modules
6647 silly ADD node_modules/buffer-from
6648 silly ADD node_modules/bser
6649 silly ADD node_modules/browserslist
6650 silly ADD node_modules/browser-process-hrtime
6651 silly ADD node_modules/braces
6652 silly ADD node_modules/brace-expansion
6653 silly ADD node_modules/boolbase
6654 silly ADD node_modules/bonjour-service
6655 silly ADD node_modules/body-parser
6656 silly ADD node_modules/body-parser/node_modules/ms
6657 silly ADD node_modules/body-parser/node_modules/iconv-lite
6658 silly ADD node_modules/body-parser/node_modules/debug
6659 silly ADD node_modules/bluebird
6660 silly ADD node_modules/binary-extensions
6661 silly ADD node_modules/big.js
6662 silly ADD node_modules/bfj
6663 silly ADD node_modules/batch
6664 silly ADD node_modules/balanced-match
6665 silly ADD node_modules/babel-preset-react-app
6666 silly ADD node_modules/babel-preset-react-app/node_modules/@babel/plugin-proposal-private-property-in-object
6667 silly ADD node_modules/babel-preset-jest
6668 silly ADD node_modules/babel-preset-current-node-syntax
6669 silly ADD node_modules/babel-plugin-transform-react-remove-prop-types
6670 silly ADD node_modules/babel-plugin-polyfill-regenerator
6671 silly ADD node_modules/babel-plugin-polyfill-corejs3
6672 silly ADD node_modules/babel-plugin-polyfill-corejs2
6673 silly ADD node_modules/babel-plugin-polyfill-corejs2/node_modules/semver
6674 silly ADD node_modules/babel-plugin-named-asset-import
6675 silly ADD node_modules/babel-plugin-macros
6676 silly ADD node_modules/babel-plugin-jest-hoist
6677 silly ADD node_modules/babel-plugin-istanbul
6678 silly ADD node_modules/babel-loader
6679 silly ADD node_modules/babel-loader/node_modules/schema-utils
6680 silly ADD node_modules/babel-jest
6681 silly ADD node_modules/axobject-query
6682 silly ADD node_modules/axe-core
6683 silly ADD node_modules/available-typed-arrays
6684 silly ADD node_modules/autoprefixer
6685 silly ADD node_modules/at-least-node
6686 silly ADD node_modules/asynckit
6687 silly ADD node_modules/async-function
6688 silly ADD node_modules/async
6689 silly ADD node_modules/ast-types-flow
6690 silly ADD node_modules/asap
6691 silly ADD node_modules/arraybuffer.prototype.slice
6692 silly ADD node_modules/array.prototype.tosorted
6693 silly ADD node_modules/array.prototype.reduce
6694 silly ADD node_modules/array.prototype.flatmap
6695 silly ADD node_modules/array.prototype.flat
6696 silly ADD node_modules/array.prototype.findlastindex
6697 silly ADD node_modules/array.prototype.findlast
6698 silly ADD node_modules/array-union
6699 silly ADD node_modules/array-includes
6700 silly ADD node_modules/array-flatten
6701 silly ADD node_modules/array-buffer-byte-length
6702 silly ADD node_modules/aria-query
6703 silly ADD node_modules/argparse
6704 silly ADD node_modules/arg
6705 silly ADD node_modules/anymatch
6706 silly ADD node_modules/any-promise
6707 silly ADD node_modules/ansi-styles
6708 silly ADD node_modules/ansi-regex
6709 silly ADD node_modules/ansi-html-community
6710 silly ADD node_modules/ansi-html
6711 silly ADD node_modules/ansi-escapes
6712 silly ADD node_modules/ajv-keywords
6713 silly ADD node_modules/ajv-formats
6714 silly ADD node_modules/ajv-formats/node_modules/json-schema-traverse
6715 silly ADD node_modules/ajv-formats/node_modules/ajv
6716 silly ADD node_modules/ajv
6717 silly ADD node_modules/agent-base
6718 silly ADD node_modules/adjust-sourcemap-loader
6719 silly ADD node_modules/address
6720 silly ADD node_modules/acorn-walk
6721 silly ADD node_modules/acorn-jsx
6722 silly ADD node_modules/acorn-globals
6723 silly ADD node_modules/acorn-globals/node_modules/acorn
6724 silly ADD node_modules/acorn
6725 silly ADD node_modules/accepts
6726 silly ADD node_modules/accepts/node_modules/negotiator
6727 silly ADD node_modules/abab
6728 silly ADD node_modules/@xtuc/long
6729 silly ADD node_modules/@xtuc/ieee754
6730 silly ADD node_modules/@webassemblyjs/wast-printer
6731 silly ADD node_modules/@webassemblyjs/wasm-parser
6732 silly ADD node_modules/@webassemblyjs/wasm-opt
6733 silly ADD node_modules/@webassemblyjs/wasm-gen
6734 silly ADD node_modules/@webassemblyjs/wasm-edit
6735 silly ADD node_modules/@webassemblyjs/utf8
6736 silly ADD node_modules/@webassemblyjs/leb128
6737 silly ADD node_modules/@webassemblyjs/ieee754
6738 silly ADD node_modules/@webassemblyjs/helper-wasm-section
6739 silly ADD node_modules/@webassemblyjs/helper-wasm-bytecode
6740 silly ADD node_modules/@webassemblyjs/helper-numbers
6741 silly ADD node_modules/@webassemblyjs/helper-buffer
6742 silly ADD node_modules/@webassemblyjs/helper-api-error
6743 silly ADD node_modules/@webassemblyjs/floating-point-hex-parser
6744 silly ADD node_modules/@webassemblyjs/ast
6745 silly ADD node_modules/@ungap/structured-clone
6746 silly ADD node_modules/@typescript-eslint/visitor-keys
6747 silly ADD node_modules/@typescript-eslint/utils
6748 silly ADD node_modules/@typescript-eslint/utils/node_modules/estraverse
6749 silly ADD node_modules/@typescript-eslint/utils/node_modules/eslint-scope
6750 silly ADD node_modules/@typescript-eslint/typescript-estree
6751 silly ADD node_modules/@typescript-eslint/types
6752 silly ADD node_modules/@typescript-eslint/type-utils
6753 silly ADD node_modules/@typescript-eslint/scope-manager
6754 silly ADD node_modules/@typescript-eslint/parser
6755 silly ADD node_modules/@typescript-eslint/experimental-utils
6756 silly ADD node_modules/@typescript-eslint/eslint-plugin
6757 silly ADD node_modules/@types/yargs-parser
6758 silly ADD node_modules/@types/yargs
6759 silly ADD node_modules/@types/ws
6760 silly ADD node_modules/@types/trusted-types
6761 silly ADD node_modules/@types/stack-utils
6762 silly ADD node_modules/@types/sockjs
6763 silly ADD node_modules/@types/serve-static
6764 silly ADD node_modules/@types/serve-index
6765 silly ADD node_modules/@types/send
6766 silly ADD node_modules/@types/semver
6767 silly ADD node_modules/@types/retry
6768 silly ADD node_modules/@types/resolve
6769 silly ADD node_modules/@types/range-parser
6770 silly ADD node_modules/@types/qs
6771 silly ADD node_modules/@types/q
6772 silly ADD node_modules/@types/prettier
6773 silly ADD node_modules/@types/parse-json
6774 silly ADD node_modules/@types/node-forge
6775 silly ADD node_modules/@types/node
6776 silly ADD node_modules/@types/mime
6777 silly ADD node_modules/@types/json5
6778 silly ADD node_modules/@types/json-schema
6779 silly ADD node_modules/@types/istanbul-reports
6780 silly ADD node_modules/@types/istanbul-lib-report
6781 silly ADD node_modules/@types/istanbul-lib-coverage
6782 silly ADD node_modules/@types/http-proxy
6783 silly ADD node_modules/@types/http-errors
6784 silly ADD node_modules/@types/html-minifier-terser
6785 silly ADD node_modules/@types/graceful-fs
6786 silly ADD node_modules/@types/express-serve-static-core
6787 silly ADD node_modules/@types/express
6788 silly ADD node_modules/@types/express/node_modules/@types/express-serve-static-core
6789 silly ADD node_modules/@types/estree
6790 silly ADD node_modules/@types/eslint-scope
6791 silly ADD node_modules/@types/eslint
6792 silly ADD node_modules/@types/connect-history-api-fallback
6793 silly ADD node_modules/@types/connect
6794 silly ADD node_modules/@types/bonjour
6795 silly ADD node_modules/@types/body-parser
6796 silly ADD node_modules/@types/babel__traverse
6797 silly ADD node_modules/@types/babel__template
6798 silly ADD node_modules/@types/babel__generator
6799 silly ADD node_modules/@types/babel__core
6800 silly ADD node_modules/@types/aria-query
6801 silly ADD node_modules/@trysound/sax
6802 silly ADD node_modules/@tootallnate/once
6803 silly ADD node_modules/@testing-library/user-event
6804 silly ADD node_modules/@testing-library/react
6805 silly ADD node_modules/@testing-library/jest-dom
6806 silly ADD node_modules/@testing-library/jest-dom/node_modules/dom-accessibility-api
6807 silly ADD node_modules/@testing-library/jest-dom/node_modules/chalk
6808 silly ADD node_modules/@testing-library/dom
6809 silly ADD node_modules/@testing-library/dom/node_modules/aria-query
6810 silly ADD node_modules/@svgr/webpack
6811 silly ADD node_modules/@svgr/plugin-svgo
6812 silly ADD node_modules/@svgr/plugin-jsx
6813 silly ADD node_modules/@svgr/hast-util-to-babel-ast
6814 silly ADD node_modules/@svgr/core
6815 silly ADD node_modules/@svgr/babel-preset
6816 silly ADD node_modules/@svgr/babel-plugin-transform-svg-component
6817 silly ADD node_modules/@svgr/babel-plugin-transform-react-native-svg
6818 silly ADD node_modules/@svgr/babel-plugin-svg-em-dimensions
6819 silly ADD node_modules/@svgr/babel-plugin-svg-dynamic-title
6820 silly ADD node_modules/@svgr/babel-plugin-replace-jsx-attribute-value
6821 silly ADD node_modules/@svgr/babel-plugin-remove-jsx-empty-expression
6822 silly ADD node_modules/@svgr/babel-plugin-remove-jsx-attribute
6823 silly ADD node_modules/@svgr/babel-plugin-add-jsx-attribute
6824 silly ADD node_modules/@surma/rollup-plugin-off-main-thread
6825 silly ADD node_modules/@sinonjs/fake-timers
6826 silly ADD node_modules/@sinonjs/commons
6827 silly ADD node_modules/@sinclair/typebox
6828 silly ADD node_modules/@rushstack/eslint-patch
6829 silly ADD node_modules/@rtsao/scc
6830 silly ADD node_modules/@rollup/pluginutils
6831 silly ADD node_modules/@rollup/pluginutils/node_modules/@types/estree
6832 silly ADD node_modules/@rollup/plugin-replace
6833 silly ADD node_modules/@rollup/plugin-node-resolve
6834 silly ADD node_modules/@rollup/plugin-babel
6835 silly ADD node_modules/@pmmmwh/react-refresh-webpack-plugin
6836 silly ADD node_modules/@pkgjs/parseargs
6837 silly ADD node_modules/@nodelib/fs.walk
6838 silly ADD node_modules/@nodelib/fs.stat
6839 silly ADD node_modules/@nodelib/fs.scandir
6840 silly ADD node_modules/@nicolo-ribaudo/eslint-scope-5-internals
6841 silly ADD node_modules/@nicolo-ribaudo/eslint-scope-5-internals/node_modules/estraverse
6842 silly ADD node_modules/@nicolo-ribaudo/eslint-scope-5-internals/node_modules/eslint-scope
6843 silly ADD node_modules/@leichtgewicht/ip-codec
6844 silly ADD node_modules/@jridgewell/trace-mapping
6845 silly ADD node_modules/@jridgewell/sourcemap-codec
6846 silly ADD node_modules/@jridgewell/source-map
6847 silly ADD node_modules/@jridgewell/set-array
6848 silly ADD node_modules/@jridgewell/resolve-uri
6849 silly ADD node_modules/@jridgewell/gen-mapping
6850 silly ADD node_modules/@jest/types
6851 silly ADD node_modules/@jest/transform
6852 silly ADD node_modules/@jest/transform/node_modules/source-map
6853 silly ADD node_modules/@jest/transform/node_modules/convert-source-map
6854 silly ADD node_modules/@jest/test-sequencer
6855 silly ADD node_modules/@jest/test-result
6856 silly ADD node_modules/@jest/source-map
6857 silly ADD node_modules/@jest/source-map/node_modules/source-map
6858 silly ADD node_modules/@jest/schemas
6859 silly ADD node_modules/@jest/reporters
6860 silly ADD node_modules/@jest/reporters/node_modules/source-map
6861 silly ADD node_modules/@jest/globals
6862 silly ADD node_modules/@jest/fake-timers
6863 silly ADD node_modules/@jest/environment
6864 silly ADD node_modules/@jest/core
6865 silly ADD node_modules/@jest/console
6866 silly ADD node_modules/@istanbuljs/schema
6867 silly ADD node_modules/@istanbuljs/load-nyc-config
6868 silly ADD node_modules/@istanbuljs/load-nyc-config/node_modules/camelcase
6869 silly ADD node_modules/@isaacs/cliui
6870 silly ADD node_modules/@isaacs/cliui/node_modules/wrap-ansi
6871 silly ADD node_modules/@isaacs/cliui/node_modules/strip-ansi
6872 silly ADD node_modules/@isaacs/cliui/node_modules/string-width
6873 silly ADD node_modules/@isaacs/cliui/node_modules/ansi-styles
6874 silly ADD node_modules/@isaacs/cliui/node_modules/ansi-regex
6875 silly ADD node_modules/@humanwhocodes/object-schema
6876 silly ADD node_modules/@humanwhocodes/module-importer
6877 silly ADD node_modules/@humanwhocodes/config-array
6878 silly ADD node_modules/@eslint/js
6879 silly ADD node_modules/@eslint/eslintrc
6880 silly ADD node_modules/@eslint/eslintrc/node_modules/type-fest
6881 silly ADD node_modules/@eslint/eslintrc/node_modules/js-yaml
6882 silly ADD node_modules/@eslint/eslintrc/node_modules/globals
6883 silly ADD node_modules/@eslint/eslintrc/node_modules/argparse
6884 silly ADD node_modules/@eslint-community/regexpp
6885 silly ADD node_modules/@eslint-community/eslint-utils
6886 silly ADD node_modules/@csstools/selector-specificity
6887 silly ADD node_modules/@csstools/postcss-unset-value
6888 silly ADD node_modules/@csstools/postcss-trigonometric-functions
6889 silly ADD node_modules/@csstools/postcss-text-decoration-shorthand
6890 silly ADD node_modules/@csstools/postcss-stepped-value-functions
6891 silly ADD node_modules/@csstools/postcss-progressive-custom-properties
6892 silly ADD node_modules/@csstools/postcss-oklab-function
6893 silly ADD node_modules/@csstools/postcss-normalize-display-values
6894 silly ADD node_modules/@csstools/postcss-nested-calc
6895 silly ADD node_modules/@csstools/postcss-is-pseudo-class
6896 silly ADD node_modules/@csstools/postcss-ic-unit
6897 silly ADD node_modules/@csstools/postcss-hwb-function
6898 silly ADD node_modules/@csstools/postcss-font-format-keywords
6899 silly ADD node_modules/@csstools/postcss-color-function
6900 silly ADD node_modules/@csstools/postcss-cascade-layers
6901 silly ADD node_modules/@csstools/normalize.css
6902 silly ADD node_modules/@bcoe/v8-coverage
6903 silly ADD node_modules/@babel/types
6904 silly ADD node_modules/@babel/traverse
6905 silly ADD node_modules/@babel/template
6906 silly ADD node_modules/@babel/runtime
6907 silly ADD node_modules/@babel/preset-typescript
6908 silly ADD node_modules/@babel/preset-react
6909 silly ADD node_modules/@babel/preset-modules
6910 silly ADD node_modules/@babel/preset-env
6911 silly ADD node_modules/@babel/preset-env/node_modules/semver
6912 silly ADD node_modules/@babel/plugin-transform-unicode-sets-regex
6913 silly ADD node_modules/@babel/plugin-transform-unicode-regex
6914 silly ADD node_modules/@babel/plugin-transform-unicode-property-regex
6915 silly ADD node_modules/@babel/plugin-transform-unicode-escapes
6916 silly ADD node_modules/@babel/plugin-transform-typescript
6917 silly ADD node_modules/@babel/plugin-transform-typeof-symbol
6918 silly ADD node_modules/@babel/plugin-transform-template-literals
6919 silly ADD node_modules/@babel/plugin-transform-sticky-regex
6920 silly ADD node_modules/@babel/plugin-transform-spread
6921 silly ADD node_modules/@babel/plugin-transform-shorthand-properties
6922 silly ADD node_modules/@babel/plugin-transform-runtime
6923 silly ADD node_modules/@babel/plugin-transform-runtime/node_modules/semver
6924 silly ADD node_modules/@babel/plugin-transform-reserved-words
6925 silly ADD node_modules/@babel/plugin-transform-regexp-modifiers
6926 silly ADD node_modules/@babel/plugin-transform-regenerator
6927 silly ADD node_modules/@babel/plugin-transform-react-pure-annotations
6928 silly ADD node_modules/@babel/plugin-transform-react-jsx-development
6929 silly ADD node_modules/@babel/plugin-transform-react-jsx
6930 silly ADD node_modules/@babel/plugin-transform-react-display-name
6931 silly ADD node_modules/@babel/plugin-transform-react-constant-elements
6932 silly ADD node_modules/@babel/plugin-transform-property-literals
6933 silly ADD node_modules/@babel/plugin-transform-private-property-in-object
6934 silly ADD node_modules/@babel/plugin-transform-private-methods
6935 silly ADD node_modules/@babel/plugin-transform-parameters
6936 silly ADD node_modules/@babel/plugin-transform-optional-chaining
6937 silly ADD node_modules/@babel/plugin-transform-optional-catch-binding
6938 silly ADD node_modules/@babel/plugin-transform-object-super
6939 silly ADD node_modules/@babel/plugin-transform-object-rest-spread
6940 silly ADD node_modules/@babel/plugin-transform-numeric-separator
6941 silly ADD node_modules/@babel/plugin-transform-nullish-coalescing-operator
6942 silly ADD node_modules/@babel/plugin-transform-new-target
6943 silly ADD node_modules/@babel/plugin-transform-named-capturing-groups-regex
6944 silly ADD node_modules/@babel/plugin-transform-modules-umd
6945 silly ADD node_modules/@babel/plugin-transform-modules-systemjs
6946 silly ADD node_modules/@babel/plugin-transform-modules-commonjs
6947 silly ADD node_modules/@babel/plugin-transform-modules-amd
6948 silly ADD node_modules/@babel/plugin-transform-member-expression-literals
6949 silly ADD node_modules/@babel/plugin-transform-logical-assignment-operators
6950 silly ADD node_modules/@babel/plugin-transform-literals
6951 silly ADD node_modules/@babel/plugin-transform-json-strings
6952 silly ADD node_modules/@babel/plugin-transform-function-name
6953 silly ADD node_modules/@babel/plugin-transform-for-of
6954 silly ADD node_modules/@babel/plugin-transform-flow-strip-types
6955 silly ADD node_modules/@babel/plugin-transform-export-namespace-from
6956 silly ADD node_modules/@babel/plugin-transform-exponentiation-operator
6957 silly ADD node_modules/@babel/plugin-transform-dynamic-import
6958 silly ADD node_modules/@babel/plugin-transform-duplicate-named-capturing-groups-regex
6959 silly ADD node_modules/@babel/plugin-transform-duplicate-keys
6960 silly ADD node_modules/@babel/plugin-transform-dotall-regex
6961 silly ADD node_modules/@babel/plugin-transform-destructuring
6962 silly ADD node_modules/@babel/plugin-transform-computed-properties
6963 silly ADD node_modules/@babel/plugin-transform-classes
6964 silly ADD node_modules/@babel/plugin-transform-class-static-block
6965 silly ADD node_modules/@babel/plugin-transform-class-properties
6966 silly ADD node_modules/@babel/plugin-transform-block-scoping
6967 silly ADD node_modules/@babel/plugin-transform-block-scoped-functions
6968 silly ADD node_modules/@babel/plugin-transform-async-to-generator
6969 silly ADD node_modules/@babel/plugin-transform-async-generator-functions
6970 silly ADD node_modules/@babel/plugin-transform-arrow-functions
6971 silly ADD node_modules/@babel/plugin-syntax-unicode-sets-regex
6972 silly ADD node_modules/@babel/plugin-syntax-typescript
6973 silly ADD node_modules/@babel/plugin-syntax-top-level-await
6974 silly ADD node_modules/@babel/plugin-syntax-private-property-in-object
6975 silly ADD node_modules/@babel/plugin-syntax-optional-chaining
6976 silly ADD node_modules/@babel/plugin-syntax-optional-catch-binding
6977 silly ADD node_modules/@babel/plugin-syntax-object-rest-spread
6978 silly ADD node_modules/@babel/plugin-syntax-numeric-separator
6979 silly ADD node_modules/@babel/plugin-syntax-nullish-coalescing-operator
6980 silly ADD node_modules/@babel/plugin-syntax-logical-assignment-operators
6981 silly ADD node_modules/@babel/plugin-syntax-jsx
6982 silly ADD node_modules/@babel/plugin-syntax-json-strings
6983 silly ADD node_modules/@babel/plugin-syntax-import-meta
6984 silly ADD node_modules/@babel/plugin-syntax-import-attributes
6985 silly ADD node_modules/@babel/plugin-syntax-import-assertions
6986 silly ADD node_modules/@babel/plugin-syntax-flow
6987 silly ADD node_modules/@babel/plugin-syntax-decorators
6988 silly ADD node_modules/@babel/plugin-syntax-class-static-block
6989 silly ADD node_modules/@babel/plugin-syntax-class-properties
6990 silly ADD node_modules/@babel/plugin-syntax-bigint
6991 silly ADD node_modules/@babel/plugin-syntax-async-generators
6992 silly ADD node_modules/@babel/plugin-proposal-private-property-in-object
6993 silly ADD node_modules/@babel/plugin-proposal-private-methods
6994 silly ADD node_modules/@babel/plugin-proposal-optional-chaining
6995 silly ADD node_modules/@babel/plugin-proposal-numeric-separator
6996 silly ADD node_modules/@babel/plugin-proposal-nullish-coalescing-operator
6997 silly ADD node_modules/@babel/plugin-proposal-decorators
6998 silly ADD node_modules/@babel/plugin-proposal-class-properties
6999 silly ADD node_modules/@babel/plugin-bugfix-v8-static-class-fields-redefine-readonly
7000 silly ADD node_modules/@babel/plugin-bugfix-v8-spread-parameters-in-optional-chaining
7001 silly ADD node_modules/@babel/plugin-bugfix-safari-id-destructuring-collision-in-function-expression
7002 silly ADD node_modules/@babel/plugin-bugfix-safari-class-field-initializer-scope
7003 silly ADD node_modules/@babel/plugin-bugfix-firefox-class-in-computed-class-key
7004 silly ADD node_modules/@babel/parser
7005 silly ADD node_modules/@babel/helpers
7006 silly ADD node_modules/@babel/helper-wrap-function
7007 silly ADD node_modules/@babel/helper-validator-option
7008 silly ADD node_modules/@babel/helper-validator-identifier
7009 silly ADD node_modules/@babel/helper-string-parser
7010 silly ADD node_modules/@babel/helper-skip-transparent-expression-wrappers
7011 silly ADD node_modules/@babel/helper-replace-supers
7012 silly ADD node_modules/@babel/helper-remap-async-to-generator
7013 silly ADD node_modules/@babel/helper-plugin-utils
7014 silly ADD node_modules/@babel/helper-optimise-call-expression
7015 silly ADD node_modules/@babel/helper-module-transforms
7016 silly ADD node_modules/@babel/helper-module-imports
7017 silly ADD node_modules/@babel/helper-member-expression-to-functions
7018 silly ADD node_modules/@babel/helper-define-polyfill-provider
7019 silly ADD node_modules/@babel/helper-create-regexp-features-plugin
7020 silly ADD node_modules/@babel/helper-create-regexp-features-plugin/node_modules/semver
7021 silly ADD node_modules/@babel/helper-create-class-features-plugin
7022 silly ADD node_modules/@babel/helper-create-class-features-plugin/node_modules/semver
7023 silly ADD node_modules/@babel/helper-compilation-targets
7024 silly ADD node_modules/@babel/helper-compilation-targets/node_modules/semver
7025 silly ADD node_modules/@babel/helper-annotate-as-pure
7026 silly ADD node_modules/@babel/generator
7027 silly ADD node_modules/@babel/eslint-parser
7028 silly ADD node_modules/@babel/eslint-parser/node_modules/semver
7029 silly ADD node_modules/@babel/eslint-parser/node_modules/eslint-visitor-keys
7030 silly ADD node_modules/@babel/core
7031 silly ADD node_modules/@babel/core/node_modules/semver
7032 silly ADD node_modules/@babel/compat-data
7033 silly ADD node_modules/@babel/code-frame
7034 silly ADD node_modules/@ampproject/remapping
7035 silly ADD node_modules/@alloc/quick-lru
7036 silly ADD node_modules/@adobe/css-tools
7037 timing command:install Completed in 21232ms
7038 verbose exit 0
7039 timing npm Completed in 21260ms
7040 info ok
